age,income,loan_amount,loan_tenure,credit_score,existing_loans,employment_type,education,default
46,67612.19594510755,13615.692351995722,60,701,1,Self-employed,Graduate,0
44,32794.34074787712,10685.29933134063,12,828,3,Salaried,Graduate,0
32,44475.13336683854,9788.217395414656,48,347,1,Self-employed,Graduate,0
54,43016.599197877316,16005.565830962212,12,315,0,Business,Graduate,0
37,52001.252759876705,9846.8386461089,24,769,3,Salaried,Graduate,0
57,67681.13500631301,14454.715353973792,60,582,1,Salaried,Graduate,0
44,33982.69626244834,18820.346888897417,60,313,3,Salaried,Post-Graduate,1
27,93760.27018463865,17755.007264530883,48,647,0,Business,Graduate,0
64,29186.33928992706,26502.14206765517,60,666,1,Self-employed,Post-Graduate,0
45,33387.79683718465,22826.907855955782,36,527,1,Salaried,Post-Graduate,0
59,33993.43485781076,17644.091470690222,48,672,0,Business,Graduate,0
63,99202.88417131026,18053.5469271335,24,840,1,Business,Post-Graduate,0
27,82681.40670196645,30684.129714394483,60,839,0,Business,Post-Graduate,0
31,33697.24389667205,8614.816701331598,60,704,1,Self-employed,Graduate,0
43,40785.15088588097,18978.50285691675,48,707,1,Business,Post-Graduate,0
44,48093.54006002113,8099.670042431224,60,359,2,Self-employed,Post-Graduate,0
26,40366.49781188275,21669.402470799505,60,351,3,Salaried,Under-Graduate,1
49,68019.12471617592,20108.03505002424,24,449,4,Salaried,Under-Graduate,1
30,59804.9733505431,13036.018167570675,24,471,2,Self-employed,Graduate,0
60,54050.7812980968,25381.69189133829,48,617,2,Business,Graduate,0
49,66398.43642864663,15481.734648384001,60,788,3,Salaried,Graduate,0
46,58778.62010759988,17685.242300404774,12,848,2,Self-employed,Graduate,0
64,63457.89785689266,2073.457798816624,48,423,0,Business,Graduate,0
59,53462.80261879213,33021.60564453491,24,577,2,Salaried,Under-Graduate,0
48,84435.40021527503,6740.020725152954,12,511,4,Self-employed,Under-Graduate,0
45,52632.76488585268,5052.486712853148,60,726,0,Business,Post-Graduate,0
64,47030.49076892472,19970.303879584506,48,758,3,Business,Under-Graduate,0
64,65953.74057329481,16370.828703789284,48,832,3,Business,Graduate,0
37,61361.48059603856,2736.923559088382,24,591,3,Self-employed,Under-Graduate,0
23,49591.228734397606,8140.973797894662,36,441,0,Self-employed,Post-Graduate,0
23,17234.787379622125,11765.81321941996,36,687,3,Business,Graduate,0
26,78195.74224838056,9053.83145378394,36,477,3,Business,Graduate,0
42,74848.16158148687,16570.509256127403,48,384,4,Business,Post-Graduate,1
31,32996.37945190079,22447.486092345578,24,504,1,Business,Under-Graduate,0
63,58316.125889152376,32586.001102828213,24,849,1,Business,Post-Graduate,0
39,39547.33329501938,2754.914631470552,36,634,1,Business,Graduate,0
47,60566.69918289645,14470.708631014797,12,688,3,Salaried,Graduate,0
41,72311.22657212462,15676.63534607081,36,465,0,Business,Under-Graduate,0
62,47392.928981100384,15569.328449517103,48,835,3,Self-employed,Post-Graduate,0
57,64231.447298652616,16595.19906460356,12,829,1,Self-employed,Under-Graduate,0
42,21816.130496641512,15664.321380234871,24,521,4,Self-employed,Graduate,1
23,32792.1889644872,24291.453343836343,60,627,3,Self-employed,Post-Graduate,0
54,68019.84903202567,18098.015191392966,12,713,3,Salaried,Post-Graduate,0
44,37220.53863531417,2900.8295009469584,24,432,3,Salaried,Under-Graduate,0
60,33461.06875637121,4459.841328883846,12,478,0,Self-employed,Graduate,0
52,35497.93804387137,22260.598923417456,36,588,4,Self-employed,Post-Graduate,1
25,28433.371487940232,18943.99877657353,12,648,4,Self-employed,Under-Graduate,1
62,70093.5229098312,12791.759430731623,12,586,4,Self-employed,Graduate,0
24,71570.07371426167,18777.966089741483,12,663,4,Self-employed,Graduate,0
58,34789.01785174663,19895.070349877966,48,382,1,Salaried,Graduate,1
31,27858.15740110162,23087.347096067177,48,536,3,Salaried,Under-Graduate,1
63,48123.42212361731,13150.072344831919,36,737,4,Salaried,Graduate,0
53,26598.391488378362,21374.54162348144,60,538,2,Business,Under-Graduate,1
57,64116.29712821842,13978.462786359893,48,744,2,Self-employed,Graduate,0
48,50204.43779370848,3210.2000715807335,60,365,1,Self-employed,Under-Graduate,0
40,42740.86840675653,18103.70738679253,48,413,2,Business,Under-Graduate,1
59,70429.56800091793,25129.61034749684,24,488,2,Self-employed,Post-Graduate,0
22,31132.234844128623,21236.12366948694,24,575,2,Business,Under-Graduate,0
47,41467.99363306523,24594.76715698572,12,601,1,Business,Post-Graduate,0
34,26062.126536069438,16409.756340781118,60,845,3,Business,Graduate,0
56,22417.438743712944,8241.377180557361,12,779,1,Business,Graduate,0
23,31869.495945710994,16545.404271065163,12,725,0,Self-employed,Under-Graduate,0
43,33805.38454145004,12004.240304706109,48,316,0,Business,Graduate,0
60,31960.713834812075,17622.194101142188,48,346,2,Self-employed,Graduate,1
49,48171.02924340192,15469.838048705202,12,329,2,Business,Under-Graduate,1
23,48008.592468913856,23232.21776677395,48,691,3,Salaried,Graduate,0
32,18965.426866486192,3933.703565165186,24,339,2,Self-employed,Graduate,1
58,65944.77189204881,1000.0,24,583,0,Business,Graduate,0
47,19678.297163516163,15628.527802290637,60,358,2,Business,Post-Graduate,1
49,15448.270879952914,12154.292403161951,24,629,3,Business,Graduate,1
47,70721.17879134166,10846.735156763245,12,562,0,Salaried,Under-Graduate,0
38,27944.710339924255,9346.727297908501,36,623,2,Self-employed,Under-Graduate,0
24,57141.71912302191,14711.777460507483,48,323,3,Salaried,Graduate,1
35,38323.64152035179,18299.7103859365,12,653,3,Salaried,Under-Graduate,0
37,29898.38559427659,19399.4735086207,48,353,0,Salaried,Under-Graduate,1
57,26287.22735857084,1000.0,60,604,0,Self-employed,Under-Graduate,0
49,57607.59855342078,14170.522367434154,12,618,0,Salaried,Under-Graduate,0
49,31328.752956325057,1000.0,12,344,3,Self-employed,Graduate,0
46,71905.61291590589,22122.79869082715,12,661,0,Self-employed,Under-Graduate,0
30,19549.553020940486,19975.86302473581,60,760,0,Business,Post-Graduate,0
32,78300.02064414648,6473.821532363225,12,306,3,Salaried,Post-Graduate,1
58,10000.0,15708.807564404324,48,558,3,Salaried,Post-Graduate,1
64,55701.91077550264,1000.0,36,387,0,Salaried,Graduate,0
42,26490.945083621707,18494.694261754325,12,488,0,Self-employed,Under-Graduate,0
23,18169.81680065621,18610.71665567929,60,754,0,Self-employed,Graduate,0
55,47999.191396737406,21064.662362579427,60,841,3,Self-employed,Under-Graduate,0
63,63517.62418279787,19972.218270437297,12,816,4,Salaried,Under-Graduate,0
34,46087.10591822024,10692.52800692428,60,659,1,Self-employed,Under-Graduate,0
26,49120.38179542659,6768.089959711706,24,668,2,Self-employed,Under-Graduate,0
32,54073.89321180143,9429.477638684966,60,499,1,Self-employed,Under-Graduate,0
50,62340.464957006276,13996.333115650503,36,306,3,Business,Graduate,1
49,82913.65001063654,4889.082066319661,24,685,4,Self-employed,Graduate,0
49,35107.21160027871,12232.513172527104,48,695,3,Salaried,Post-Graduate,0
26,59568.04902189828,12234.172211937486,24,839,0,Self-employed,Graduate,0
41,38535.506201886004,23941.557229766935,36,446,2,Business,Post-Graduate,1
58,46505.07153651741,18765.422236907336,24,583,1,Self-employed,Post-Graduate,0
60,63642.811907274954,9244.823280692426,12,398,3,Self-employed,Under-Graduate,0
31,53619.872007087906,17333.815406383525,60,806,4,Business,Graduate,0
53,35081.05062359784,18366.57608591181,12,773,0,Salaried,Graduate,0
50,52093.15540265111,1118.6906114397043,12,446,4,Business,Under-Graduate,0
23,57057.06190510826,31605.926857427945,12,802,2,Self-employed,Under-Graduate,0
22,62614.835061167934,13542.66573073897,24,349,4,Self-employed,Post-Graduate,1
41,72831.12787211683,7793.52041954223,48,821,4,Self-employed,Graduate,0
22,85849.34694092597,15161.49575733163,60,524,0,Self-employed,Graduate,0
25,50050.467552878436,7650.20755896661,24,381,4,Salaried,Post-Graduate,1
36,27937.844014349743,1000.0,12,481,0,Self-employed,Post-Graduate,0
51,56333.18896362,19505.817018987073,36,821,2,Self-employed,Post-Graduate,0
27,23240.50311076532,15338.969676911465,36,659,3,Business,Under-Graduate,0
59,88043.50383040152,17089.568349643065,12,534,0,Salaried,Post-Graduate,0
22,38850.85739293512,1468.3650837327496,48,625,3,Business,Post-Graduate,0
28,69702.64387631131,18645.799740594615,60,766,1,Self-employed,Under-Graduate,0
26,56310.430144179634,13183.868080371294,24,746,4,Self-employed,Post-Graduate,0
28,54887.73003558036,4973.079700917466,48,845,3,Self-employed,Post-Graduate,0
57,18377.698649353013,7720.4464613923765,36,342,4,Salaried,Graduate,1
24,34234.39726889298,27577.12505681738,12,681,0,Self-employed,Post-Graduate,0
33,42113.60919093617,11503.394429978021,24,432,4,Business,Post-Graduate,1
36,42518.33164568729,27218.771158939588,48,702,2,Business,Under-Graduate,0
41,51856.568549528216,7330.5109170145215,48,669,3,Salaried,Post-Graduate,0
62,36772.47919000333,10405.563929733387,48,353,4,Self-employed,Graduate,1
42,59800.580300336725,11673.507822668902,24,458,3,Self-employed,Graduate,0
53,48074.481761141855,21198.299402600253,60,437,3,Self-employed,Under-Graduate,1
33,63149.28101616792,16986.378367517278,24,832,2,Salaried,Graduate,0
58,20297.958630145433,16346.809448865155,12,553,0,Salaried,Under-Graduate,0
61,65618.34276175423,23299.162153518824,24,601,4,Self-employed,Graduate,1
28,82585.86419444799,19851.548884954926,48,373,1,Business,Graduate,0
52,46810.445123856785,4118.35069157553,60,831,3,Salaried,Post-Graduate,0
22,74141.51363128799,22637.274758396543,60,576,0,Salaried,Under-Graduate,0
32,49444.8912777619,6434.882321640856,12,720,1,Business,Post-Graduate,0
55,41631.116372723416,22880.462017269438,12,356,3,Business,Under-Graduate,1
40,54218.24724865693,18522.945855645045,36,368,1,Self-employed,Post-Graduate,0
32,81383.99396771123,19545.919127838497,36,497,4,Self-employed,Graduate,1
54,79777.42964354131,11474.45766690392,36,451,4,Self-employed,Post-Graduate,0
54,19377.215460319305,6338.399470626728,24,487,3,Self-employed,Graduate,0
29,29426.303603910354,13788.140158864408,60,346,3,Salaried,Under-Graduate,1
29,48258.03046931765,17343.564514199392,12,799,4,Business,Under-Graduate,0
55,35858.34524496332,19588.777658134997,36,542,0,Self-employed,Graduate,0
61,57647.22144028785,10874.14042731296,12,479,1,Business,Post-Graduate,0
48,47229.69164358283,9601.043865885209,36,440,3,Self-employed,Graduate,0
50,40931.53645852765,12456.968641755111,24,798,3,Business,Post-Graduate,0
35,89548.0675225096,21391.34086575389,24,307,2,Self-employed,Graduate,1
55,65654.12177509745,1000.0,48,401,1,Business,Graduate,0
58,64297.564772437385,12757.434141116642,12,459,4,Self-employed,Under-Graduate,0
22,33855.757679239636,9447.81132867179,48,769,3,Salaried,Post-Graduate,0
30,49256.26252195789,18976.586527389616,24,304,3,Self-employed,Post-Graduate,1
31,47259.44683899458,23572.58319786634,24,678,4,Business,Graduate,0
51,51876.581272398646,1961.0343659405607,12,680,1,Self-employed,Post-Graduate,0
64,41194.58569300134,17541.51944564844,48,603,0,Salaried,Graduate,0
39,68450.8215627331,22075.07566673988,48,455,4,Salaried,Graduate,1
38,76622.4219554997,7147.089970099582,48,599,0,Self-employed,Post-Graduate,0
27,65308.82328495788,22746.502377059758,12,571,3,Business,Post-Graduate,0
32,47999.61987540142,7044.519579508425,12,422,0,Business,Graduate,0
45,41941.88013569409,19740.19098594128,12,810,0,Business,Post-Graduate,0
57,71649.10538956671,24378.737956340687,60,578,4,Business,Post-Graduate,0
54,56476.05977485064,8934.342958504474,24,666,3,Salaried,Post-Graduate,0
54,61129.417875550316,12885.381735493751,60,832,1,Salaried,Post-Graduate,0
39,56118.14682167846,23908.35977009216,60,422,2,Self-employed,Under-Graduate,0
26,35140.85777507206,1000.0,24,685,0,Business,Under-Graduate,0
52,81267.78814873216,18895.954208825366,36,696,3,Self-employed,Graduate,0
37,99075.32842146969,29384.923268640192,36,600,2,Salaried,Graduate,0
23,41358.45336207976,1000.0,36,693,1,Self-employed,Under-Graduate,0
30,49213.39865734939,23619.029151999028,12,515,2,Self-employed,Graduate,0
23,42387.626450539596,21599.86179591075,12,300,1,Business,Under-Graduate,1
58,36742.385807226456,14569.63583568587,48,443,2,Salaried,Graduate,0
41,61925.77188673045,18278.827796739133,48,549,1,Salaried,Post-Graduate,0
38,38418.37992068974,16965.295623044596,60,470,0,Self-employed,Post-Graduate,0
46,30896.04877387108,10646.120944001777,48,433,2,Salaried,Under-Graduate,1
40,58924.5428337806,24897.253579355514,12,375,1,Business,Under-Graduate,0
63,32506.593108844878,14949.921364631598,60,779,3,Self-employed,Under-Graduate,0
29,37679.837713456574,18148.942582315125,48,566,4,Salaried,Under-Graduate,1
32,36474.625672311246,7319.502471170452,48,765,2,Business,Post-Graduate,0
34,59250.399418905,1000.0,36,749,2,Salaried,Post-Graduate,0
34,51483.24228793014,5569.306268123115,12,395,2,Business,Under-Graduate,0
30,12623.109979940571,29633.38858848033,60,575,2,Self-employed,Under-Graduate,1
26,55714.94236808975,20153.623830218217,24,849,4,Business,Graduate,0
39,33496.63729878931,11543.673563912196,48,611,2,Salaried,Post-Graduate,0
61,80753.18528884291,19578.984028161067,12,646,0,Self-employed,Post-Graduate,0
35,10000.0,18382.827944807697,60,566,0,Salaried,Under-Graduate,1
55,57519.73944339751,1000.0,12,573,3,Self-employed,Graduate,0
43,65564.55174850473,21799.066102773097,12,397,4,Salaried,Post-Graduate,1
54,25864.96229234139,1000.0,60,614,3,Self-employed,Graduate,0
45,44426.6936943317,9969.998200577409,36,433,0,Self-employed,Graduate,0
50,51906.67642649231,7158.9558876552355,36,393,2,Business,Post-Graduate,0
34,46992.81614595772,16608.562497868108,48,479,2,Self-employed,Post-Graduate,0
48,59745.51176504021,16687.86012484099,36,555,1,Self-employed,Graduate,0
22,53154.56595131376,1000.0,48,316,4,Business,Graduate,1
28,65727.91047748749,24840.736436230058,48,440,1,Self-employed,Post-Graduate,0
25,56595.800939590896,15499.589563389743,60,689,4,Salaried,Under-Graduate,0
31,52185.49910520416,22702.815150498445,12,347,4,Business,Graduate,1
61,44473.37250778224,15265.18941019165,24,561,2,Business,Post-Graduate,0
56,54946.770917553345,16408.282866202935,24,552,2,Self-employed,Graduate,0
60,84966.14334248113,3525.2078988804624,36,812,3,Business,Post-Graduate,0
37,48273.54595910656,8776.57427717868,60,455,0,Salaried,Graduate,0
48,24531.543966189143,13279.512737889876,24,509,0,Self-employed,Graduate,0
41,71917.119179101,20568.15369159956,12,623,2,Self-employed,Under-Graduate,0
31,91513.34234404737,11394.493856704132,48,340,0,Self-employed,Graduate,0
54,61550.75579820411,9246.274026480678,48,661,4,Salaried,Graduate,0
28,89298.78464370978,7772.728374638485,60,671,0,Salaried,Graduate,0
63,52859.46946354095,17867.815005896824,36,715,3,Salaried,Post-Graduate,0
43,108979.61854312205,14267.313316826274,12,676,0,Business,Post-Graduate,0
64,20630.90657146426,7937.6941325734615,36,612,0,Business,Post-Graduate,0
38,46986.73745909404,13451.235584283131,36,577,3,Self-employed,Post-Graduate,0
30,61982.58068305614,8977.077725996469,60,621,3,Self-employed,Graduate,0
61,34705.664481398984,7173.428768064926,48,333,2,Self-employed,Under-Graduate,0
31,73655.89168464423,2215.09855139701,36,413,3,Business,Graduate,0
57,60939.51529597676,4129.030787222551,36,301,2,Salaried,Graduate,0
52,45688.88602964993,14578.121515467774,12,335,4,Salaried,Under-Graduate,1
52,58595.31195085,1000.0,48,307,1,Self-employed,Under-Graduate,0
26,53980.90819716707,8259.595605189832,36,460,0,Salaried,Under-Graduate,0
39,62994.21441571303,20176.305850686193,24,751,3,Business,Under-Graduate,0
27,45340.646706696985,22855.9149385911,24,829,0,Salaried,Under-Graduate,0
63,10000.0,17961.2191941027,48,382,4,Self-employed,Under-Graduate,1
49,67278.07010213599,21527.30629995612,48,309,1,Self-employed,Post-Graduate,0
64,48697.09695066167,15157.28520069259,60,733,3,Salaried,Under-Graduate,0
45,34284.37345161308,6578.693033349788,36,532,2,Self-employed,Under-Graduate,0
26,42504.71947452532,20486.65196639424,24,521,2,Self-employed,Under-Graduate,0
49,46068.09092825296,18893.561902446865,24,620,3,Business,Under-Graduate,0
24,20256.245942617657,10680.373361472166,48,581,3,Business,Under-Graduate,1
39,32235.251162010387,10020.675748332356,48,419,4,Salaried,Post-Graduate,1
25,47701.157779917594,14634.759812490835,12,362,1,Self-employed,Post-Graduate,0
61,46595.2661890423,24064.632015866257,12,842,3,Salaried,Post-Graduate,0
63,31328.61677826331,11992.549078216674,48,468,2,Business,Graduate,0
53,24234.67789353159,1000.0,12,572,1,Business,Under-Graduate,0
53,32939.54916462761,18467.562224593,48,668,3,Business,Post-Graduate,0
40,55934.500384561274,6125.272009554767,48,771,1,Salaried,Under-Graduate,0
50,37071.742408182865,18560.487929821815,60,594,4,Business,Under-Graduate,1
54,67440.81916234166,18253.22698749521,12,373,3,Self-employed,Post-Graduate,0
23,73242.3822067945,27308.496765175103,36,758,3,Business,Post-Graduate,0
32,84877.08520223554,14206.332036872645,36,837,1,Salaried,Under-Graduate,0
54,62490.769621560234,18968.005852805538,60,846,3,Business,Under-Graduate,0
62,58448.1933186279,16069.91149880668,36,506,1,Salaried,Graduate,0
61,77547.55135242037,22030.19320093537,36,464,1,Self-employed,Post-Graduate,0
22,25635.550641217826,1000.0,60,423,3,Business,Under-Graduate,0
63,62526.59895757401,9582.591063770366,24,572,2,Salaried,Graduate,0
38,68984.7136777356,13025.07230099461,60,681,4,Self-employed,Under-Graduate,0
37,49792.94789925896,15373.995107838202,60,773,1,Self-employed,Post-Graduate,0
23,66452.38259048101,5288.339292479221,12,653,2,Business,Under-Graduate,0
25,43321.86452790254,17370.97892344413,36,396,1,Self-employed,Post-Graduate,0
53,50789.31369967414,22058.003849889,36,381,2,Self-employed,Graduate,0
28,57330.23660640837,9458.378430222732,24,836,3,Salaried,Under-Graduate,0
50,56736.55414543826,7222.841361087879,60,660,4,Salaried,Post-Graduate,0
30,22207.472389775612,18163.54304709642,48,360,2,Salaried,Graduate,1
56,39726.179379316694,16273.999358959474,24,393,0,Business,Graduate,0
26,50846.74046803447,16867.96794337673,24,664,1,Self-employed,Post-Graduate,0
42,57842.70124842017,3382.027059318756,36,595,2,Business,Under-Graduate,0
38,63464.98459683414,36888.713305091514,36,469,4,Business,Post-Graduate,1
60,50488.39222296657,1000.0,36,598,4,Salaried,Graduate,0
35,72160.90177321805,21925.120984095036,36,616,4,Self-employed,Post-Graduate,0
53,44149.84121874942,9259.796204248258,24,563,2,Business,Graduate,0
36,67136.91388354971,39174.277418467056,60,779,2,Business,Graduate,0
42,47000.42934412568,18514.156509868608,36,560,3,Business,Graduate,0
35,31658.884668619048,23534.698091423525,12,845,0,Business,Graduate,0
62,102370.00159064781,18983.364655888025,24,820,2,Salaried,Under-Graduate,0
37,59983.96867150165,1000.0,48,342,3,Business,Graduate,1
22,13181.743475368618,15898.923818213267,48,395,1,Salaried,Graduate,1
61,68070.60507504485,17884.674150555173,60,693,0,Self-employed,Graduate,0
39,53290.880354311965,18787.68382622921,24,823,4,Business,Post-Graduate,0
55,67340.63285760098,24464.52302946015,24,654,0,Salaried,Under-Graduate,0
47,60838.75032178797,16817.450463716756,24,701,1,Salaried,Graduate,0
57,34727.96177949435,21437.677374419258,12,770,2,Business,Post-Graduate,0
42,68402.0630382282,8913.74905970448,12,586,2,Salaried,Graduate,0
22,36744.87345839448,1000.0,36,582,3,Business,Under-Graduate,0
48,33853.459778915814,7610.380090028996,48,832,2,Salaried,Under-Graduate,0
32,43301.13966420812,9059.357692390888,12,568,2,Salaried,Under-Graduate,0
59,29239.258075803064,7620.262547344218,48,580,0,Self-employed,Under-Graduate,0
35,60022.210936667034,5210.950934776654,24,376,1,Business,Post-Graduate,0
49,91712.54805661079,7339.609527828787,12,654,4,Self-employed,Under-Graduate,0
48,27920.976958017796,11475.671302260243,48,554,4,Salaried,Post-Graduate,1
43,77497.11442633024,6837.636902888365,12,724,3,Business,Post-Graduate,0
42,38025.37268516138,35538.64449034621,24,303,1,Self-employed,Under-Graduate,1
45,38126.87833493207,3802.0023891632572,24,383,0,Business,Post-Graduate,0
40,27169.988720998765,18519.422478275766,24,513,4,Business,Post-Graduate,1
45,56859.27056731391,10673.359124132758,36,356,3,Self-employed,Under-Graduate,0
47,23525.967560574536,19294.594765233047,48,453,2,Self-employed,Graduate,1
46,40519.811894569895,13063.386948568324,36,700,2,Self-employed,Graduate,0
50,72177.04558407568,21805.873517598906,60,819,0,Salaried,Post-Graduate,0
31,81272.90105996183,11803.21826811905,60,821,4,Self-employed,Under-Graduate,0
32,30996.356309907736,15698.521081639457,12,569,2,Self-employed,Under-Graduate,0
45,43915.52552607592,1000.0,12,838,3,Salaried,Under-Graduate,0
45,47161.86348421374,4002.082323129878,12,811,3,Self-employed,Graduate,0
33,20569.43065234627,2566.2148541904844,36,816,4,Business,Post-Graduate,0
28,38522.0937672282,27131.2383644437,24,711,0,Business,Under-Graduate,0
61,37310.14068366969,22456.38032835431,12,641,3,Business,Post-Graduate,0
38,59774.051669619235,16558.935884763996,12,439,1,Salaried,Under-Graduate,0
56,54905.812281101185,23363.840757094516,60,563,3,Self-employed,Under-Graduate,0
27,52477.23155711362,6889.502312045977,24,748,0,Business,Under-Graduate,0
33,45778.39297004386,26900.361810295675,36,526,3,Salaried,Post-Graduate,1
36,76227.9624860817,15775.575531281842,24,359,2,Salaried,Graduate,1
53,49565.006302303416,13093.465634337475,60,379,0,Salaried,Graduate,0
44,69870.07480867326,23118.54853511057,36,354,2,Salaried,Post-Graduate,1
28,61793.87861669472,22642.05280737514,48,726,2,Salaried,Under-Graduate,0
59,53055.07713298837,3644.7493977734193,12,821,4,Business,Graduate,0
52,67786.85767959969,21894.363694664004,36,525,0,Salaried,Graduate,0
50,43838.17573811019,13616.95065477125,60,415,2,Self-employed,Post-Graduate,1
49,32108.367460746136,17218.883105752877,24,639,4,Business,Post-Graduate,1
33,49409.37522484104,11704.893768320364,36,406,4,Salaried,Post-Graduate,1
48,80049.07855076515,6222.596494503927,60,818,2,Business,Under-Graduate,0
25,54280.49185781608,4174.987308617145,36,832,2,Business,Under-Graduate,0
42,39910.99855637601,10040.249197514922,12,630,1,Self-employed,Post-Graduate,0
30,33778.55004204815,18487.094834074975,24,400,0,Salaried,Post-Graduate,0
55,19563.287055440047,17039.251955860727,24,514,4,Self-employed,Graduate,1
58,33599.30210809704,16624.88310693397,36,522,0,Salaried,Graduate,0
42,56008.159861743115,21375.32629545602,60,509,4,Salaried,Post-Graduate,1
44,45250.4469508601,14555.333252131875,12,643,3,Business,Post-Graduate,0
45,54444.23015577963,30160.28649555145,12,727,3,Salaried,Post-Graduate,0
31,31758.76862180411,18017.661788163558,36,364,4,Business,Graduate,1
59,70532.63677981045,7104.488191237791,48,553,1,Self-employed,Graduate,0
27,65049.487342049564,4293.226551175801,36,817,3,Salaried,Under-Graduate,0
42,38755.95756913324,17660.574649316586,12,593,0,Salaried,Graduate,0
58,21766.663666254553,13281.731377155933,24,520,2,Self-employed,Graduate,0
50,55004.47665242382,5753.855996481829,36,726,0,Self-employed,Post-Graduate,0
61,10673.436870521218,13739.433854716131,36,612,0,Business,Post-Graduate,1
42,23694.49321435788,10592.505533943262,24,763,0,Self-employed,Under-Graduate,0
43,41928.40083512525,11449.31113826522,36,551,4,Salaried,Post-Graduate,0
56,32369.29350935727,25858.678826720225,60,411,4,Business,Post-Graduate,1
26,75898.29628666036,20743.24748573382,24,590,0,Self-employed,Graduate,0
36,43411.03893894482,23381.33764452949,24,579,2,Salaried,Post-Graduate,0
62,59749.639217598204,28735.852124044166,24,593,1,Salaried,Graduate,0
40,10000.0,16000.13290294397,12,814,1,Salaried,Graduate,1
37,14310.430809963982,17019.428667651493,36,478,3,Self-employed,Post-Graduate,1
61,36481.682527888006,17612.845589603934,48,488,3,Business,Post-Graduate,1
64,54268.425219112585,23877.160316395286,36,467,2,Self-employed,Graduate,0
44,24591.60733339575,23433.251366536453,36,353,0,Business,Under-Graduate,1
25,57255.516774483105,10305.337877705062,12,615,4,Self-employed,Post-Graduate,0
42,76967.00910850483,5851.859742369026,60,570,3,Salaried,Graduate,0
45,34227.35560624038,6398.448734495403,60,729,0,Self-employed,Graduate,0
63,49770.722818450464,15413.868300308326,12,482,1,Business,Post-Graduate,0
47,44516.78867277659,5137.486864863789,12,559,2,Self-employed,Graduate,0
63,41521.37048637708,17908.38463621722,12,323,4,Business,Post-Graduate,1
23,56367.17121926695,1000.0,36,393,4,Self-employed,Under-Graduate,0
61,50175.045366222315,29963.173759014546,12,555,3,Business,Under-Graduate,1
29,46350.5042926649,4027.707945868373,48,513,0,Salaried,Graduate,0
30,52828.8806273905,9782.373239544939,24,795,4,Salaried,Post-Graduate,0
23,67255.8909675228,10379.041158933655,60,339,1,Business,Post-Graduate,0
35,62075.202881292826,26711.55548314986,48,762,1,Salaried,Under-Graduate,0
41,14900.134516679173,14942.089072687177,60,735,2,Business,Under-Graduate,1
23,32282.571153685716,6470.983874537025,36,848,2,Business,Post-Graduate,0
25,61687.37737781272,14422.92963155372,36,510,1,Salaried,Graduate,0
56,101631.59812263265,15358.393469342922,12,422,1,Self-employed,Post-Graduate,0
35,36901.544418902835,18094.60597367033,60,758,0,Business,Graduate,0
42,20032.409439553383,6242.330571039522,36,585,4,Self-employed,Graduate,0
36,95566.49269590917,22076.093120625395,36,575,0,Self-employed,Post-Graduate,0
60,75334.72401423236,16040.13065265981,60,543,2,Salaried,Post-Graduate,0
41,74021.12552344888,26734.31715721229,36,442,2,Business,Under-Graduate,0
27,52203.532775636624,13612.060160578125,12,619,2,Self-employed,Under-Graduate,0
49,48983.83525156792,14396.326189656958,36,674,4,Self-employed,Under-Graduate,0
64,47151.0317967512,13674.369709240777,48,732,3,Salaried,Graduate,0
23,65215.78711952823,25013.345171136607,48,421,2,Salaried,Under-Graduate,0
49,75045.13036564765,20478.718836017717,12,534,2,Self-employed,Post-Graduate,0
55,53262.02585608263,9150.883895189843,48,728,0,Self-employed,Graduate,0
35,65500.8022358094,36403.246862122964,36,425,0,Salaried,Under-Graduate,0
30,77840.73608180444,9868.423842614498,48,843,3,Salaried,Post-Graduate,0
44,68766.90029209861,10798.924243023204,48,502,3,Salaried,Post-Graduate,0
56,61650.144221842595,22710.50032313061,36,572,3,Business,Under-Graduate,0
43,35564.08796618783,13715.589734233961,60,473,3,Salaried,Post-Graduate,1
26,36988.229615154014,6374.742822958351,12,537,0,Salaried,Post-Graduate,0
62,15512.17519430357,24858.650830171646,60,761,2,Salaried,Post-Graduate,1
50,57714.34650756698,31019.77095140624,60,409,0,Business,Under-Graduate,0
56,52263.51844952594,6799.143605334226,48,711,1,Business,Post-Graduate,0
55,75455.81092423564,24795.67071604845,24,370,1,Salaried,Graduate,0
25,59133.20099817624,11046.200423252407,60,656,2,Salaried,Post-Graduate,0
30,43522.13236443563,1000.0,36,722,3,Business,Post-Graduate,0
35,40304.88346637924,20214.354596903988,36,540,2,Business,Under-Graduate,0
26,56909.180582491186,1000.0,36,426,1,Self-employed,Post-Graduate,0
48,55048.074459357464,9158.523998125027,24,725,2,Business,Under-Graduate,0
32,86461.09851526716,12799.797009283093,24,829,3,Business,Under-Graduate,0
51,47826.58536108439,14736.732116414136,12,374,0,Salaried,Under-Graduate,0
58,59731.46583091692,23745.257874431838,24,577,3,Salaried,Under-Graduate,0
60,82695.38963479672,10093.166049272142,12,793,0,Salaried,Post-Graduate,0
55,47072.1248208396,26166.293755313098,36,687,1,Business,Post-Graduate,0
45,43388.26197954966,14267.945100440546,24,835,4,Self-employed,Under-Graduate,0
37,23321.904874456566,6310.410640258673,48,761,2,Salaried,Under-Graduate,0
51,42792.751031447,19754.14205976943,48,607,4,Self-employed,Under-Graduate,1
45,57557.28626282247,29401.15253971061,48,422,3,Self-employed,Under-Graduate,1
24,77483.1681374324,11315.53577234593,24,586,0,Business,Post-Graduate,0
50,22514.406374899805,6647.486997531556,24,352,3,Business,Graduate,1
63,32049.27101185596,10387.07770586177,24,744,3,Salaried,Post-Graduate,0
33,12313.611295923693,1107.9051256631537,48,420,1,Business,Under-Graduate,0
48,86053.40589299618,17446.420175896983,36,718,3,Self-employed,Under-Graduate,0
50,53222.62176654435,2582.154708253762,60,375,2,Business,Under-Graduate,0
23,41333.05780499689,20132.295088306728,36,383,1,Business,Under-Graduate,0
50,14067.07050713693,12869.026463724556,24,606,4,Self-employed,Graduate,1
61,49960.95666770229,20550.421344099817,60,744,3,Business,Under-Graduate,0
30,41920.36354006155,12897.210549237394,60,636,4,Business,Graduate,0
49,14135.228550323438,18885.313953119516,36,680,2,Salaried,Post-Graduate,1
58,44244.16650695416,7098.96236032451,48,816,2,Self-employed,Graduate,0
44,74503.98811166917,17231.85546198808,12,400,2,Business,Post-Graduate,0
34,44793.54116289876,9747.987430034995,48,399,4,Self-employed,Graduate,0
26,73530.59938790434,19876.914123572595,48,472,4,Business,Under-Graduate,0
53,81135.16892615789,13848.026701929297,60,731,0,Salaried,Graduate,0
49,44631.98524734844,23818.20757511841,24,407,1,Business,Under-Graduate,0
36,48212.55658125092,12984.652271966415,24,327,3,Business,Graduate,1
45,60029.27028794054,9011.911019886942,60,564,1,Self-employed,Post-Graduate,0
53,70452.96526640953,16083.979385083838,48,614,2,Business,Graduate,0
42,78448.71961065212,33756.34806757909,36,337,3,Self-employed,Graduate,1
26,80370.9110933701,23619.212924438507,12,452,0,Salaried,Post-Graduate,0
58,35328.95374904724,8588.955803927736,48,627,1,Self-employed,Graduate,0
57,79093.29428557688,14971.94053486463,48,347,2,Business,Post-Graduate,1
49,60291.47055565206,9674.56678388161,12,305,3,Self-employed,Graduate,1
53,39562.579822413616,8034.324229806955,36,713,3,Salaried,Post-Graduate,0
44,27116.231997491606,15115.587877194856,12,360,2,Business,Post-Graduate,1
37,34031.18349782221,12932.806535587331,60,734,4,Salaried,Under-Graduate,0
31,57287.410861172524,6671.8522084645065,12,638,1,Salaried,Post-Graduate,0
50,40172.40785191417,9731.341677420896,12,568,3,Business,Post-Graduate,0
48,57249.44174258246,15430.66862008027,48,307,4,Business,Under-Graduate,1
56,27459.03574977275,10374.437389134539,48,784,0,Self-employed,Under-Graduate,0
63,34924.17150440512,14877.342930088447,24,628,3,Business,Post-Graduate,0
45,48201.981764782984,9411.72222664753,12,699,3,Self-employed,Under-Graduate,0
44,46558.188371375574,18744.5834248457,60,699,0,Salaried,Post-Graduate,0
24,24460.183153372895,9505.157346572041,24,694,0,Self-employed,Post-Graduate,0
57,37419.03514558923,20073.2301908016,12,637,3,Business,Graduate,0
35,15120.636582369545,12660.096497981947,48,718,2,Self-employed,Post-Graduate,0
25,51326.28607584251,1000.0,60,509,0,Business,Under-Graduate,0
63,80555.38292516288,12888.314906419482,36,662,4,Salaried,Graduate,0
53,34677.76976251429,19040.489416188244,24,470,0,Self-employed,Graduate,0
41,30932.194056382355,10578.35280692239,48,400,3,Self-employed,Under-Graduate,1
38,69652.39315522785,13430.741984691129,36,713,3,Self-employed,Under-Graduate,0
50,26585.50743658139,19995.96223062674,12,622,1,Self-employed,Graduate,0
60,70110.65272154586,27159.103365294104,60,328,4,Salaried,Under-Graduate,1
53,25961.108280472778,24229.306029479907,48,304,1,Business,Under-Graduate,1
25,42890.29330931554,15870.665090046434,48,816,0,Self-employed,Post-Graduate,0
45,45177.35590481323,19477.726438963673,60,384,1,Salaried,Under-Graduate,0
63,64088.08073768487,15720.877511515622,48,539,3,Business,Post-Graduate,0
23,87446.29920309503,2982.7537972545997,48,348,2,Salaried,Under-Graduate,0
35,43071.69818293036,25129.634838206446,12,325,0,Self-employed,Under-Graduate,1
61,49628.97123927029,25528.172066521605,24,713,3,Self-employed,Under-Graduate,0
63,15805.589074873715,1590.1591074773478,36,397,0,Salaried,Under-Graduate,0
59,49183.516800189194,11939.825784034558,60,711,1,Self-employed,Graduate,0
55,73095.70524448412,27276.23562312121,36,569,1,Self-employed,Graduate,0
64,97257.30149825514,16753.555080913466,60,573,0,Salaried,Under-Graduate,0
23,42812.941381173994,7005.223323301959,60,612,0,Business,Graduate,0
57,64336.18564746243,24745.699236069177,48,535,1,Salaried,Under-Graduate,0
27,73150.10358260993,15928.564919326045,12,508,0,Salaried,Under-Graduate,0
57,21233.207825820115,25364.08764108699,60,324,1,Self-employed,Post-Graduate,1
43,78371.80816351902,15682.684840731346,36,480,0,Business,Post-Graduate,0
26,33860.25844496239,1000.0,24,545,2,Self-employed,Under-Graduate,0
59,55291.68753374894,29455.42847984841,36,740,0,Salaried,Graduate,0
62,24742.23110335883,6140.77163544149,12,767,0,Business,Graduate,0
43,42670.07994242916,11502.59797289957,24,526,3,Business,Under-Graduate,0
32,16237.086067713906,24608.184821873314,48,580,2,Self-employed,Graduate,1
64,55330.423014575834,33245.85357267629,36,813,1,Business,Under-Graduate,0
52,80696.42949955518,14473.155465456717,36,511,1,Salaried,Post-Graduate,0
63,50656.910913211075,17861.484230029026,60,335,4,Business,Graduate,1
50,21159.63676175996,5515.080026958241,60,848,2,Salaried,Graduate,0
54,43231.89242937135,12785.533465444463,24,539,2,Salaried,Post-Graduate,0
43,54272.36004702893,23781.932970345508,48,663,0,Salaried,Under-Graduate,0
48,47086.746910698545,17463.306778766797,60,730,3,Self-employed,Graduate,0
29,63575.006123019586,28879.379554228406,36,390,1,Self-employed,Post-Graduate,0
27,90312.03089734376,3828.099518487801,24,486,1,Self-employed,Graduate,0
46,48822.99668670284,3495.1870143098004,60,559,3,Business,Post-Graduate,0
55,47395.02957530275,9522.579124149426,60,649,3,Business,Graduate,0
30,35576.56794357051,9908.710539408132,12,345,2,Business,Under-Graduate,0
57,70602.48768628592,22653.975466040465,24,526,3,Self-employed,Graduate,1
52,88213.49941171004,11713.25139660481,24,846,3,Salaried,Post-Graduate,0
40,46203.25335768966,5577.287568182186,48,418,0,Salaried,Under-Graduate,0
22,55092.64532726351,18178.92280831752,60,537,2,Self-employed,Graduate,0
45,53252.70479547027,8850.171035044887,24,400,4,Salaried,Post-Graduate,0
55,34635.180102337625,6251.380636051816,48,633,4,Salaried,Post-Graduate,0
38,64652.47216247892,23481.12136952339,60,806,1,Self-employed,Under-Graduate,0
55,49189.77086690361,25351.611039631796,36,300,3,Salaried,Graduate,1
56,54540.98058311595,22830.914577843334,12,439,0,Self-employed,Under-Graduate,0
57,69316.71332580035,8324.696125582654,48,575,3,Business,Post-Graduate,0
34,43465.70489136249,10285.096507484448,12,666,1,Salaried,Post-Graduate,0
46,51875.676416399685,19351.268017631188,36,817,3,Self-employed,Graduate,0
33,35491.60373501174,20937.159175339577,24,576,4,Business,Post-Graduate,1
42,28166.150981253068,13161.90579605272,60,600,2,Salaried,Under-Graduate,0
58,52426.630585100014,24640.606079577832,24,369,3,Business,Post-Graduate,1
59,54154.197694817056,1000.0,12,727,4,Salaried,Graduate,0
22,68462.39708520436,10418.144679782705,24,486,4,Business,Graduate,0
27,34734.023265725795,32723.450179298732,24,457,1,Business,Post-Graduate,1
32,29002.892636321983,14886.631855822669,48,630,2,Salaried,Under-Graduate,0
37,85551.50192795313,11178.44477645305,48,556,1,Self-employed,Graduate,0
43,52623.745499986406,18794.000720718486,36,708,0,Business,Post-Graduate,0
32,22458.219182039986,7349.472483294821,48,763,2,Self-employed,Post-Graduate,0
58,48891.55466066892,1000.0,48,382,0,Business,Post-Graduate,0
47,36862.7181510894,39020.63360402966,48,313,2,Business,Under-Graduate,1
47,57164.61898362913,8129.413326571658,48,430,4,Salaried,Under-Graduate,1
63,41652.82003034017,16779.074355042983,36,495,0,Business,Under-Graduate,0
42,74738.32663698739,16389.851126240403,48,511,2,Business,Graduate,0
47,24000.255702413033,18961.674195496613,48,506,2,Self-employed,Post-Graduate,1
36,75566.25950745241,8651.050527369418,12,434,0,Self-employed,Under-Graduate,0
60,64862.165209630155,1000.0,48,407,2,Self-employed,Graduate,0
56,56456.53459808186,9756.795420045242,36,464,1,Salaried,Graduate,0
32,70689.22290988741,15244.505845041276,36,453,1,Self-employed,Graduate,0
30,74309.6815669512,15820.599768996006,24,646,0,Salaried,Graduate,0
63,50026.844368666934,27504.02226859835,48,324,4,Salaried,Under-Graduate,1
44,82592.85836025926,12727.460827561337,60,649,3,Self-employed,Graduate,0
25,62356.79906926054,16665.946926070275,24,754,0,Business,Under-Graduate,0
51,39045.81385803266,8660.548714806926,36,517,0,Business,Under-Graduate,0
49,23066.412601461798,10215.364756092025,24,545,0,Self-employed,Under-Graduate,0
46,71480.13617390246,31028.080873460312,60,612,0,Business,Post-Graduate,0
43,49988.63842676123,9286.270596474336,12,759,1,Salaried,Under-Graduate,0
46,14169.678190470266,11971.609597266142,60,817,0,Self-employed,Graduate,0
47,56669.48878773359,23685.90790877201,24,555,4,Salaried,Post-Graduate,1
50,44838.91790674427,30248.06461627571,48,766,3,Self-employed,Post-Graduate,0
62,36593.79408054556,21482.691824357138,12,805,3,Business,Post-Graduate,0
53,70182.44511073937,21507.965427893952,60,508,4,Business,Under-Graduate,1
47,34245.649869145665,4983.174042837656,48,706,0,Salaried,Under-Graduate,0
49,40932.443442622185,19118.04396366796,60,380,3,Business,Post-Graduate,1
41,45684.82486441268,12540.669888963082,36,629,1,Business,Graduate,0
23,70336.42087595245,18782.496646453623,48,406,3,Salaried,Post-Graduate,0
44,26510.30140911654,12766.024777542383,36,737,4,Salaried,Under-Graduate,0
60,37345.620622972914,10430.604348960242,12,313,3,Salaried,Under-Graduate,1
26,58503.69261889073,3333.391490897706,12,842,4,Self-employed,Graduate,0
42,59920.670044964834,14331.926997552251,12,701,0,Salaried,Graduate,0
43,27477.55321888963,16375.142913729886,12,809,3,Self-employed,Post-Graduate,0
32,42120.63681562119,1000.0,36,730,4,Self-employed,Under-Graduate,0
51,47653.59181128216,10092.899825496785,36,393,1,Self-employed,Post-Graduate,0
49,55759.47059752702,12884.366519515912,24,381,1,Salaried,Graduate,0
57,45805.25491885655,19586.04445040528,24,548,2,Self-employed,Post-Graduate,0
38,80775.30236026135,10280.21820378267,36,540,3,Business,Post-Graduate,0
42,48029.09572211067,20028.783894550666,12,464,0,Salaried,Under-Graduate,0
58,80183.49550018396,17244.45534736059,24,772,2,Salaried,Under-Graduate,0
57,40701.208283092245,21954.309960015016,48,585,3,Self-employed,Under-Graduate,0
46,17984.040770890984,10760.288171147538,36,329,1,Salaried,Post-Graduate,1
45,100217.81630646574,12740.963455770107,48,758,0,Self-employed,Under-Graduate,0
51,48263.11230671094,19562.3694806442,12,603,1,Salaried,Under-Graduate,0
63,57392.51358313455,6835.184727550878,36,758,3,Self-employed,Graduate,0
56,20996.91127331206,14466.902062546309,24,314,0,Salaried,Under-Graduate,1
42,55238.73827445909,22920.954328461477,24,599,0,Salaried,Graduate,0
27,66431.373904231,9666.246160098883,48,706,2,Self-employed,Post-Graduate,0
42,27087.57436874374,17624.327646061178,36,347,0,Business,Post-Graduate,1
29,47148.010514677204,14985.960452604746,12,413,3,Salaried,Under-Graduate,1
26,48789.17715570764,26747.416894673304,60,754,4,Business,Graduate,0
61,24378.69787454216,15654.192992374117,60,825,4,Business,Under-Graduate,0
31,82491.75564878271,19269.77701494101,12,647,0,Salaried,Graduate,0
52,10000.0,13663.817145971041,24,470,4,Salaried,Under-Graduate,1
51,10000.0,10856.424098967587,60,728,3,Self-employed,Graduate,1
42,52126.30177846507,16812.78223860216,12,705,2,Self-employed,Graduate,0
57,30102.128842622267,10459.876564505383,48,679,1,Business,Post-Graduate,0
48,63542.11195897779,23271.843495252593,24,360,1,Self-employed,Graduate,0
59,43087.248970710934,24407.22028831465,12,829,3,Self-employed,Post-Graduate,0
56,57969.66808265312,15575.928809097157,48,500,2,Self-employed,Under-Graduate,0
53,22659.130571852475,11469.6879327404,36,356,3,Self-employed,Under-Graduate,1
47,42049.57816424881,16821.176010019415,60,384,0,Salaried,Graduate,0
25,41149.5621045719,4804.863727117252,60,405,2,Self-employed,Post-Graduate,0
48,96880.73661641139,8943.77493275586,60,313,4,Business,Post-Graduate,1
57,40941.031615695014,6270.231049714053,12,832,0,Salaried,Under-Graduate,0
58,10000.0,9063.463182622665,36,344,4,Salaried,Post-Graduate,1
48,72022.39957595436,10093.53181986639,12,845,0,Business,Post-Graduate,0
27,45116.43421704383,4713.714870859569,12,672,0,Salaried,Under-Graduate,0
39,55389.26259857889,12870.757741013344,36,370,0,Salaried,Post-Graduate,0
47,43093.26458748437,13453.83204868403,48,530,0,Business,Under-Graduate,0
45,24475.108969316338,19582.292005143892,24,823,2,Self-employed,Post-Graduate,0
28,76139.11238201425,15844.475910475874,60,422,2,Salaried,Graduate,0
35,30440.97773691966,26298.12383972061,36,368,0,Self-employed,Under-Graduate,1
34,20353.09026121497,19710.759698762897,48,410,3,Business,Under-Graduate,1
47,59406.436256500136,33735.31855903387,36,545,0,Salaried,Under-Graduate,0
64,53114.24947535559,5800.277510529537,24,672,0,Self-employed,Graduate,0
64,71387.54064701358,22979.283000106065,36,397,3,Business,Under-Graduate,0
23,55609.27821076887,2453.2074504062275,36,621,3,Salaried,Graduate,0
44,48496.72873782642,23479.30820357721,48,808,0,Salaried,Post-Graduate,0
49,68153.01442886108,18067.862084038872,60,675,1,Self-employed,Graduate,0
22,17043.236311754074,13190.913074822773,60,439,1,Salaried,Under-Graduate,1
53,46366.104865559246,16682.75845867169,48,680,3,Self-employed,Graduate,0
33,31069.336173595326,11072.598710298163,48,702,0,Self-employed,Graduate,0
56,55061.160440657695,10316.054719988042,12,602,4,Salaried,Graduate,0
47,66314.02424538221,18500.416553204523,12,465,4,Business,Graduate,0
52,55577.64902895414,2040.6342689631856,24,565,0,Salaried,Post-Graduate,0
33,64175.53289704476,17635.874597119084,12,654,0,Business,Post-Graduate,0
50,74779.25002110956,13996.134026716016,12,354,0,Self-employed,Post-Graduate,0
26,60068.5160842546,12385.027288751658,36,528,4,Self-employed,Under-Graduate,0
56,64825.94088139071,11062.831489959673,36,523,4,Salaried,Graduate,0
28,87491.92874656586,16889.98330532096,48,498,3,Salaried,Post-Graduate,0
37,102794.6451474328,23254.531439409555,60,552,2,Salaried,Under-Graduate,0
53,46862.42946682428,32826.120229042994,24,454,3,Self-employed,Under-Graduate,1
38,31199.197775607638,23961.396251410806,12,631,3,Salaried,Graduate,1
42,10000.0,21651.70735816547,36,707,1,Business,Graduate,1
48,88495.27618479903,8697.146092642448,60,803,3,Business,Graduate,0
61,38634.079610330475,10226.55111207765,12,741,3,Self-employed,Graduate,0
36,59253.09866096299,14963.809288677445,60,555,3,Self-employed,Graduate,0
44,63200.92785102786,18551.62084587306,36,715,3,Salaried,Graduate,0
29,66108.9740614551,11378.635596543698,48,699,2,Salaried,Post-Graduate,0
46,44982.6557168572,24484.895575314877,12,389,1,Business,Post-Graduate,1
32,65892.08183200899,9625.102272980006,12,440,4,Business,Graduate,1
42,60842.51070308953,4924.474371510878,24,305,0,Self-employed,Under-Graduate,0
31,36439.697917641206,23291.04798266032,12,639,4,Salaried,Post-Graduate,1
30,82528.3320088616,16889.305547418902,36,518,1,Salaried,Graduate,0
22,63536.99617952791,12704.334138476188,60,570,3,Salaried,Post-Graduate,0
43,24324.302158305592,4032.7735458501556,60,362,4,Salaried,Under-Graduate,1
27,42568.21260801242,22877.770391038728,48,832,3,Business,Under-Graduate,0
51,42119.299168322854,34029.931217989855,48,812,2,Salaried,Post-Graduate,0
55,38598.33988095282,18958.077632718327,36,554,2,Business,Graduate,0
34,62225.48531685027,9915.991800448657,60,425,1,Self-employed,Graduate,0
43,75822.88295544188,16900.96107600641,48,750,4,Salaried,Graduate,0
27,28114.657367557047,19502.306222818945,48,705,2,Business,Under-Graduate,0
62,42857.42910647893,18985.229345939646,24,657,1,Business,Under-Graduate,0
45,72924.82684528056,8495.926018604681,24,387,1,Business,Under-Graduate,0
42,33199.46838811059,10959.591608828956,36,690,1,Salaried,Under-Graduate,0
60,35726.07614350516,9024.448958932982,36,668,4,Business,Post-Graduate,0
44,10000.0,17958.529629051554,36,746,4,Business,Graduate,1
26,65374.99186818245,14488.82481164695,36,619,1,Self-employed,Graduate,0
28,54044.98543856162,24210.752732719906,60,572,0,Salaried,Post-Graduate,0
24,43317.58413350983,16976.78054114167,12,821,4,Business,Post-Graduate,0
34,17888.648236503792,20698.15009899448,36,315,4,Business,Graduate,1
33,43144.73863219466,12851.193131175198,24,667,0,Salaried,Graduate,0
27,11544.557827257835,1000.0,12,550,4,Salaried,Post-Graduate,0
55,46492.94354912255,25772.225841369218,12,659,4,Business,Post-Graduate,0
36,88414.6654434653,16003.095067373726,60,530,2,Salaried,Under-Graduate,0
39,53924.06800319197,18305.042149487977,48,552,0,Salaried,Post-Graduate,0
24,74648.70854981024,21534.80663557152,12,692,2,Salaried,Post-Graduate,0
43,76107.5942817457,17061.570368263674,60,816,0,Salaried,Under-Graduate,0
56,39436.15300781978,1000.0,60,818,0,Salaried,Graduate,0
49,62369.387349275,12185.688538369233,60,783,0,Business,Under-Graduate,0
62,10000.0,11148.271021100169,36,364,4,Business,Post-Graduate,1
63,55624.53941800127,11413.408496380413,48,518,1,Self-employed,Post-Graduate,0
33,71513.0759934364,13346.718200270272,36,507,3,Self-employed,Graduate,0
22,60448.66649836839,15444.07190740888,24,475,1,Salaried,Graduate,0
57,42825.839395482544,30438.462344652926,48,724,4,Salaried,Under-Graduate,1
51,75113.9328515634,19187.303036084377,36,309,4,Business,Graduate,1
44,72746.4758657632,20763.51203565767,48,588,3,Self-employed,Post-Graduate,0
58,49015.34236473479,11259.063214750153,24,315,4,Salaried,Graduate,1
49,79815.6565387111,26899.806044740057,36,627,0,Salaried,Post-Graduate,0
26,60361.225619514466,16073.223227602806,48,844,2,Self-employed,Graduate,0
57,17803.727803690002,14879.399297515114,24,846,2,Self-employed,Under-Graduate,0
31,56404.305193398824,1000.0,60,482,0,Salaried,Graduate,0
26,35663.10856609478,20664.48945154086,48,401,1,Self-employed,Post-Graduate,0
35,59939.18387901991,22452.153539967956,24,631,2,Self-employed,Under-Graduate,0
45,10000.0,22220.963323673066,60,378,0,Self-employed,Under-Graduate,1
49,81882.75955808314,3772.820779337484,24,316,1,Business,Graduate,0
42,72335.62133757959,22516.189811833377,12,669,2,Salaried,Graduate,0
61,81801.27623689157,12510.308430326048,24,320,0,Self-employed,Under-Graduate,0
33,49795.59014640841,4945.348447478977,36,704,2,Self-employed,Under-Graduate,0
41,73123.45759311292,32261.025360615495,36,316,2,Salaried,Post-Graduate,1
53,54231.35055650418,27102.680160864427,36,731,2,Business,Under-Graduate,0
59,30326.294980089966,20213.989041621826,36,719,3,Salaried,Under-Graduate,0
61,33773.345871692465,19192.89976424101,12,327,1,Self-employed,Under-Graduate,1
63,43096.05564033132,27527.967657956775,12,324,2,Self-employed,Under-Graduate,1
42,75001.78947277232,11100.163215407041,12,500,0,Salaried,Post-Graduate,0
38,74327.29482598379,34861.3666649111,60,602,3,Business,Under-Graduate,0
22,37063.607740932275,15337.562747234655,48,578,4,Salaried,Post-Graduate,1
49,64352.38540394911,22965.00033825606,36,374,4,Salaried,Under-Graduate,1
23,50324.80028889093,19313.333395896574,48,364,1,Salaried,Post-Graduate,1
38,31110.569704993122,6951.4088438266035,36,554,0,Business,Post-Graduate,0
60,26367.536964424933,15160.37227924949,36,571,3,Salaried,Graduate,1
35,45378.33897500771,26872.83110840068,36,824,0,Salaried,Post-Graduate,0
35,68666.26008949187,8815.711880574638,12,635,3,Salaried,Post-Graduate,0
39,39860.98278567752,25876.53539550172,60,507,3,Self-employed,Post-Graduate,1
61,65803.11136660301,20311.823109600824,36,334,4,Business,Graduate,1
55,56202.83346766456,4520.87816391418,36,413,1,Self-employed,Post-Graduate,0
64,17241.76032662132,14998.511090717107,36,331,1,Self-employed,Graduate,1
22,90158.77478827274,14602.634027343367,24,455,0,Salaried,Post-Graduate,0
63,73898.70330258957,6839.954475411588,36,803,3,Self-employed,Post-Graduate,0
39,21830.027302939703,17405.950460975724,12,652,3,Salaried,Post-Graduate,1
55,57985.36047344556,4147.367215628721,12,602,2,Salaried,Post-Graduate,0
44,79518.66033368639,22020.880424234172,48,417,1,Salaried,Under-Graduate,0
37,58210.04099493308,7894.331267288813,12,334,3,Self-employed,Under-Graduate,1
40,41707.09828072414,12498.734480869489,48,619,0,Business,Under-Graduate,0
58,47542.69682379038,14977.57735986402,60,517,4,Salaried,Post-Graduate,1
27,44977.3763729646,27130.21789957594,24,567,4,Business,Under-Graduate,1
45,47169.44267286927,4876.559371908301,12,343,1,Business,Graduate,0
38,72488.01265730591,10976.869843833256,36,473,1,Self-employed,Post-Graduate,0
37,59453.05751719399,16232.853528301586,60,497,2,Salaried,Under-Graduate,0
60,32738.849254283537,14482.229017855661,36,601,1,Self-employed,Graduate,0
62,44553.51448385247,15877.750319524075,48,398,3,Business,Graduate,1
27,42068.798629928475,13362.153799682548,48,704,3,Business,Post-Graduate,0
37,55786.39425908282,17237.585074332877,24,603,3,Business,Post-Graduate,0
30,27660.996088347005,1000.0,60,446,3,Salaried,Graduate,0
50,19863.626503664254,26329.81852362002,48,687,2,Salaried,Graduate,1
25,31442.096204118752,14433.815248669587,36,843,1,Self-employed,Post-Graduate,0
47,18795.108319712093,36551.10843818177,12,645,1,Business,Graduate,1
59,19451.507495421065,12300.063151027889,12,455,1,Salaried,Under-Graduate,0
47,74488.24835047925,23278.717040671647,60,741,2,Business,Under-Graduate,0
35,47427.93843695125,9032.49633155376,60,501,2,Salaried,Graduate,0
56,57437.76999599681,15340.900464862736,48,441,3,Self-employed,Graduate,0
64,51215.96982866078,6971.769517638229,12,403,2,Business,Post-Graduate,0
45,52336.06262053658,12447.907461738985,24,514,2,Salaried,Under-Graduate,0
29,55970.4865211046,9144.182535719025,24,608,0,Self-employed,Under-Graduate,0
61,61752.392011932025,18971.74358766631,24,407,3,Self-employed,Under-Graduate,1
46,57385.46321301462,28222.274854180418,24,759,3,Salaried,Under-Graduate,0
25,105767.58046192318,18606.525337759544,48,836,0,Self-employed,Under-Graduate,0
36,29494.517831159512,37958.90027331606,36,528,1,Salaried,Under-Graduate,1
37,28800.000437712773,20654.044023599236,24,507,0,Business,Post-Graduate,0
32,39058.34184263044,7534.622021498481,48,820,0,Self-employed,Graduate,0
49,23540.02299392616,34407.91954899313,24,704,0,Business,Under-Graduate,1
28,44235.79106893931,22288.22117585242,24,480,2,Salaried,Post-Graduate,0
59,30869.195508582503,3861.623591629197,36,455,0,Business,Post-Graduate,0
45,51629.18414152759,14830.930448398125,24,686,4,Self-employed,Graduate,0
52,51468.38062820016,21428.86272861966,48,401,0,Self-employed,Graduate,0
25,23900.695393875973,19510.00097761123,48,415,1,Self-employed,Graduate,1
58,65328.63338414818,21404.122336349694,12,770,1,Self-employed,Graduate,0
56,33956.78380277244,23141.462992148132,60,303,1,Salaried,Graduate,1
27,31241.910662942853,10192.836799485392,24,497,0,Business,Post-Graduate,0
54,58786.980986117895,19047.41025253441,24,503,3,Salaried,Graduate,0
53,50000.723438537956,16711.18654062024,48,695,1,Self-employed,Post-Graduate,0
59,50026.015562578985,12976.071242519894,24,677,0,Business,Under-Graduate,0
56,30145.682505368863,21685.30550647303,48,773,1,Self-employed,Under-Graduate,0
38,27738.757780948403,16578.90804105597,12,690,2,Business,Graduate,0
53,65951.09000929531,23940.66735732051,24,735,2,Business,Under-Graduate,0
35,48525.05906491754,17481.083656749826,12,362,0,Self-employed,Post-Graduate,0
40,54582.86410387539,12418.522721980906,12,474,1,Salaried,Under-Graduate,0
45,53051.87039336716,16282.733065962842,60,335,1,Self-employed,Under-Graduate,0
60,63553.36097646979,20453.857331861458,48,313,4,Business,Under-Graduate,1
32,48850.8519799326,15312.011824602596,12,464,1,Salaried,Under-Graduate,0
28,45361.191190370926,11460.655161372768,48,480,3,Salaried,Post-Graduate,1
45,64342.70754422444,16276.573447340532,60,711,2,Salaried,Under-Graduate,0
45,94693.35067810636,26416.67921071493,48,492,1,Salaried,Graduate,0
35,25158.805473914308,20349.05999731904,60,602,3,Business,Post-Graduate,1
45,39027.199699362835,17920.503367362664,24,545,0,Business,Graduate,0
32,55859.403909527035,13489.54849225491,60,707,2,Self-employed,Post-Graduate,0
29,10000.0,16739.191878038313,60,313,0,Business,Under-Graduate,1
36,72207.42277459109,7389.5150996368475,60,730,1,Self-employed,Post-Graduate,0
63,65898.62290461455,13573.749951363885,36,378,0,Business,Graduate,0
23,50601.04762587879,19246.11865195555,12,300,2,Self-employed,Graduate,1
45,59327.413219186616,15887.99837233949,48,765,0,Salaried,Post-Graduate,0
31,80137.12650125335,12036.597310596411,48,810,0,Salaried,Graduate,0
53,55783.85370082235,5216.674328380832,36,794,0,Business,Graduate,0
38,24697.169300518006,14014.980467985117,24,414,3,Salaried,Post-Graduate,1
31,69208.63972668778,9099.185831075749,12,573,3,Self-employed,Under-Graduate,0
43,68529.30216118509,14784.37536938898,12,746,1,Self-employed,Under-Graduate,0
27,54164.84736044895,17249.91498814632,12,605,0,Salaried,Under-Graduate,0
48,102301.16723081906,26556.879166190993,12,623,3,Salaried,Graduate,0
41,47902.78632237014,22441.043915388494,36,697,2,Salaried,Graduate,0
22,14115.775777621297,16911.255651255145,48,690,2,Business,Under-Graduate,1
38,55188.771457017705,31738.279287925445,24,611,0,Self-employed,Post-Graduate,0
22,52935.64927202147,18247.348877774544,24,313,1,Business,Under-Graduate,0
58,94534.62263100283,9278.52451749634,24,469,3,Business,Post-Graduate,0
36,57134.81664197589,13276.268298696008,36,408,3,Self-employed,Graduate,1
22,45173.6450882921,35631.5996173879,36,342,3,Self-employed,Graduate,1
38,24894.338968858403,9259.739822337353,60,657,1,Self-employed,Under-Graduate,0
64,86156.45191730915,12595.782225459412,36,774,4,Business,Post-Graduate,0
59,10000.0,23000.15394216725,12,374,3,Self-employed,Post-Graduate,1
64,59386.0552263226,7943.104824367974,48,606,0,Salaried,Under-Graduate,0
23,10000.0,23236.01090363777,24,804,3,Self-employed,Post-Graduate,1
39,44164.42324528465,24316.669095125926,36,379,3,Business,Graduate,1
33,42891.364016144005,17310.155026738827,48,793,4,Salaried,Post-Graduate,0
50,36268.85233754239,28301.930205318255,12,558,0,Salaried,Graduate,0
44,42598.374801633,13679.423077189387,36,803,0,Business,Under-Graduate,0
30,52804.01193016653,22521.67597671185,36,627,0,Business,Post-Graduate,0
29,40781.2277786133,1000.0,48,410,3,Self-employed,Under-Graduate,0
37,47638.05668834422,20383.18494600346,12,813,3,Salaried,Under-Graduate,0
44,36105.524744013215,25810.50697218004,36,840,2,Self-employed,Post-Graduate,0
50,45157.22261248142,21453.29139641571,48,546,4,Salaried,Post-Graduate,1
31,69457.0868709017,12011.299278558654,12,520,0,Business,Post-Graduate,0
33,40771.22117785358,3061.966094768857,36,614,0,Salaried,Graduate,0
33,81228.31541123404,24268.16397332192,36,694,2,Salaried,Under-Graduate,0
51,69427.70721399365,8375.133612285701,24,779,3,Salaried,Graduate,0
31,66426.54272720034,9436.391675927898,60,323,2,Self-employed,Under-Graduate,0
35,50147.7880321633,12907.428406387051,12,540,2,Salaried,Under-Graduate,0
25,30979.57899464574,20375.354807812888,48,651,3,Self-employed,Graduate,0
41,51978.374856600756,24725.805023557656,24,652,1,Salaried,Under-Graduate,0
62,85177.3216767082,31311.347607093325,36,649,4,Self-employed,Graduate,0
60,33497.52610137568,16336.297864666753,48,393,1,Self-employed,Post-Graduate,0
28,55876.76332095142,17658.48004216655,24,626,1,Salaried,Under-Graduate,0
51,31843.285495536384,18931.07193038983,24,352,4,Business,Graduate,1
62,41943.02620826305,11501.711921758873,60,669,1,Business,Post-Graduate,0
45,56000.11249880527,20961.241493572856,24,393,3,Salaried,Under-Graduate,1
31,57287.05520588462,10668.225942508921,12,744,1,Salaried,Under-Graduate,0
59,52343.45547378944,24297.954386716563,60,589,1,Business,Under-Graduate,0
57,62129.69841386868,7589.313368268661,60,657,1,Self-employed,Under-Graduate,0
38,59087.81732772045,22484.23987966429,36,360,3,Business,Post-Graduate,1
42,43442.16580214813,22614.82126496813,36,778,2,Business,Under-Graduate,0
24,64466.74765293075,3046.705230055646,12,551,0,Business,Under-Graduate,0
22,30663.467512914583,18168.33033026806,48,480,4,Self-employed,Post-Graduate,1
39,44830.739234254565,27994.664931589537,12,447,4,Business,Post-Graduate,1
23,40712.383986562025,17357.055552847498,60,345,3,Salaried,Under-Graduate,1
61,57446.49608368526,16102.885634382197,36,417,0,Salaried,Post-Graduate,0
25,10000.0,11587.82063542332,12,392,1,Self-employed,Post-Graduate,1
53,42011.55164988237,19662.323608824405,36,842,4,Salaried,Graduate,0
40,59132.2171475318,12795.846810054249,12,512,1,Self-employed,Post-Graduate,0
41,99399.47649501936,19422.659206449825,12,453,3,Business,Graduate,0
63,50994.63380917054,21644.48305799355,24,778,3,Business,Graduate,0
28,28359.024660838946,17847.556670997612,12,746,3,Salaried,Graduate,0
30,63487.70590697703,24560.52917174541,36,577,2,Salaried,Graduate,0
28,36394.730369991536,18854.425845729176,12,612,3,Business,Graduate,1
48,22842.01322528415,12705.499053361373,48,740,1,Business,Post-Graduate,0
42,53653.57590106233,1145.7189500015338,24,453,2,Salaried,Post-Graduate,0
56,76451.85600678195,11917.991775291086,12,454,1,Self-employed,Post-Graduate,0
45,33965.165385817316,14323.017481346056,48,836,3,Self-employed,Under-Graduate,0
53,45771.71329045176,20137.872850756343,36,700,2,Self-employed,Post-Graduate,0
33,63856.96285960798,1000.0,48,613,0,Salaried,Graduate,0
44,70454.28697407538,1334.1760801742748,24,322,3,Self-employed,Under-Graduate,0
57,78524.55069796079,1000.0,36,605,2,Self-employed,Under-Graduate,0
50,36054.978669081596,14951.929765369745,12,699,2,Business,Post-Graduate,0
24,47496.9655222561,5050.97940218154,12,651,2,Business,Under-Graduate,0
64,10000.0,19184.749353632717,48,510,4,Business,Post-Graduate,1
29,42106.23031382788,12502.667241532006,12,395,2,Business,Post-Graduate,1
55,29027.323372466348,3102.427866625727,36,732,0,Business,Graduate,0
35,52810.203985215325,23874.817601431183,36,659,3,Salaried,Under-Graduate,0
57,67714.7363959859,15462.420141226132,12,348,3,Self-employed,Under-Graduate,0
53,63804.841041425636,24205.197413872454,48,520,3,Self-employed,Under-Graduate,0
28,26806.801052473715,15930.336118385996,12,305,2,Salaried,Post-Graduate,1
31,42033.449237483146,27996.99266344347,60,354,3,Self-employed,Under-Graduate,1
33,59222.27573224339,20727.84243586626,12,314,0,Self-employed,Graduate,0
61,52500.30840629369,4681.7682960146085,24,822,4,Self-employed,Under-Graduate,0
44,35929.87442381313,11422.776799397056,12,682,0,Business,Under-Graduate,0
32,57492.620606040015,10428.530174900352,60,466,4,Business,Graduate,0
34,65322.82805184214,1000.0,24,675,3,Salaried,Post-Graduate,0
33,46208.481273364516,22806.76432694582,48,373,1,Business,Post-Graduate,0
28,30192.103838903007,19185.690018648813,24,484,4,Self-employed,Under-Graduate,1
31,57546.11258258975,27280.846377510854,36,387,0,Salaried,Graduate,0
28,32751.061588965997,2704.9841594388326,60,655,0,Self-employed,Graduate,0
48,76446.92105260471,6579.696790817061,36,364,1,Self-employed,Graduate,0
28,10000.0,7850.1824035458285,36,572,4,Salaried,Post-Graduate,1
45,43502.566444720665,27634.77456144735,24,490,4,Self-employed,Post-Graduate,1
44,32194.582137924925,27072.287493224867,24,337,0,Salaried,Post-Graduate,1
46,64245.69196278607,5251.482307093223,36,673,4,Salaried,Graduate,0
57,78665.13592798603,18696.42902664333,48,679,1,Self-employed,Post-Graduate,0
54,36914.93984401135,20772.715677160195,12,336,4,Self-employed,Under-Graduate,1
58,31243.27367664458,14629.257222523127,12,551,4,Self-employed,Post-Graduate,1
63,62878.394335436366,31607.424459655766,60,434,1,Self-employed,Under-Graduate,0
60,14207.671034455896,1000.0,24,310,3,Salaried,Post-Graduate,1
28,54929.93549029561,1000.0,12,501,4,Business,Under-Graduate,0
51,49324.791623822406,16520.946062985295,48,633,0,Self-employed,Graduate,0
52,45622.654224503254,5937.341138771293,60,718,2,Salaried,Post-Graduate,0
58,33222.61979039847,22838.86868422464,24,537,0,Business,Under-Graduate,0
42,10000.0,2764.7210350371697,12,719,0,Salaried,Graduate,0
55,69476.77588839343,20639.007333948844,36,753,3,Business,Under-Graduate,0
42,62588.01021827687,15440.113808716163,48,607,3,Business,Post-Graduate,0
61,48843.09224238511,30168.388046692664,48,469,0,Business,Post-Graduate,0
41,54590.21566725982,8996.217946506049,24,448,4,Self-employed,Post-Graduate,0
55,46986.047847027316,28442.421643651724,48,800,0,Business,Graduate,0
29,69644.0584363091,21765.328568441397,24,812,4,Business,Post-Graduate,0
53,46025.32980876193,7736.196341347238,48,751,1,Salaried,Graduate,0
51,49367.30540522661,8027.223427103545,12,821,1,Self-employed,Graduate,0
50,52946.04721002401,24262.85145762391,24,739,3,Salaried,Post-Graduate,0
26,42301.86932126661,16583.64046162127,48,446,2,Self-employed,Post-Graduate,0
51,48144.897994251056,14272.36030879393,12,597,2,Self-employed,Post-Graduate,0
33,47367.32434509872,29467.483580972796,12,669,3,Self-employed,Post-Graduate,1
60,36296.115587860055,21760.081391428597,12,532,1,Business,Under-Graduate,0
48,30942.416204142453,8616.351369239996,24,423,3,Self-employed,Under-Graduate,0
34,46047.612768735664,10911.027365683742,24,710,1,Self-employed,Under-Graduate,0
31,43943.69557620091,18733.68751605755,48,547,4,Self-employed,Graduate,0
57,71169.77264980698,17151.49521245923,36,761,1,Self-employed,Graduate,0
52,30756.334347242497,21070.280205142455,36,681,1,Salaried,Under-Graduate,0
37,38840.938713381256,21907.56410218993,60,397,1,Business,Post-Graduate,1
60,53690.4778270584,27670.135838854083,36,405,2,Self-employed,Graduate,1
57,57963.940987328475,11926.990721263164,36,749,1,Business,Graduate,0
47,47218.2952932026,34285.100943108104,48,412,0,Business,Graduate,1
41,66369.75590078115,22610.16449796798,24,779,4,Self-employed,Graduate,0
55,47910.78641318548,17333.54035302932,36,768,2,Self-employed,Under-Graduate,0
58,32633.43634718114,13895.91388005083,60,665,0,Business,Under-Graduate,0
29,49215.55066002927,18209.480446985322,48,638,2,Business,Graduate,0
25,64903.71484728518,1000.0,12,475,2,Salaried,Post-Graduate,0
50,69447.91091205904,14241.981715912732,12,595,0,Business,Under-Graduate,0
52,68890.04019264884,25641.68823237296,60,393,3,Self-employed,Graduate,1
23,53873.676640868616,11820.15023908552,24,654,3,Business,Under-Graduate,0
46,55251.95622509631,1000.0,12,367,1,Self-employed,Graduate,0
59,61795.9925979588,4484.143863487718,24,448,0,Salaried,Post-Graduate,0
24,17432.715363686588,12564.44963889729,36,304,1,Self-employed,Graduate,1
63,35645.492228861614,17692.383063514073,36,545,3,Self-employed,Graduate,1
64,55973.63061943587,8322.880958556438,36,743,0,Business,Graduate,0
26,30282.339280739216,4120.599383830277,12,483,0,Business,Post-Graduate,0
43,73029.51066578801,9189.710565144753,12,586,0,Self-employed,Graduate,0
37,71349.89471841961,30464.63619574662,24,511,1,Salaried,Graduate,0
30,39161.092264029845,36092.841569007505,24,836,2,Self-employed,Under-Graduate,0
30,31872.121719887313,19231.026608850054,60,516,2,Self-employed,Graduate,0
33,58600.42621736492,17173.72867907659,36,784,2,Self-employed,Under-Graduate,0
63,24458.05560338209,24017.30812171429,48,634,0,Self-employed,Graduate,0
25,52795.97377829023,4090.1375159981944,48,471,3,Salaried,Post-Graduate,0
39,106605.24973121611,10580.337045790082,36,818,1,Self-employed,Post-Graduate,0
39,29831.54367297667,1000.0,60,606,1,Self-employed,Post-Graduate,0
63,34357.215534093426,18739.330527666134,24,452,3,Self-employed,Graduate,1
64,37650.77169849994,14649.187988210899,12,786,2,Business,Post-Graduate,0
54,32040.066696336307,8696.755987609158,60,710,4,Business,Post-Graduate,0
63,33053.83313733451,30558.68589405391,60,720,3,Salaried,Graduate,1
24,84379.80834411077,24935.823267648622,36,610,2,Salaried,Under-Graduate,0
59,51254.55879022059,14747.401109100612,24,786,0,Self-employed,Graduate,0
38,68187.01611010905,8626.09224223042,48,799,3,Salaried,Graduate,0
33,73988.67518670124,17487.511171339498,48,391,2,Self-employed,Under-Graduate,0
32,13917.112757616123,15841.174751387922,48,792,1,Salaried,Post-Graduate,0
38,34613.772005094084,10904.160119920876,60,371,4,Business,Graduate,1
56,31862.636809137446,7180.814041114892,12,376,4,Self-employed,Under-Graduate,1
62,10000.0,16939.747520900703,24,345,4,Self-employed,Under-Graduate,1
27,58519.05106894064,16803.95641373955,12,814,2,Business,Post-Graduate,0
56,56073.77958564987,6372.918285909831,48,633,2,Salaried,Graduate,0
27,76446.89960354354,1000.0,12,514,0,Self-employed,Under-Graduate,0
53,59482.41323150572,12268.342235618105,60,376,4,Business,Graduate,1
32,10000.0,3546.1746263979076,36,788,1,Salaried,Graduate,0
64,35959.56540673321,8630.138346591017,12,530,4,Salaried,Post-Graduate,0
60,37407.72102841751,10588.443698716317,12,349,3,Salaried,Graduate,1
34,60227.25078331546,18628.13512466631,12,406,3,Self-employed,Post-Graduate,1
34,10000.0,10504.673323314346,48,731,1,Business,Under-Graduate,0
60,60879.26360729052,17188.19168689414,12,797,2,Self-employed,Post-Graduate,0
55,65762.0428642061,7776.330066911565,24,306,4,Salaried,Post-Graduate,1
24,44996.29216561833,17633.591041559317,60,591,3,Self-employed,Under-Graduate,0
53,34019.814297536024,12407.891615345248,24,641,1,Salaried,Post-Graduate,0
25,73563.18405114158,17332.617330344052,24,579,0,Salaried,Post-Graduate,0
61,22328.66790929152,25395.717615499925,48,835,3,Business,Under-Graduate,1
22,72914.18129549176,13493.33359690268,12,611,3,Self-employed,Post-Graduate,0
30,68171.71724248356,13776.68424563177,60,790,4,Business,Graduate,0
28,61213.76006127687,18561.187229095896,60,376,2,Self-employed,Post-Graduate,1
48,86336.51202438024,19190.513816126448,60,423,3,Self-employed,Post-Graduate,0
24,50338.63678854361,1000.0,12,583,3,Self-employed,Graduate,0
43,62420.082958731204,5833.270015639111,60,781,4,Salaried,Post-Graduate,0
37,49038.6056208805,16903.503849368935,60,523,2,Business,Under-Graduate,0
29,43575.86336286405,28134.863746623916,36,377,0,Business,Under-Graduate,0
26,60573.42427837694,3146.5036503120336,36,368,0,Business,Graduate,0
51,43933.31369746499,10424.789181947115,60,398,0,Salaried,Under-Graduate,0
49,51251.303375887066,16951.11079155483,24,367,0,Self-employed,Post-Graduate,0
48,51359.84475612568,7231.317139143172,12,377,2,Self-employed,Under-Graduate,0
43,41903.326765174985,19333.093780451112,24,445,0,Salaried,Post-Graduate,0
51,64692.758645673,20738.818635456137,24,374,4,Self-employed,Post-Graduate,1
58,14574.567716258542,18514.741506053673,12,813,4,Self-employed,Post-Graduate,1
28,36097.46652042192,16608.966351129486,12,386,4,Business,Post-Graduate,1
51,30527.15214991367,6867.000991793397,48,347,0,Salaried,Post-Graduate,0
34,56143.50055417832,12635.23492462096,48,341,4,Self-employed,Under-Graduate,1
43,45245.78019355582,25158.118970861684,48,433,4,Salaried,Post-Graduate,1
32,21623.657064842806,17907.750130127206,60,318,1,Salaried,Graduate,1
26,59401.533494899355,1000.0,60,419,0,Self-employed,Graduate,0
43,54549.663503931595,21557.45374168135,60,634,4,Self-employed,Graduate,0
36,50729.39695064885,18265.012247086663,48,830,2,Salaried,Under-Graduate,0
60,65613.06527395565,12254.207779845772,12,369,4,Salaried,Graduate,1
58,60440.10103805746,13333.606879723973,60,733,1,Self-employed,Post-Graduate,0
52,45338.94623744269,10092.744498088723,12,488,2,Business,Under-Graduate,0
50,58324.466023390145,15586.73349930697,48,702,2,Self-employed,Under-Graduate,0
60,77391.00056543795,15037.048842015129,12,686,3,Salaried,Post-Graduate,0
38,46932.243984209395,13025.368425392782,60,432,1,Salaried,Graduate,0
62,74929.21717509339,17105.237642909124,12,521,1,Self-employed,Post-Graduate,0
27,87904.18253762086,13993.753396517526,48,366,4,Self-employed,Graduate,1
62,56600.47524184647,23022.082644618207,60,530,1,Salaried,Graduate,0
38,29890.816024811087,21675.325214724246,60,449,2,Salaried,Graduate,1
55,44053.908883838965,4211.953058900979,48,408,2,Salaried,Graduate,0
44,53256.52162289812,17980.433432246136,24,728,4,Business,Graduate,0
51,50403.10452427544,12775.92976023882,36,794,2,Business,Post-Graduate,0
34,52577.39325061027,7242.228114260764,48,380,4,Salaried,Under-Graduate,1
51,74299.71030452667,17646.842173591343,12,839,3,Salaried,Under-Graduate,0
41,32998.237293487226,18241.933337620765,24,787,1,Self-employed,Under-Graduate,0
27,57362.31542349553,37084.46629018651,48,307,1,Salaried,Post-Graduate,1
52,68425.50833743406,1000.0,36,774,1,Business,Post-Graduate,0
40,44984.48826862171,11245.296021259783,60,553,3,Salaried,Under-Graduate,0
27,29480.66421884039,35082.271309264856,36,792,1,Business,Graduate,1
55,45892.99256893423,8977.412317979262,36,504,3,Self-employed,Under-Graduate,0
49,29170.816654138063,17912.527480478893,48,466,3,Business,Under-Graduate,1
34,35869.20581947396,16627.941623701485,60,626,4,Self-employed,Graduate,0
31,61627.982244750594,15687.31723979531,60,524,0,Business,Graduate,0
62,55287.32035187887,10484.070989555636,36,729,0,Business,Graduate,0
28,64240.45510713755,11118.89803397633,48,778,4,Business,Post-Graduate,0
39,59676.39664572893,17543.756573102863,60,408,4,Business,Graduate,1
43,45879.72113138249,13485.26874345756,60,716,4,Business,Under-Graduate,0
35,29800.560391485593,17444.249196845205,12,672,1,Self-employed,Under-Graduate,0
57,56473.531626758064,18827.227855649526,36,577,2,Salaried,Under-Graduate,0
29,39311.28893326923,22874.597044899405,24,710,4,Self-employed,Under-Graduate,1
33,47213.724756905685,23511.016774452284,36,490,3,Salaried,Graduate,1
61,35701.97043433402,16372.545771952571,48,320,0,Self-employed,Post-Graduate,0
54,68078.3643971909,6056.672847691427,60,549,1,Business,Under-Graduate,0
45,10000.0,25189.303109817847,60,674,2,Salaried,Graduate,1
63,60303.83552040174,17793.422627174717,12,583,0,Salaried,Graduate,0
60,52982.58160722759,21781.372367696385,60,819,0,Self-employed,Post-Graduate,0
35,67737.19853496419,18866.12530357855,60,741,0,Salaried,Post-Graduate,0
26,25548.67516838069,13420.24207814836,24,744,3,Business,Graduate,0
40,49079.021592792415,12522.575292359004,36,716,3,Salaried,Under-Graduate,0
24,41443.53408031831,28006.289006677114,60,830,3,Self-employed,Under-Graduate,0
22,46836.324847958684,16005.591398672179,48,841,2,Salaried,Post-Graduate,0
61,50352.46627249096,14907.720847742103,24,761,0,Self-employed,Graduate,0
62,40408.736805107845,8845.998908045287,24,441,4,Business,Under-Graduate,1
58,47836.09136264547,13085.34783527003,12,415,2,Self-employed,Graduate,0
54,74780.29452570966,23066.874458730865,48,406,3,Self-employed,Graduate,0
38,78944.31308721066,15808.282885208466,24,845,3,Salaried,Under-Graduate,0
30,54774.5094991444,25807.43249413443,36,477,3,Self-employed,Under-Graduate,1
52,79330.17022362041,18116.618644986775,48,331,1,Self-employed,Under-Graduate,0
56,21123.592102970295,16240.066366248522,36,597,0,Self-employed,Post-Graduate,0
24,66095.46657172975,11816.52794074897,12,460,4,Self-employed,Post-Graduate,0
34,54248.237853713814,15858.906361084793,12,711,0,Self-employed,Graduate,0
58,42578.824050957475,8586.690245549995,60,722,2,Self-employed,Under-Graduate,0
59,62261.45248008917,20429.6616358553,36,393,1,Salaried,Under-Graduate,0
35,53129.152044904775,14972.7963458201,36,842,2,Salaried,Graduate,0
27,38013.36790720889,13459.107940828886,12,451,3,Self-employed,Under-Graduate,0
50,63990.0351135338,13303.044025781572,36,761,3,Self-employed,Under-Graduate,0
30,49097.68647426683,20874.073851395107,48,655,4,Self-employed,Under-Graduate,0
57,35712.51104580399,10356.34197118379,60,835,0,Business,Post-Graduate,0
44,66210.32016645289,23540.092047138503,60,517,2,Self-employed,Graduate,0
36,15914.020996001345,11914.378306292147,48,653,3,Salaried,Under-Graduate,0
28,82861.95553343555,20386.96976059133,24,700,4,Salaried,Post-Graduate,0
46,68133.00649945595,11592.384785005615,36,399,4,Self-employed,Post-Graduate,1
58,12181.296142700347,10688.487710717358,24,720,2,Salaried,Graduate,0
44,74276.97496168516,27155.95362278996,24,605,0,Salaried,Under-Graduate,0
32,51699.978280908304,20638.083156887616,36,549,1,Business,Post-Graduate,0
29,10000.0,16006.938519817342,12,728,4,Self-employed,Post-Graduate,1
57,12768.968760343312,3476.9970861318598,36,575,2,Salaried,Graduate,0
63,61449.52002185498,18504.909619303846,12,614,3,Salaried,Post-Graduate,0
60,28149.592898098796,23283.02163463556,48,614,1,Self-employed,Under-Graduate,0
22,32500.645122555947,16625.038389464928,12,389,1,Salaried,Post-Graduate,0
34,52105.19962787678,15282.123090782574,24,694,0,Business,Post-Graduate,0
37,60115.86062837862,16635.532208673936,24,738,2,Self-employed,Under-Graduate,0
34,54253.58987973888,18585.663376738812,24,550,0,Salaried,Post-Graduate,0
58,31870.91305677113,10456.377576390998,12,535,4,Self-employed,Graduate,0
35,35001.35430640548,14941.324695825357,24,376,4,Salaried,Post-Graduate,1
34,28787.41300478295,16105.915761665816,60,399,2,Business,Graduate,1
33,54608.070785677985,22695.683418250046,36,760,3,Salaried,Graduate,0
49,53597.193023366985,1000.0,24,697,4,Business,Under-Graduate,0
43,57966.642818914544,22914.149912579498,12,544,4,Self-employed,Graduate,1
41,53680.05947551945,2801.1509676048136,24,680,3,Business,Post-Graduate,0
40,52257.45941868757,9824.407625811979,12,351,1,Self-employed,Under-Graduate,0
32,67868.47800192621,15020.625058016705,36,461,2,Salaried,Graduate,0
51,51950.274510342526,20827.604363976883,12,490,1,Salaried,Graduate,0
47,67676.64800431006,23882.325600264332,36,421,0,Salaried,Graduate,0
36,42149.88224834733,9697.676745691955,24,710,3,Salaried,Post-Graduate,0
51,34269.147003668644,19875.770490736904,60,593,2,Self-employed,Post-Graduate,0
50,74015.67021934029,8236.073919905532,24,545,3,Self-employed,Graduate,0
53,40605.30865127978,5972.166446143983,36,483,3,Salaried,Under-Graduate,0
51,47812.227196507665,27567.2672797446,48,748,1,Self-employed,Post-Graduate,0
37,33451.66409907659,27200.985187802533,48,645,1,Self-employed,Under-Graduate,0
57,89744.94637388905,12559.05026133124,48,467,0,Self-employed,Post-Graduate,0
39,19386.327128140172,3758.619980168787,24,704,2,Salaried,Under-Graduate,0
62,69652.52153681227,6083.445142127088,12,715,3,Business,Under-Graduate,0
60,12781.830777775758,23899.655685300382,60,823,0,Business,Graduate,1
49,42437.138552480166,18354.142446858983,60,335,3,Self-employed,Graduate,1
40,64805.114662776854,6477.181156592507,24,315,0,Business,Graduate,0
32,83587.18828417615,16457.630640930725,36,505,3,Business,Graduate,0
38,45224.367404953715,8812.566023561605,24,793,1,Self-employed,Under-Graduate,0
42,39190.17875771768,2605.9143965509265,48,722,4,Self-employed,Graduate,0
58,54073.13049492715,6579.350577498215,36,504,0,Self-employed,Post-Graduate,0
55,83024.70592538212,23630.10014398524,60,456,0,Salaried,Graduate,0
54,53395.36052353389,1596.8074784654927,24,714,4,Business,Graduate,0
50,60216.595968660724,13917.600067431618,12,598,1,Business,Post-Graduate,0
25,37200.80193111464,6192.904591459104,12,318,0,Self-employed,Graduate,0
53,68182.95667269065,24482.00729007248,60,798,1,Salaried,Graduate,0
32,18673.637138236165,13483.634969853414,36,437,3,Self-employed,Graduate,1
47,75054.4617873237,23196.205646864586,48,342,3,Salaried,Post-Graduate,1
39,76578.1570515191,9201.340309311128,12,603,4,Business,Post-Graduate,0
53,90415.7488851538,16694.487959540307,12,595,2,Self-employed,Graduate,0
48,76535.5188782826,9706.575662927231,24,589,1,Self-employed,Post-Graduate,0
37,39209.24271820822,4128.582387150995,60,665,2,Business,Under-Graduate,0
31,79309.13881067619,8212.610844381668,12,668,2,Salaried,Post-Graduate,0
55,72603.99990183892,11588.31977266702,24,428,1,Salaried,Graduate,0
54,35505.2409051615,4598.797792861638,36,574,2,Business,Post-Graduate,0
31,54169.29005248944,21341.474873204555,12,556,0,Salaried,Graduate,0
63,10000.0,8194.906390131278,60,675,3,Business,Under-Graduate,1
47,22412.38985544478,23340.97557999666,24,387,4,Business,Under-Graduate,1
63,66419.2352085931,8919.050292328131,36,515,1,Business,Graduate,0
46,82698.81935669546,12126.55876179085,24,658,4,Salaried,Post-Graduate,0
23,66496.44303638919,8427.797538654813,48,780,3,Self-employed,Under-Graduate,0
47,51107.014254651556,14877.111979300122,60,583,4,Business,Graduate,0
41,29338.58314065054,8554.616111826106,60,406,1,Salaried,Graduate,0
24,62887.140162465,7830.89690769533,12,782,4,Business,Under-Graduate,0
53,11674.097277459892,26900.903636034982,24,323,2,Salaried,Graduate,1
22,60299.202349357656,24474.35085294483,36,531,2,Business,Under-Graduate,0
45,31967.241417116875,30731.93417679563,12,343,3,Salaried,Under-Graduate,1
64,65106.21229759424,14031.710539354657,60,685,2,Business,Post-Graduate,0
54,66075.1478678975,1000.0,24,780,4,Business,Graduate,0
59,38690.98616187068,14437.230705051761,36,377,0,Business,Under-Graduate,0
56,68676.43704878575,8949.546185061205,60,617,4,Salaried,Under-Graduate,0
38,14916.597408999107,11254.494199123243,36,442,0,Self-employed,Post-Graduate,0
64,47128.77078275204,14667.711769240215,24,815,4,Business,Under-Graduate,0
54,65821.12989840639,28758.19621625424,36,511,0,Salaried,Post-Graduate,0
32,62434.10951442998,15803.012015382114,12,812,0,Salaried,Under-Graduate,0
44,38886.10159765304,31520.00338564832,12,624,1,Salaried,Graduate,0
59,67642.09427079523,9598.244019746093,24,825,1,Self-employed,Graduate,0
53,68384.05042450796,26844.198121762078,60,521,4,Self-employed,Graduate,1
40,26532.653836672416,16346.525093595943,48,785,2,Self-employed,Post-Graduate,0
33,47760.72010013487,1000.0,48,754,1,Business,Graduate,0
49,53900.91532387076,16425.2052154044,48,407,0,Business,Post-Graduate,0
23,53614.97716875757,20625.778901061924,60,786,4,Salaried,Post-Graduate,0
31,66228.79871869119,2052.7412208910027,12,669,2,Salaried,Post-Graduate,0
40,41735.19456022542,12775.700902245964,12,692,4,Business,Under-Graduate,0
49,82716.34054526576,10871.152333140111,12,418,0,Salaried,Post-Graduate,0
29,42121.0152189582,22743.84901422035,24,808,1,Salaried,Under-Graduate,0
64,27319.85531449423,11496.427003869281,12,653,1,Self-employed,Post-Graduate,0
44,45466.02288714199,11920.597483185811,12,612,3,Business,Post-Graduate,0
51,55082.685739937646,8015.964149573385,12,363,3,Self-employed,Under-Graduate,1
49,26425.872559701187,7379.9572552884465,48,557,4,Salaried,Under-Graduate,1
34,43854.73576138683,7147.487636323522,36,305,4,Business,Graduate,1
58,25196.62313499902,5449.531243906991,12,616,2,Self-employed,Graduate,0
33,64063.061426526205,5015.3118644449405,36,717,1,Business,Under-Graduate,0
31,46450.49909619939,26949.81179323092,12,316,1,Salaried,Graduate,1
38,10000.0,26149.199063824235,48,581,3,Salaried,Under-Graduate,1
22,70760.78008226241,24179.97720297052,48,703,0,Salaried,Under-Graduate,0
43,26588.432726717543,15586.118939001779,36,741,0,Business,Graduate,0
36,103338.54781277268,11595.396656586066,48,665,3,Business,Under-Graduate,0
37,36331.321964937604,19161.76782777549,24,654,4,Self-employed,Under-Graduate,0
41,38433.17797172036,26776.264489570727,60,654,1,Business,Graduate,0
31,53208.25493829736,16810.584264299167,60,609,1,Self-employed,Post-Graduate,0
63,10000.0,11854.62624897687,12,712,1,Self-employed,Post-Graduate,0
47,58808.38985180933,19713.602323052768,48,531,0,Self-employed,Under-Graduate,0
44,64024.12829397178,41827.41245030955,60,760,4,Business,Graduate,0
38,68125.52719417319,8675.792841298997,36,389,0,Business,Graduate,0
55,55614.59501483705,6669.357558066484,36,449,4,Business,Post-Graduate,1
62,51821.56518523625,24797.973199837856,36,754,3,Self-employed,Under-Graduate,0
43,19650.836148130253,23293.124091905753,12,688,4,Salaried,Post-Graduate,1
25,59863.060772961275,6668.527202117792,60,607,0,Self-employed,Post-Graduate,0
28,49163.62123206463,17475.41910149501,60,556,1,Self-employed,Under-Graduate,0
26,41459.11206909224,12267.99230075835,60,673,0,Self-employed,Under-Graduate,0
52,29341.87780057863,5038.59709929655,36,491,3,Business,Under-Graduate,0
40,59597.72582628924,5463.404622662765,36,822,1,Self-employed,Under-Graduate,0
25,43547.34625453339,10412.488726754997,12,681,0,Self-employed,Under-Graduate,0
43,12358.0741363474,16273.332265732242,24,735,1,Self-employed,Under-Graduate,1
24,45539.19817885668,20633.947115585663,60,434,3,Salaried,Under-Graduate,0
44,34591.5826335383,11824.742419543605,12,478,4,Business,Graduate,1
25,67519.62380555057,12843.371423475386,36,520,4,Self-employed,Graduate,0
45,46684.09392882372,19632.467207514856,24,521,2,Self-employed,Post-Graduate,0
35,44745.49975852559,12559.616992138057,48,612,1,Salaried,Post-Graduate,0
62,56174.6270506171,12909.630040276421,24,594,3,Business,Graduate,0
24,83498.45872108164,24343.625843085214,12,833,0,Self-employed,Graduate,0
42,58121.15035150814,11977.66777999459,24,456,0,Business,Under-Graduate,0
47,34207.30533953139,10082.806526484477,36,751,2,Self-employed,Post-Graduate,0
22,18861.102908599347,10183.171514306228,24,302,0,Self-employed,Graduate,1
51,76604.61996949954,13646.024690729908,36,500,3,Business,Under-Graduate,0
25,10000.0,25174.100126735488,24,688,3,Salaried,Graduate,1
35,49566.87475850943,18468.09765415994,12,622,4,Self-employed,Post-Graduate,0
39,96987.57788352424,14000.411084797452,48,644,1,Business,Graduate,0
33,14447.02002427436,14130.626914163902,60,715,1,Self-employed,Graduate,0
59,27659.688919248547,21174.21488375169,24,396,0,Self-employed,Post-Graduate,1
63,53984.449572624675,14093.832492532469,48,840,1,Salaried,Graduate,0
57,33884.80573432992,13976.300327420482,24,658,2,Salaried,Post-Graduate,0
37,47686.30092183503,17664.548038502133,48,408,1,Business,Under-Graduate,0
22,58502.40266562803,9273.690869015618,36,749,0,Self-employed,Under-Graduate,0
24,61385.01968392034,30650.151121806906,48,822,1,Self-employed,Graduate,0
60,72159.69978800922,30109.349350598935,60,394,3,Business,Under-Graduate,1
56,18368.461683336616,15693.895179604058,48,431,3,Self-employed,Post-Graduate,1
36,75325.43081344926,14049.752920029383,60,541,4,Self-employed,Post-Graduate,0
59,76932.70531297935,7924.256774432707,60,676,4,Business,Graduate,0
37,66914.13778491109,15615.368451829681,48,494,4,Salaried,Under-Graduate,0
38,27367.825419989003,7068.518581586122,60,557,4,Self-employed,Post-Graduate,0
55,26341.8569123443,13786.18110215713,60,603,1,Salaried,Post-Graduate,0
31,55932.0512376165,20951.028307236535,36,800,0,Salaried,Graduate,0
32,62877.02722857395,23294.529653272977,12,489,1,Salaried,Under-Graduate,0
49,73509.1775977735,26661.029358064985,36,638,0,Business,Post-Graduate,0
48,40382.3256838835,18698.07376249745,12,318,0,Business,Graduate,1
59,62532.0719707104,7968.440053936231,12,714,0,Business,Graduate,0
39,61444.20825003211,26781.063558398466,36,361,0,Salaried,Post-Graduate,0
51,36911.4490051065,22692.788013679623,60,366,3,Salaried,Post-Graduate,1
34,41186.4190957126,11756.847690911898,36,474,0,Salaried,Graduate,0
37,18067.248102242647,7041.78436522203,60,680,1,Self-employed,Under-Graduate,0
23,28720.850805946775,16568.270999944438,36,818,0,Salaried,Graduate,0
41,37400.0168402468,25453.80082453822,36,532,3,Self-employed,Under-Graduate,1
33,60438.30645280019,11598.853990267444,24,833,1,Salaried,Post-Graduate,0
50,95252.59343052123,16241.983539772153,48,649,2,Self-employed,Post-Graduate,0
29,59695.67545505078,19775.665105252418,36,424,1,Self-employed,Post-Graduate,0
59,25108.089288847434,3434.7236166279145,48,337,3,Business,Graduate,0
41,40452.50403516634,10067.093435359853,60,547,3,Business,Under-Graduate,0
56,71004.86299516991,27995.556894406487,24,440,4,Salaried,Graduate,1
60,33937.69989180027,1000.0,24,396,2,Business,Graduate,0
52,79984.01020914971,24636.625306300484,12,555,0,Self-employed,Graduate,0
37,63690.5394920055,24541.294563482814,48,653,3,Business,Under-Graduate,0
44,44969.479148321676,18413.353163707798,24,774,4,Business,Under-Graduate,0
55,11737.851794284463,16160.73974313302,60,826,4,Self-employed,Post-Graduate,1
53,70150.00722999751,1871.793058305484,12,667,0,Salaried,Graduate,0
38,62873.644031190255,18907.908090605913,24,834,1,Salaried,Under-Graduate,0
64,59452.399553626456,11557.986106691376,60,564,2,Self-employed,Graduate,0
45,103502.0092557383,24695.800559199826,48,604,0,Business,Post-Graduate,0
56,31278.689179644774,17696.92041481148,60,728,0,Salaried,Post-Graduate,0
44,80431.75581294694,2610.135965377478,60,587,1,Self-employed,Graduate,0
29,46269.92523584727,8862.703243415144,60,592,1,Salaried,Post-Graduate,0
44,55102.99891453601,2531.213626402614,36,336,3,Self-employed,Under-Graduate,0
42,56242.74932728599,4339.685216828875,24,600,1,Business,Under-Graduate,0
40,66691.94479029517,21902.66501208181,60,435,1,Salaried,Under-Graduate,0
52,35709.689545235284,13048.780103532757,12,787,2,Self-employed,Under-Graduate,0
28,97875.98684515123,9210.83767588815,36,540,2,Salaried,Post-Graduate,0
45,27888.700055236393,14775.838540537261,60,474,2,Business,Under-Graduate,1
29,42864.90450191146,11942.794475637247,60,637,0,Salaried,Post-Graduate,0
34,86867.52737867156,16254.432886796925,24,658,2,Self-employed,Post-Graduate,0
24,73596.3960073021,32013.334968391824,36,556,2,Business,Graduate,0
55,42866.26210354958,14854.026412538122,60,751,4,Self-employed,Post-Graduate,0
34,63606.19124134387,23961.738936176178,60,517,2,Business,Graduate,0
53,28452.275368047496,1000.0,48,502,0,Salaried,Post-Graduate,0
56,33788.388694094145,11981.188198842248,12,554,4,Business,Under-Graduate,0
42,42717.390943365026,5002.68997570898,12,395,0,Business,Graduate,0
22,78528.1729677479,16911.643226950495,24,647,0,Business,Post-Graduate,0
23,10000.0,21167.165616761053,36,430,4,Business,Post-Graduate,1
63,67610.5996726678,22012.184207372964,60,587,4,Self-employed,Graduate,0
64,42088.784809971854,13935.286385846674,36,355,4,Business,Graduate,1
47,62423.29665954634,24708.939567075853,24,633,4,Self-employed,Under-Graduate,0
24,61676.99546169375,17548.330917321822,48,483,0,Self-employed,Under-Graduate,0
45,49463.2812902971,19573.10040197776,24,303,4,Salaried,Post-Graduate,1
47,34889.58508353684,11211.764499377898,12,734,1,Salaried,Post-Graduate,0
29,36662.27911282109,10749.335994262869,48,812,2,Business,Post-Graduate,0
58,43728.53646747496,12565.761574220374,60,693,2,Business,Post-Graduate,0
29,17481.37596243921,25295.145994206465,24,463,1,Salaried,Graduate,1
39,51788.76945442223,11215.884584534131,36,677,0,Salaried,Graduate,0
39,35884.506972631854,2732.871979428579,36,347,0,Self-employed,Post-Graduate,0
33,40740.05108211993,13369.158424331274,12,829,2,Business,Post-Graduate,0
57,45881.820564282745,10238.767040567393,12,631,3,Salaried,Under-Graduate,0
61,65005.64640576614,23367.21518526546,12,455,1,Salaried,Post-Graduate,0
23,74764.22127293065,16274.831408145084,12,798,1,Self-employed,Under-Graduate,0
41,77455.03767932576,18684.671088646945,60,308,2,Self-employed,Under-Graduate,0
24,58212.61451125213,23676.74382077136,48,451,4,Salaried,Post-Graduate,1
61,42206.19910184514,17495.73048118382,12,773,3,Business,Graduate,0
55,23843.239422553514,7210.7372412636905,24,326,0,Self-employed,Under-Graduate,0
27,98817.70871456731,18109.34966879882,60,498,0,Self-employed,Under-Graduate,0
61,85619.05222186219,24680.01342966451,48,382,0,Business,Post-Graduate,0
31,67839.18149179907,15009.005561265862,60,353,0,Salaried,Graduate,0
45,63161.26735736764,15641.842921022126,36,442,1,Salaried,Under-Graduate,0
39,42920.03017563037,10896.67298372724,60,552,1,Business,Post-Graduate,0
54,52609.17044229974,16653.56061440037,60,396,4,Business,Graduate,1
60,68412.56785982894,18703.66870140262,36,734,1,Self-employed,Graduate,0
28,12182.240360012212,24346.929950988946,36,752,4,Salaried,Graduate,1
50,37756.65784640855,29003.723681344498,36,528,4,Salaried,Under-Graduate,1
40,50211.660479319384,19107.23911358742,60,496,0,Salaried,Graduate,0
59,11537.51201290205,27128.7784468101,36,784,0,Business,Under-Graduate,1
60,20249.72865854456,17754.383926152812,12,470,1,Business,Post-Graduate,1
46,36835.920173210136,19958.201712305796,24,813,1,Salaried,Graduate,0
38,51720.1262611655,35648.77883390324,24,585,4,Business,Under-Graduate,1
58,80206.2083700028,14312.504294160159,36,796,2,Business,Graduate,0
24,41056.27766358467,6092.320044866596,48,758,0,Business,Under-Graduate,0
45,87622.57919421309,32737.13261353522,60,332,3,Salaried,Post-Graduate,1
39,35454.58648243756,20443.947877761108,24,822,2,Salaried,Under-Graduate,0
47,47484.71798797027,5750.495773615359,12,679,0,Salaried,Post-Graduate,0
42,20380.307545121985,13845.42790726701,48,353,0,Self-employed,Graduate,1
32,41281.86503112524,18722.83048979052,48,630,1,Salaried,Under-Graduate,0
62,11938.175984036723,9109.896598789808,12,396,3,Self-employed,Post-Graduate,1
38,117715.59059412732,5185.003156139719,60,804,3,Business,Graduate,0
59,29098.620636124575,21588.772422559694,60,447,0,Business,Post-Graduate,0
42,57180.20511528935,1000.0,36,816,4,Business,Graduate,0
25,40460.746909112444,10869.557001838552,12,794,3,Salaried,Post-Graduate,0
53,45295.64347857527,10672.482352745032,12,579,2,Self-employed,Under-Graduate,0
39,48471.23238862549,7059.321037725489,12,715,4,Salaried,Post-Graduate,0
49,68989.28947493587,12210.67433653565,36,586,1,Salaried,Graduate,0
57,60163.7059325024,13414.795839010956,24,405,0,Business,Post-Graduate,0
58,54835.816727752535,1000.0,60,505,0,Self-employed,Post-Graduate,0
47,61593.59417529173,17215.145790851064,36,417,2,Salaried,Under-Graduate,0
45,57422.49348911164,21588.58224857195,36,779,2,Self-employed,Graduate,0
31,24476.877684622767,26753.100665424696,36,670,1,Salaried,Graduate,1
59,45036.55891497189,14593.391068279612,12,527,1,Business,Post-Graduate,0
29,63676.10867048134,1000.0,36,580,3,Salaried,Graduate,0
23,38095.40066653383,21696.70042921908,24,734,4,Self-employed,Graduate,0
56,57142.74229245039,15578.705796660008,48,416,0,Business,Graduate,0
42,72047.98389407159,21025.80534501494,36,840,3,Salaried,Under-Graduate,0
48,36121.54981160641,15874.150807475506,24,324,1,Self-employed,Under-Graduate,0
44,70364.93109033402,19427.33193523666,12,386,2,Self-employed,Under-Graduate,0
53,47881.65676339906,7747.428632332517,48,486,3,Business,Graduate,0
47,51464.86602878474,5787.495282207454,60,554,2,Business,Under-Graduate,0
28,66929.12938787078,13974.833933716975,60,695,4,Salaried,Graduate,0
54,61865.34365333489,14708.3552639957,12,477,2,Business,Under-Graduate,0
38,10000.0,8566.999536480325,12,439,0,Salaried,Post-Graduate,1
29,13302.478177085955,8692.831334752322,60,381,4,Self-employed,Graduate,1
63,60634.639940984765,8401.176120521059,12,731,2,Business,Post-Graduate,0
38,47176.99787838491,24323.117077559888,60,830,3,Self-employed,Post-Graduate,0
63,17937.760774727467,7324.113280809983,12,667,0,Self-employed,Post-Graduate,0
39,36814.93778743497,19103.84650850898,60,352,0,Salaried,Under-Graduate,0
57,16079.111484987348,8663.583443553223,24,846,1,Business,Under-Graduate,0
60,47892.36727028477,18647.350846716625,12,668,1,Salaried,Post-Graduate,0
44,75165.0279882526,25913.85732680413,60,350,3,Business,Post-Graduate,1
33,35700.98835839837,23885.81627818804,12,660,1,Salaried,Post-Graduate,0
44,54914.52182796744,12645.721464478844,60,342,2,Salaried,Under-Graduate,1
54,47911.46688957992,17176.767711242253,60,846,1,Salaried,Post-Graduate,0
49,82023.23162987232,11460.2654188987,48,826,0,Self-employed,Post-Graduate,0
44,75364.33853235246,22528.49792669388,12,368,3,Business,Graduate,1
28,18221.29285314031,14393.877966912098,24,384,2,Self-employed,Post-Graduate,1
23,46172.1303479224,25894.5680343907,36,468,0,Self-employed,Graduate,0
22,32284.6205472406,7348.383237256525,36,329,0,Salaried,Graduate,0
25,37981.729441963,8611.253911481203,12,446,4,Salaried,Graduate,1
29,65707.3819805909,20092.181006047114,60,387,1,Self-employed,Under-Graduate,0
50,53862.01514182735,18488.388222624195,60,601,2,Business,Post-Graduate,0
39,65430.23936123584,29604.170968351526,24,323,3,Salaried,Post-Graduate,1
58,10000.0,12946.31499819675,12,719,3,Self-employed,Graduate,1
52,68608.88924321932,10571.723067302772,36,476,3,Business,Graduate,0
27,58561.73218842865,10404.942561980522,24,486,4,Business,Graduate,1
45,82139.12867515489,12709.564224402511,12,513,2,Self-employed,Graduate,0
62,37783.74040653771,17896.97850842869,12,594,0,Self-employed,Post-Graduate,0
36,71522.1847887905,1821.9464356055832,12,496,4,Business,Post-Graduate,0
61,55841.08116157879,5135.151008480514,48,747,1,Business,Graduate,0
33,52660.95865740851,16809.683633246685,24,480,0,Self-employed,Graduate,0
35,40242.32497570933,17970.145644923443,12,353,3,Self-employed,Graduate,1
48,48108.110115212,12414.624344803347,24,464,1,Business,Graduate,0
58,30413.910907669964,18642.740164035094,36,735,2,Salaried,Under-Graduate,0
34,42045.051988414714,2837.300782399716,12,829,2,Business,Post-Graduate,0
59,38184.66865998357,9044.550055600153,60,555,4,Business,Post-Graduate,0
59,44276.58599433691,8868.810045993436,12,597,2,Business,Under-Graduate,0
24,46365.3738117122,7978.330606498795,12,435,3,Business,Graduate,0
37,46866.84616607566,21653.510914770977,24,776,4,Salaried,Graduate,0
33,49843.39962336147,22605.79749906769,24,413,4,Self-employed,Post-Graduate,1
35,49649.22961432249,1000.0,48,656,3,Business,Under-Graduate,0
55,52161.329566835004,1000.0,12,722,2,Self-employed,Graduate,0
52,49399.833528352894,16018.684808188398,36,616,1,Self-employed,Post-Graduate,0
60,44590.52784272747,10225.883031493846,24,486,4,Self-employed,Post-Graduate,0
26,58605.149530873685,13922.879358380767,48,565,1,Business,Post-Graduate,0
33,74247.75927610014,17574.261205135615,60,846,1,Business,Under-Graduate,0
47,43287.96888477396,29204.501598864244,60,341,1,Business,Under-Graduate,1
38,39300.034467026366,14406.829914667323,48,387,1,Salaried,Under-Graduate,0
32,57531.22074863487,21856.90226987324,60,584,3,Self-employed,Under-Graduate,0
54,52155.46382604663,11529.940088703219,12,454,0,Salaried,Under-Graduate,0
62,30663.02514218405,18656.327742240974,24,593,2,Salaried,Under-Graduate,0
61,34974.969583576836,20663.604993789053,36,836,0,Business,Post-Graduate,0
25,38108.34337029401,10873.619459004061,60,593,0,Self-employed,Post-Graduate,0
53,29264.228312466916,9581.31340737998,12,358,4,Self-employed,Graduate,1
52,58766.07934156919,11179.280004255106,24,765,0,Business,Graduate,0
32,65294.835694507216,21956.675193616917,12,818,0,Business,Graduate,0
38,33770.57760527822,20810.36741564065,12,495,3,Salaried,Under-Graduate,1
48,22791.15346654613,1000.0,24,596,1,Business,Under-Graduate,0
29,53453.45772537361,11629.056397672808,60,501,0,Salaried,Graduate,0
42,50616.41842103746,18443.91964769734,60,734,0,Self-employed,Graduate,0
54,96037.11687851902,27456.5916741248,12,591,4,Salaried,Under-Graduate,0
26,63350.29572547422,14200.446709969303,48,780,2,Business,Under-Graduate,0
53,27454.61397862777,17996.194591116342,60,582,4,Self-employed,Post-Graduate,1
46,30967.230501594797,15817.003266706564,12,518,2,Salaried,Graduate,0
29,56307.085026727065,10817.994832924807,36,589,2,Salaried,Under-Graduate,0
48,48903.84134561635,4243.687320735118,36,801,2,Self-employed,Post-Graduate,0
47,47791.95263893569,4981.798684328251,48,808,3,Salaried,Post-Graduate,0
61,51337.600824719804,21297.805698987693,12,689,3,Salaried,Under-Graduate,0
50,65507.04560055288,15963.363304897783,36,358,1,Salaried,Under-Graduate,1
30,87081.47067910738,9101.18784418911,60,356,2,Business,Post-Graduate,0
39,76588.59653889302,3583.108926717956,12,336,3,Business,Post-Graduate,0
28,29709.934666659407,21187.18796396319,48,766,3,Business,Under-Graduate,0
63,39308.20950993929,7041.183350421729,48,425,0,Salaried,Graduate,0
42,10000.0,20408.576200155516,60,762,2,Self-employed,Graduate,1
37,54218.832263734555,13952.535565785729,36,636,4,Salaried,Graduate,0
24,39498.32260484434,14659.511375029097,36,484,0,Salaried,Graduate,0
53,49612.038387363384,29004.027383114328,48,351,3,Business,Graduate,1
31,33542.35573686779,1000.0,24,643,3,Business,Graduate,0
53,33330.27617502126,7971.875750902212,48,713,3,Salaried,Graduate,0
29,19192.67458680656,27791.929242693564,48,615,3,Business,Under-Graduate,1
53,43615.829695833505,22478.587117871724,12,445,4,Salaried,Post-Graduate,1
25,61378.64472445306,13070.051510766312,60,675,1,Business,Post-Graduate,0
50,36520.9148629969,29936.35239527926,12,504,1,Salaried,Post-Graduate,1
33,63032.75550011047,23029.98349542413,48,757,2,Salaried,Post-Graduate,0
58,36173.937740189394,10816.767100700563,12,530,3,Self-employed,Graduate,0
57,50013.743176084805,6415.132090110386,36,567,2,Business,Under-Graduate,0
40,77111.28451788067,26194.05261832139,48,657,4,Self-employed,Post-Graduate,0
58,40243.020455292935,8493.123159181696,36,788,2,Business,Graduate,0
52,54501.5836746142,16998.251783792803,36,339,1,Business,Graduate,0
47,55194.275947125534,26974.544572523868,60,491,1,Business,Graduate,0
27,55456.54271650641,16444.05251056474,36,574,1,Self-employed,Under-Graduate,0
50,60603.47991219003,15082.347395403774,12,655,2,Business,Under-Graduate,0
38,54925.77913882763,1638.828441147174,12,454,3,Salaried,Under-Graduate,0
41,29460.46037194133,22978.05156603659,24,818,0,Salaried,Post-Graduate,0
63,41730.62976183429,1000.0,60,490,1,Business,Post-Graduate,0
31,61512.462634087846,25821.39825871782,24,376,2,Business,Under-Graduate,0
27,64092.290787977756,1532.603119937543,36,354,0,Business,Under-Graduate,0
53,35143.08471353588,8371.203259327072,48,780,1,Business,Under-Graduate,0
23,69451.65933875875,24346.854101371875,12,438,1,Business,Under-Graduate,0
31,40455.40637608398,26578.681572966794,48,700,4,Business,Graduate,1
58,56651.500871678494,15756.32614461381,24,529,1,Self-employed,Post-Graduate,0
48,53903.86415412783,12109.770947047971,24,621,0,Salaried,Graduate,0
62,31738.691678044663,16225.785568759207,12,366,0,Business,Post-Graduate,0
40,44514.67982284156,1000.0,24,397,3,Self-employed,Graduate,0
62,10000.0,23735.57703925671,48,413,0,Self-employed,Graduate,1
37,42127.35842956629,10037.126190388833,24,715,2,Business,Graduate,0
41,74672.45801474812,12966.837735423122,48,312,2,Self-employed,Under-Graduate,1
57,11902.445754952947,15680.374591219976,36,521,1,Salaried,Graduate,1
26,32623.225433970096,17219.832921049307,60,722,3,Business,Graduate,0
39,40772.207018937785,18571.858848091728,12,320,1,Business,Under-Graduate,1
29,10000.0,24803.76719009739,24,795,3,Salaried,Under-Graduate,1
34,10000.0,25163.35905937205,12,514,4,Self-employed,Post-Graduate,1
62,91204.3324285018,14757.76900531366,24,443,3,Business,Graduate,0
31,61737.52169752476,20879.93277145066,36,789,4,Salaried,Post-Graduate,0
57,69991.51643576928,21960.99538387588,48,639,4,Salaried,Post-Graduate,0
40,57005.68692410856,1095.7165480007989,12,411,1,Business,Graduate,0
52,61591.398438262724,11497.166194653524,36,681,2,Salaried,Post-Graduate,0
57,43632.56762481801,7749.226157088163,36,377,3,Business,Under-Graduate,1
50,70857.40996921198,15209.995711522743,60,385,1,Self-employed,Under-Graduate,0
44,78680.0436532525,25045.04458233195,36,660,4,Business,Graduate,0
53,36470.162817741126,21231.38029645428,60,783,4,Business,Post-Graduate,0
32,45043.155377414994,21559.385501239027,36,773,0,Salaried,Graduate,0
23,38394.492388315426,11842.190214114084,48,375,0,Salaried,Under-Graduate,0
53,48289.42094662419,11868.067170688457,36,330,3,Self-employed,Graduate,1
26,64817.05823870362,10173.291991866432,48,659,2,Business,Under-Graduate,0
52,46424.63230554341,7832.245971041465,24,623,0,Self-employed,Under-Graduate,0
34,15062.620294300446,19610.63058304923,36,467,4,Salaried,Under-Graduate,1
43,69394.67641893633,10609.085909892008,36,582,1,Self-employed,Post-Graduate,0
56,34715.49073615735,4595.892407763562,24,519,2,Business,Post-Graduate,0
40,58118.4726241483,17300.14317992335,60,571,3,Business,Post-Graduate,0
50,60070.03272411083,15539.102576735675,48,666,1,Business,Post-Graduate,0
44,41446.68409195806,17376.971292404232,24,412,3,Salaried,Under-Graduate,1
40,31689.889621887134,26574.079495256774,24,824,1,Salaried,Under-Graduate,0
37,40435.436564064454,15192.04446424441,12,663,1,Business,Under-Graduate,0
52,81931.81401033771,9861.144564868886,24,587,2,Salaried,Post-Graduate,0
37,31025.44585252341,9803.775129627882,60,354,3,Self-employed,Graduate,1
47,27978.78928089122,7309.145221321576,60,542,0,Self-employed,Graduate,0
24,53814.6143328726,8875.065234741345,60,452,1,Business,Post-Graduate,0
44,45739.170247630536,4997.0941640142355,48,468,1,Salaried,Post-Graduate,0
30,41801.9207919508,15949.463561078659,48,408,0,Business,Post-Graduate,0
45,31945.39683586484,9590.964859906653,36,637,2,Self-employed,Post-Graduate,0
54,49583.24080777737,16027.00060684898,24,335,2,Self-employed,Under-Graduate,1
35,46771.417721395934,12094.895953105406,60,639,2,Salaried,Post-Graduate,0
49,76737.50366189863,14153.128583181,24,430,4,Self-employed,Under-Graduate,0
45,32280.991619558677,29025.579791663688,36,358,4,Salaried,Post-Graduate,1
64,40271.556843420905,24154.88406654194,36,790,2,Salaried,Under-Graduate,0
28,75686.47428971276,2685.32770193955,60,459,2,Self-employed,Under-Graduate,0
59,39650.15862724099,10123.137405290996,24,628,0,Self-employed,Under-Graduate,0
46,35565.63102718308,1000.0,36,667,4,Business,Post-Graduate,0
23,58934.379601950204,11782.460138629347,12,643,3,Salaried,Under-Graduate,0
22,53169.231438759845,17658.514949962075,48,611,2,Business,Post-Graduate,0
44,43815.50353401956,23584.593790096646,24,513,2,Salaried,Under-Graduate,0
61,51511.509064940954,23185.27504405247,60,457,2,Self-employed,Under-Graduate,1
39,59488.83897932767,17543.36581105934,36,463,1,Salaried,Post-Graduate,0
29,53215.59248254664,7538.144562313448,36,581,4,Business,Graduate,0
55,61539.64613102051,21756.445385390656,36,349,3,Salaried,Post-Graduate,1
64,46237.547387203354,15390.807999832725,48,429,1,Self-employed,Graduate,0
29,29404.789082568524,16517.96050176054,24,661,1,Business,Post-Graduate,0
50,61329.314252054595,30620.24525689108,36,562,3,Salaried,Under-Graduate,0
34,44579.671747583336,7446.794436156927,48,454,3,Salaried,Post-Graduate,0
22,44060.68037169318,31593.77920719594,12,635,3,Salaried,Graduate,0
50,64920.34675478324,29386.729132550252,24,604,3,Salaried,Under-Graduate,0
58,83204.39034427583,15543.989812261401,60,345,3,Salaried,Post-Graduate,1
22,16395.347845860102,16547.29830555398,24,547,2,Self-employed,Post-Graduate,1
26,43686.99478986643,9343.253621067299,36,512,3,Self-employed,Under-Graduate,0
23,48463.83754718417,16521.50762857469,60,709,3,Business,Graduate,0
43,52185.35921774033,15747.580664175257,24,808,4,Salaried,Post-Graduate,0
51,46356.84329770353,9490.778103803754,60,301,2,Self-employed,Graduate,1
32,48228.7382605563,9281.421927454707,24,619,1,Self-employed,Post-Graduate,0
50,57339.35326058071,13088.347960910734,12,552,2,Salaried,Post-Graduate,0
63,46100.78973159621,14926.316161403065,12,771,0,Business,Post-Graduate,0
24,39346.29641693696,1299.4059619479467,12,388,3,Salaried,Graduate,0
34,38757.578521681855,24017.505186287974,24,314,1,Business,Under-Graduate,1
24,76563.9215221567,11019.754584502314,60,464,0,Business,Post-Graduate,0
31,89666.21743760243,12595.743427114736,12,726,1,Self-employed,Under-Graduate,0
25,43236.032412560206,16420.543668516148,48,774,2,Business,Post-Graduate,0
35,43660.448004109785,12862.099648346983,48,718,0,Self-employed,Post-Graduate,0
44,57838.811146579035,24114.901276476427,12,709,3,Self-employed,Graduate,0
38,52669.7542990744,12725.746246408278,12,768,3,Salaried,Under-Graduate,0
22,47052.59125402091,10333.764475790987,36,736,0,Salaried,Under-Graduate,0
36,24999.59757042113,19959.74051613491,48,504,2,Business,Graduate,1
23,33691.372724512476,21080.819080363683,48,329,0,Salaried,Under-Graduate,1
39,63837.423045511736,35025.73075222512,12,821,2,Salaried,Post-Graduate,0
60,44421.53506438901,1000.0,36,584,1,Business,Post-Graduate,0
43,89326.13530879562,15611.165667302657,60,691,2,Salaried,Under-Graduate,0
49,88468.404714904,20447.068679021795,36,736,0,Self-employed,Under-Graduate,0
51,31648.62842691562,7720.517855471002,36,438,0,Salaried,Under-Graduate,0
34,76434.10067039795,26248.36051168046,48,713,1,Salaried,Graduate,0
24,47331.45831738645,9523.678002554221,12,847,0,Salaried,Under-Graduate,0
24,52901.24218374151,15947.305625441943,12,829,4,Self-employed,Under-Graduate,0
47,64056.54494499783,23700.227543801455,12,436,0,Business,Post-Graduate,0
25,70051.21306860846,6258.000326177751,36,689,4,Self-employed,Graduate,0
37,35577.19268075409,13935.767035981313,36,497,0,Business,Under-Graduate,0
49,93787.9216014361,21142.2899519171,24,705,0,Self-employed,Under-Graduate,0
29,55589.732867281746,16206.86265028283,60,756,1,Salaried,Graduate,0
61,10467.396344826717,20348.58683014092,24,753,4,Self-employed,Post-Graduate,1
37,44763.81868198406,21395.818504019746,60,386,1,Business,Graduate,1
52,92309.71854159045,10768.744292910938,24,508,4,Salaried,Post-Graduate,0
44,38171.71934023207,27949.868184363146,24,523,4,Business,Under-Graduate,1
23,95792.16296274075,8276.203511549986,24,552,3,Salaried,Under-Graduate,0
30,52477.604294518445,25855.86867065308,24,459,4,Salaried,Graduate,1
48,49918.16307718577,17812.365357308445,36,528,1,Self-employed,Under-Graduate,0
43,29019.244181388196,10069.870006692214,60,494,1,Business,Graduate,0
55,62339.059221366406,8099.972966072926,24,676,2,Self-employed,Graduate,0
30,43454.98201903069,17247.40188173742,24,443,0,Business,Graduate,0
54,49604.84068684764,13240.839698009313,12,429,3,Self-employed,Under-Graduate,1
59,45765.811221450225,18906.888265164704,36,750,0,Salaried,Post-Graduate,0
55,66844.66193926604,13187.567169690063,48,340,1,Business,Under-Graduate,0
56,45905.46648981361,15599.201709294128,12,313,3,Business,Post-Graduate,1
47,10000.0,19094.47916203034,48,732,4,Self-employed,Post-Graduate,1
28,33059.082861381554,14497.783047639672,24,732,1,Business,Post-Graduate,0
48,23620.929649893787,12946.241241043655,60,838,1,Self-employed,Under-Graduate,0
33,79648.56674218707,17848.69037483875,48,722,1,Self-employed,Post-Graduate,0
38,61952.00243841973,12067.504674081916,48,628,1,Business,Under-Graduate,0
42,50959.15738103881,20372.825785939487,48,821,3,Self-employed,Under-Graduate,0
64,46089.90913184814,18637.739106369463,60,384,0,Business,Graduate,0
43,21699.37823169066,20589.818671122383,12,301,0,Salaried,Under-Graduate,1
47,45485.27621777288,20542.116447110224,36,506,4,Self-employed,Under-Graduate,1
60,69055.54979653793,13003.992499805287,60,711,1,Salaried,Under-Graduate,0
34,66373.01169547225,1000.0,12,420,1,Self-employed,Under-Graduate,0
63,58569.572878320476,13708.58790114013,24,756,0,Business,Post-Graduate,0
63,22171.413253327104,16901.080581657705,12,841,4,Self-employed,Post-Graduate,0
44,35350.91217290307,14046.079917410943,48,308,2,Self-employed,Under-Graduate,1
51,57442.19437990102,9240.102861451169,12,611,3,Business,Under-Graduate,0
38,27039.536874860907,24922.657869192917,12,503,0,Salaried,Graduate,1
48,64435.6136738001,8588.94652105317,24,799,3,Business,Post-Graduate,0
41,23369.924589494865,9534.908508492486,24,444,0,Salaried,Under-Graduate,0
28,27945.873023767774,11420.126789815155,12,700,4,Salaried,Graduate,0
25,23507.523041948614,12648.751852629677,60,782,1,Self-employed,Graduate,0
52,40114.44580872947,10333.369955384242,24,399,2,Self-employed,Under-Graduate,0
51,19580.661618487968,14844.776684188228,48,502,3,Salaried,Graduate,1
52,40275.56109441056,15835.305589535204,60,507,2,Business,Graduate,0
25,31776.385423691354,7301.163609093395,12,566,1,Salaried,Graduate,0
39,36304.85159164861,6115.797695311132,48,805,0,Self-employed,Post-Graduate,0
41,63382.07823513486,20756.845357431488,48,549,4,Business,Graduate,1
61,49788.416265095024,14615.568761338853,60,738,1,Business,Graduate,0
61,63365.20731895495,23019.13092857309,12,686,2,Self-employed,Under-Graduate,0
44,94391.88194226746,20121.982479632385,48,761,2,Business,Under-Graduate,0
59,16240.203078225124,12641.822746906557,24,795,2,Business,Post-Graduate,0
30,39100.39412861723,18483.964419710213,24,436,0,Salaried,Under-Graduate,0
37,29415.489535164466,20955.5413505717,60,472,2,Salaried,Post-Graduate,1
42,36092.04129207613,8574.914818951856,24,301,0,Self-employed,Graduate,0
30,57531.80553369458,2739.109008494448,36,418,2,Salaried,Graduate,0
46,85398.51181788149,7396.320017409304,12,797,3,Business,Graduate,0
57,62888.08784648218,19584.04802438215,48,419,3,Self-employed,Under-Graduate,0
64,59704.25663673666,28791.40322546367,48,676,1,Self-employed,Post-Graduate,0
35,70809.51598179393,14716.451165308397,60,448,1,Self-employed,Under-Graduate,0
38,79837.96123898275,25187.08122422595,60,518,4,Business,Under-Graduate,1
49,85936.9468720571,22305.105586111815,48,482,2,Salaried,Post-Graduate,0
62,59741.131297536005,9405.811240302335,24,815,2,Business,Post-Graduate,0
29,30754.46050239126,14470.907090359959,60,497,0,Business,Post-Graduate,0
35,43210.9456802005,20128.265983507896,36,673,1,Salaried,Graduate,0
36,10000.0,5606.59550320682,60,742,3,Salaried,Under-Graduate,0
60,65326.41787406987,21787.984923620596,24,325,0,Business,Under-Graduate,0
46,32967.34540612223,23569.59008425803,12,757,3,Salaried,Graduate,0
32,35668.748359907775,21493.202437246662,36,412,0,Business,Post-Graduate,0
50,57072.31711975559,14044.692409796537,60,528,1,Salaried,Under-Graduate,0
24,11041.942095027953,18874.7183138467,12,659,2,Business,Graduate,1
60,70637.39747583991,22863.798871271552,12,684,2,Salaried,Under-Graduate,0
43,61107.79422806169,3225.6702999840327,48,740,1,Self-employed,Under-Graduate,0
58,41337.5474897526,1000.0,24,397,3,Salaried,Under-Graduate,0
62,49017.45586328777,19120.767601174783,48,603,4,Business,Post-Graduate,0
41,36582.147111505845,10226.162652238267,24,320,4,Salaried,Post-Graduate,1
40,102088.20064581223,16440.632593735823,12,474,1,Salaried,Under-Graduate,0
34,31660.976572854193,16610.90228958941,60,578,0,Business,Post-Graduate,0
48,56456.58589522576,24795.83306111359,24,507,2,Salaried,Graduate,0
40,44740.02320269684,16365.218907077615,24,683,3,Self-employed,Graduate,0
37,51078.61302123787,19255.423232562585,12,604,4,Self-employed,Under-Graduate,0
23,60251.91745557436,18718.302596732323,36,654,2,Self-employed,Graduate,0
22,61030.85607398704,21341.105982821835,12,330,1,Self-employed,Post-Graduate,0
24,42861.047428608894,10468.222856275577,12,424,2,Salaried,Post-Graduate,0
45,26757.33962524928,17429.331499719054,24,730,4,Self-employed,Graduate,0
59,35358.15313479042,1000.0,12,590,3,Salaried,Under-Graduate,0
23,40787.5698667817,9944.048957194711,48,758,0,Self-employed,Graduate,0
37,38065.487903063826,23176.40742974562,12,333,0,Self-employed,Post-Graduate,1
50,29164.388764070227,4387.821816540756,60,826,2,Business,Under-Graduate,0
58,58961.68076714747,5265.131115421325,12,640,0,Salaried,Post-Graduate,0
25,22885.405159492977,20204.731340816546,12,636,4,Salaried,Under-Graduate,1
35,48971.80332170286,10094.016622432468,60,469,3,Salaried,Under-Graduate,0
38,17357.32525276259,25036.103053318693,36,445,0,Business,Under-Graduate,1
38,71820.97943831977,15599.55434070131,36,849,0,Salaried,Post-Graduate,0
41,37704.20521755291,27169.80654555458,36,619,1,Business,Under-Graduate,0
50,35447.9047288368,28612.296235501428,48,328,0,Salaried,Under-Graduate,1
62,32088.069524310744,25204.673213318383,60,673,0,Self-employed,Graduate,0
47,84104.04703169852,10917.76501514285,48,670,4,Business,Graduate,0
63,76549.13187323006,6042.3336474434345,48,309,0,Business,Post-Graduate,0
59,51087.19979082225,25171.118312195744,48,715,1,Business,Under-Graduate,0
38,39960.78348176701,14879.099228228457,60,414,1,Salaried,Graduate,0
33,91512.55613361455,16603.657850551743,24,383,1,Self-employed,Post-Graduate,0
49,59953.6650623163,24188.36644033801,24,355,0,Business,Under-Graduate,0
30,44895.13252318624,6026.097914741475,36,599,2,Business,Post-Graduate,0
53,38778.98413360456,19707.822492101004,48,521,2,Salaried,Under-Graduate,0
55,66355.91932464446,11053.238137204366,36,532,4,Salaried,Graduate,0
37,45588.624327913305,21340.869038201017,48,477,2,Self-employed,Under-Graduate,1
52,23222.05019379159,18090.432048369115,36,373,4,Business,Graduate,1
48,53437.893218038924,22053.153313792067,12,587,4,Business,Under-Graduate,1
50,54774.88191199676,11598.081311829785,60,645,1,Business,Under-Graduate,0
22,50886.88617429514,9322.482521396414,48,352,3,Business,Graduate,0
48,60103.626399470304,15011.991957862521,48,731,4,Business,Graduate,0
53,43530.0943154371,10352.630900405939,48,764,0,Self-employed,Graduate,0
32,50140.300500278354,9966.162228975423,60,417,1,Business,Post-Graduate,0
56,49800.49085839479,9387.855082809281,12,517,0,Salaried,Graduate,0
23,23222.846433389546,20066.12645679751,24,841,0,Business,Under-Graduate,0
22,64055.60513748999,30625.791963997435,60,581,2,Business,Post-Graduate,0
27,61004.19804937914,21342.55441476829,12,597,0,Business,Post-Graduate,0
28,69784.49218038515,20607.442813538197,36,597,4,Business,Post-Graduate,0
23,29817.27835472138,20409.463056273264,48,338,0,Business,Post-Graduate,1
23,41546.936199712945,7694.864628523775,48,616,0,Self-employed,Graduate,0
26,72181.93481357911,20542.314559834558,24,602,2,Salaried,Under-Graduate,0
34,38476.75377795927,1000.0,36,479,0,Self-employed,Under-Graduate,0
40,85929.19675599216,17987.634432227056,12,460,4,Salaried,Post-Graduate,1
40,18811.556653488693,20868.191003941633,36,454,4,Salaried,Post-Graduate,1
22,38693.90465055639,21506.939915463772,36,456,0,Salaried,Graduate,0
56,40702.7338560137,20210.56052045797,24,683,4,Business,Under-Graduate,0
39,65274.72244887361,5033.531980806985,12,583,4,Self-employed,Graduate,0
53,83307.73103485536,9864.276272734083,24,750,2,Salaried,Post-Graduate,0
53,56078.147896000904,24406.22500558853,12,661,1,Salaried,Post-Graduate,0
29,10000.0,17954.462260775028,60,776,1,Business,Post-Graduate,1
32,48379.65729551259,17525.34076275523,60,443,3,Business,Under-Graduate,1
41,52462.65338422735,10757.328158013908,48,399,1,Self-employed,Under-Graduate,0
29,57862.28811856843,6180.819309809969,24,556,0,Salaried,Post-Graduate,0
49,48428.62384548049,9153.215327155252,60,637,4,Salaried,Under-Graduate,0
42,76127.49460216855,3881.795056791565,36,687,1,Salaried,Post-Graduate,0
59,32234.44659798179,19404.136058163178,36,431,2,Self-employed,Under-Graduate,1
59,29384.79619449609,1000.0,60,703,3,Business,Under-Graduate,0
27,37752.6528491259,9177.235312051238,24,618,0,Business,Post-Graduate,0
23,102037.40277290485,30786.180030135474,48,766,1,Self-employed,Under-Graduate,0
31,46402.900173645015,13285.65841839345,36,415,4,Business,Post-Graduate,1
63,72976.12678748221,8817.971682902913,48,356,2,Salaried,Graduate,0
30,72599.91927168105,32875.182090799775,36,676,1,Salaried,Under-Graduate,0
24,15622.483931636103,11769.430729235672,12,575,4,Self-employed,Graduate,1
23,48869.24948451568,30905.57237636562,60,797,1,Business,Post-Graduate,0
57,72404.36995915213,12774.646515327637,24,804,0,Self-employed,Post-Graduate,0
29,107234.32725287738,22302.489600698023,36,465,3,Self-employed,Under-Graduate,0
30,71567.15991703523,33341.20392856173,60,451,4,Business,Under-Graduate,1
47,43151.39041646261,16194.78892492893,48,511,3,Self-employed,Under-Graduate,0
55,79204.77358274696,12260.469200874824,24,579,3,Salaried,Post-Graduate,0
51,41376.379690896305,20720.502687254135,24,625,2,Self-employed,Under-Graduate,0
59,27370.426283784465,7088.10883449029,60,401,4,Salaried,Graduate,1
29,63996.60744152528,25091.774264636966,60,682,2,Salaried,Under-Graduate,0
24,20957.3275547559,9867.897482913144,60,673,3,Self-employed,Post-Graduate,0
32,38090.79067755882,2664.110315566846,12,580,0,Salaried,Graduate,0
46,79734.80636720418,14217.51253525223,12,779,0,Self-employed,Graduate,0
26,64246.69246913699,11512.4526763056,24,764,1,Self-employed,Under-Graduate,0
33,32720.90477043703,1000.0,60,752,1,Business,Post-Graduate,0
51,52807.089142180186,15123.791517356494,12,572,4,Self-employed,Post-Graduate,0
48,48098.11156272905,6299.444509595976,24,756,0,Salaried,Under-Graduate,0
64,68146.76126257538,11417.828737610733,36,813,3,Self-employed,Post-Graduate,0
26,57599.88212210409,6279.3935320474775,60,638,0,Self-employed,Under-Graduate,0
41,53095.38664028932,20307.998991950644,12,820,4,Business,Post-Graduate,0
42,49269.05661082953,14902.409321781168,24,422,1,Business,Graduate,0
24,28003.447566731313,3372.3046668728566,60,403,1,Salaried,Under-Graduate,0
62,77603.06746897324,26317.580767458,24,382,2,Salaried,Post-Graduate,1
25,58376.67483328979,17515.42035179105,36,408,1,Salaried,Post-Graduate,0
45,43430.39460529615,11062.750830405945,24,419,3,Salaried,Under-Graduate,1
28,44883.27294211439,8954.551892242587,24,751,4,Business,Graduate,0
45,47957.26858901521,14535.969679573716,36,527,1,Self-employed,Post-Graduate,0
32,33554.32190715021,4900.611187036551,48,566,1,Business,Under-Graduate,0
23,38644.13315855226,25569.677572797093,60,795,3,Business,Graduate,0
62,69663.53612531349,24111.109837539167,36,516,1,Business,Post-Graduate,0
27,18704.499801424918,12415.826429777288,36,585,3,Self-employed,Post-Graduate,1
28,87168.8812726877,11892.062594749643,60,670,1,Self-employed,Post-Graduate,0
59,50076.133477946416,7938.309314531545,24,473,3,Business,Under-Graduate,0
39,34170.42711229307,17173.83480032207,12,573,1,Self-employed,Under-Graduate,0
30,43081.471526563866,17238.770887767325,60,780,4,Business,Under-Graduate,0
49,58419.788812021456,20735.022643965367,36,358,2,Business,Graduate,0
40,40377.93656274684,17326.49708016349,24,718,2,Salaried,Post-Graduate,0
25,63189.58303185276,7885.421869960072,48,705,0,Business,Post-Graduate,0
25,28754.479089862518,9216.20935508794,24,669,2,Business,Graduate,0
34,34049.713026953184,16180.516340291491,12,514,3,Business,Graduate,1
49,54887.29841482021,9464.159598001594,24,606,3,Salaried,Under-Graduate,0
32,37599.13395387363,26046.068389429314,12,364,2,Self-employed,Post-Graduate,1
23,89183.70740096243,14870.301641465236,48,698,3,Salaried,Graduate,0
27,66587.4472886538,3488.5663066883553,48,711,4,Self-employed,Graduate,0
33,60243.086034842534,14274.126288274363,24,551,3,Salaried,Graduate,0
61,52228.49096672815,13439.348910050714,60,597,4,Self-employed,Under-Graduate,0
58,43064.329177332795,25846.74207439567,60,447,4,Salaried,Under-Graduate,1
45,44879.62310533052,15361.226712714288,60,527,4,Business,Post-Graduate,0
30,33300.108117047435,19776.65453054433,48,496,1,Self-employed,Under-Graduate,0
47,54240.103315929686,13817.038955541437,12,542,0,Salaried,Post-Graduate,0
25,25082.42831900424,23203.36073814276,36,470,3,Salaried,Under-Graduate,1
62,79166.9340592074,25578.815592380735,24,762,1,Salaried,Under-Graduate,0
25,51220.43247596684,7717.715238870645,12,557,0,Self-employed,Under-Graduate,0
55,77395.26922531494,10308.423326013106,36,771,1,Business,Graduate,0
43,67864.93689988865,13311.719827410003,48,450,3,Salaried,Under-Graduate,0
34,48613.95185468623,22375.250738486873,36,729,4,Self-employed,Post-Graduate,0
36,58919.126517351455,9854.97940639679,48,681,1,Self-employed,Under-Graduate,0
61,41476.865665649806,1000.0,48,716,0,Business,Graduate,0
59,48074.90009423409,21476.14527404082,12,599,0,Business,Graduate,0
62,34478.00455431524,8815.01564560869,60,536,0,Business,Post-Graduate,0
64,83312.6170632559,12334.138094733702,60,452,1,Self-employed,Post-Graduate,0
23,53761.5558912907,11900.383167200682,12,590,0,Self-employed,Graduate,0
23,66925.59281922373,1000.0,24,718,2,Business,Under-Graduate,0
64,41242.62662586584,5580.208917198775,48,726,0,Salaried,Post-Graduate,0
29,81555.54050966127,21854.999113868853,24,751,0,Business,Post-Graduate,0
59,35507.77699677414,14707.346118629699,48,489,1,Business,Under-Graduate,0
39,47701.11969755828,22650.816377482475,48,458,3,Business,Under-Graduate,1
50,40579.183727476244,27939.945933908035,60,331,1,Business,Under-Graduate,1
32,55498.41574704381,1938.166337963603,60,621,1,Salaried,Graduate,0
27,36182.39372555723,12349.785908405298,48,359,2,Salaried,Graduate,1
30,61811.86561437237,14115.99567491106,60,478,3,Business,Under-Graduate,0
43,55263.08690039263,27105.80073489683,60,504,1,Self-employed,Post-Graduate,0
46,46818.23234366115,6358.129560311929,36,700,2,Self-employed,Post-Graduate,0
52,28689.888536857503,17626.51504518244,36,414,1,Salaried,Graduate,1
42,48383.23107229332,25277.85827257939,48,367,2,Business,Graduate,1
59,47893.174474797604,22122.5825222284,60,522,4,Self-employed,Post-Graduate,1
40,67928.2081574095,19090.771116428128,36,721,0,Salaried,Graduate,0
31,44211.63209665598,9264.64968365779,24,686,0,Salaried,Graduate,0
58,30412.501959287398,23701.885690639214,48,609,1,Salaried,Post-Graduate,1
33,14582.830787311723,2150.110662059911,48,509,2,Salaried,Under-Graduate,0
40,72982.97187638775,19012.27285246198,24,668,4,Business,Post-Graduate,0
23,46430.17329686391,1143.0113004810119,48,837,0,Salaried,Graduate,0
36,56576.92526244547,29294.270877287494,60,627,1,Self-employed,Under-Graduate,0
59,39689.68631166473,5817.465463696621,36,387,1,Business,Under-Graduate,0
29,38022.37703310953,11308.809044117208,12,406,2,Salaried,Post-Graduate,0
56,48085.02079495104,28330.630126021122,36,536,3,Self-employed,Under-Graduate,1
59,33290.44863960344,18589.837045961827,24,611,1,Self-employed,Under-Graduate,0
64,42647.81168625435,9188.927714513931,12,503,4,Self-employed,Post-Graduate,0
51,64289.41049251309,15961.553289539843,60,836,4,Business,Under-Graduate,0
30,64036.50570747694,17337.556330447947,60,326,3,Business,Under-Graduate,0
51,39945.9111312882,18382.88161301513,36,654,4,Self-employed,Post-Graduate,1
40,45413.93383612612,13317.160357394763,48,833,2,Business,Post-Graduate,0
50,11497.332441601218,12422.788153677437,48,503,1,Salaried,Graduate,1
23,16594.679374134765,20500.1175577495,24,610,2,Salaried,Graduate,1
49,39711.01470852031,12975.392708054329,48,564,3,Salaried,Post-Graduate,0
29,50875.1529600435,6408.908764476635,60,353,3,Business,Graduate,0
46,24583.958856822617,12475.27908401447,12,673,2,Business,Post-Graduate,0
31,64076.62047516342,14840.892583316601,36,722,0,Business,Graduate,0
43,67024.58408342546,17766.334860602485,36,519,3,Self-employed,Graduate,0
56,33138.413769407205,16567.093200786283,36,776,1,Salaried,Under-Graduate,0
63,32257.71624507954,4439.260061795514,48,819,3,Self-employed,Graduate,0
45,58229.31816298544,18987.67698966694,12,662,2,Self-employed,Under-Graduate,0
47,83381.89608433281,13332.560523270055,48,752,2,Salaried,Graduate,0
52,41649.05088299454,10503.601716283949,48,552,4,Business,Under-Graduate,0
44,68728.78445353784,22484.951081353352,60,512,0,Self-employed,Graduate,0
23,49470.48950524305,9215.209315190905,60,443,2,Self-employed,Graduate,0
60,51223.06316580673,29279.940762674996,48,310,4,Business,Under-Graduate,1
54,46243.347875761945,28501.019797270772,24,830,4,Business,Under-Graduate,0
45,68727.05615389936,23065.770395630956,24,747,1,Salaried,Post-Graduate,0
33,89634.26359741171,9618.24485348323,24,351,4,Self-employed,Post-Graduate,1
58,67098.49834718455,19587.31168059283,48,504,0,Salaried,Under-Graduate,0
30,26408.364327533498,17149.46071246926,12,655,1,Self-employed,Graduate,0
64,44915.54801097128,9228.034572139466,24,638,2,Salaried,Post-Graduate,0
24,11057.779438176476,23554.459722941006,60,632,2,Salaried,Post-Graduate,1
44,91105.94507183829,14997.589064787084,36,498,4,Business,Post-Graduate,0
45,57040.68960372694,1000.0,36,738,3,Self-employed,Post-Graduate,0
54,33950.94499358832,26824.97363082903,48,449,0,Salaried,Post-Graduate,1
51,55247.510340775945,27075.8999534135,36,349,0,Business,Under-Graduate,1
59,87707.70021734029,14487.906803859876,48,639,4,Business,Post-Graduate,0
64,33276.553946867665,19963.252468563096,36,830,0,Business,Under-Graduate,0
23,38594.87687769071,17759.155467918874,12,445,1,Self-employed,Under-Graduate,0
61,26529.72475625405,11195.653265424204,12,349,4,Salaried,Graduate,1
43,61343.07228912867,36354.95061433688,12,698,3,Self-employed,Post-Graduate,0
32,47209.33383810312,10061.827074196863,12,675,2,Self-employed,Post-Graduate,0
33,10000.0,15410.349486270228,24,322,0,Business,Graduate,1
40,56749.68018309727,6053.46892959877,60,375,2,Self-employed,Post-Graduate,0
41,68990.90123820162,21851.746791972822,12,582,3,Self-employed,Post-Graduate,0
30,39346.08642029919,20537.790137878364,24,305,3,Salaried,Under-Graduate,1
64,49091.82372245427,21889.812212499324,48,579,1,Business,Under-Graduate,0
39,45962.529966802365,5238.079083982058,36,692,3,Business,Graduate,0
62,63748.96702079309,17208.101256313785,36,745,3,Salaried,Under-Graduate,0
39,16876.298160497856,18150.479763217372,24,369,0,Self-employed,Post-Graduate,1
61,36864.827823927015,4470.046328933089,36,773,2,Salaried,Post-Graduate,0
57,43877.83523114049,18122.585143947003,12,633,0,Salaried,Graduate,0
48,65413.817258702096,9824.150336874583,36,783,0,Self-employed,Post-Graduate,0
34,50044.7861310837,12613.895467579501,12,475,4,Business,Graduate,1
29,23816.859129898487,19621.142459271883,12,530,4,Salaried,Post-Graduate,1
64,38483.97515406336,16589.767906760913,36,386,1,Self-employed,Graduate,0
44,75195.38372019536,9055.437409202208,24,688,1,Business,Post-Graduate,0
34,23537.453325909926,5924.424499325913,48,481,3,Salaried,Post-Graduate,0
28,70551.72432708189,13685.994866879013,24,721,1,Salaried,Post-Graduate,0
61,68716.35270602001,16793.865366263886,60,752,1,Business,Post-Graduate,0
23,74377.99001131643,15114.614869718032,60,500,3,Salaried,Post-Graduate,0
24,71997.84326518505,13990.359659742413,12,323,2,Salaried,Graduate,0
63,77251.59368236577,13156.866871782124,12,801,3,Self-employed,Graduate,0
60,14095.080473559537,26489.738473516114,24,635,3,Salaried,Under-Graduate,1
44,76178.62437857303,16512.360569576067,24,768,2,Salaried,Graduate,0
28,59901.75707620292,16620.743228678955,12,448,3,Self-employed,Post-Graduate,1
25,38558.98267451647,13234.978733630922,48,440,4,Self-employed,Graduate,1
29,26389.41271378716,11592.159081659522,48,546,1,Business,Post-Graduate,0
53,50605.70266773469,30059.22753266365,60,370,3,Business,Post-Graduate,1
40,97622.2297241688,19505.63688639959,48,691,0,Business,Under-Graduate,0
33,60430.934740166,21217.31664384801,36,547,1,Self-employed,Graduate,0
31,40286.41054542094,8592.348724852447,12,404,4,Salaried,Graduate,1
35,97374.48024900604,22911.162129244163,24,351,4,Salaried,Post-Graduate,1
48,62909.40412706723,6979.869981408679,12,557,3,Salaried,Graduate,0
42,63551.752858857275,17668.628789632152,36,784,2,Salaried,Graduate,0
41,55800.395346556455,15881.640017917227,48,705,0,Self-employed,Graduate,0
25,60288.815679840176,25578.206889695284,12,303,3,Business,Post-Graduate,1
40,10000.0,11023.512141032665,36,666,2,Business,Graduate,1
50,53064.64490201362,19472.65591713618,48,306,4,Business,Post-Graduate,1
28,65919.27602057823,18140.44692500603,60,300,1,Self-employed,Post-Graduate,0
54,81607.82978031163,8856.694618226531,60,638,4,Business,Graduate,0
29,95887.58918996691,19294.78071356374,60,649,3,Self-employed,Under-Graduate,0
32,72092.53431872786,13800.537070828666,36,354,2,Salaried,Post-Graduate,0
54,54248.86769520273,14664.180430798844,36,569,3,Self-employed,Graduate,0
46,51408.24720175238,12052.342549826322,24,571,4,Self-employed,Under-Graduate,0
54,36037.963178205464,15482.245968577901,24,729,0,Business,Post-Graduate,0
57,60923.85432847013,15337.776096254836,60,676,4,Salaried,Under-Graduate,0
47,89604.20448086387,19237.7061171288,12,686,3,Self-employed,Graduate,0
57,42616.22676249962,17570.357854978145,48,686,2,Self-employed,Under-Graduate,0
32,53716.26138215098,22040.324030787597,24,468,3,Self-employed,Under-Graduate,1
51,35836.73534051208,21606.73311307955,48,456,1,Self-employed,Post-Graduate,1
54,70764.64093016065,27003.347667846905,12,723,1,Business,Post-Graduate,0
31,74960.45121224721,20487.358605511825,60,576,2,Business,Graduate,0
50,36147.22697867541,16151.06186303413,48,447,4,Business,Post-Graduate,1
46,61686.21511944223,24061.53355427485,60,390,3,Salaried,Under-Graduate,1
53,10000.0,16006.762635987167,48,413,1,Business,Under-Graduate,1
25,44563.54876055529,17318.548706209906,12,301,0,Self-employed,Graduate,0
60,75698.06643475441,1000.0,24,800,1,Self-employed,Post-Graduate,0
55,40633.12868187896,7799.240068566864,36,470,4,Salaried,Post-Graduate,1
43,23991.785590235842,20596.615581877784,60,740,2,Salaried,Graduate,0
34,63807.16169777725,25731.170244920315,24,524,0,Self-employed,Post-Graduate,0
57,47807.05944191335,19307.95811312564,48,446,3,Business,Under-Graduate,0
27,53931.87182347758,19866.902465853673,24,747,3,Business,Graduate,0
38,56762.197919592974,20382.09501189818,36,729,2,Self-employed,Post-Graduate,0
47,68194.72577831022,15292.260903897677,60,622,0,Salaried,Under-Graduate,0
45,71636.68520461563,7498.330795797304,60,390,0,Self-employed,Graduate,0
30,57744.4200362384,20121.902458183955,24,313,0,Salaried,Under-Graduate,0
23,73557.98702580047,5096.822701966188,12,447,2,Business,Under-Graduate,0
41,49620.68479732427,18935.113561450242,48,770,2,Business,Post-Graduate,0
48,56396.12374108554,26358.9036907443,24,708,3,Self-employed,Under-Graduate,0
27,50662.88841831419,17305.56759002748,12,683,1,Business,Post-Graduate,0
48,26540.965757685553,19203.238629775842,60,687,4,Self-employed,Under-Graduate,0
45,79790.54900769673,23708.996309242586,48,356,3,Self-employed,Post-Graduate,1
36,51202.06468178227,13828.759507166893,60,813,0,Salaried,Post-Graduate,0
54,81986.55561117508,26951.28338854697,36,644,1,Self-employed,Graduate,0
63,59300.5554342639,23189.45877499352,12,386,4,Self-employed,Post-Graduate,1
31,58535.2956866999,16092.82488836773,36,704,0,Business,Under-Graduate,0
42,69010.25844890617,1000.0,36,544,2,Salaried,Graduate,0
27,55971.57199320724,14184.248454034821,36,351,1,Salaried,Graduate,0
51,37726.14017846164,14094.43132970212,12,508,2,Salaried,Under-Graduate,0
44,47322.047883237115,17595.268395488016,48,442,4,Business,Under-Graduate,1
57,73520.094628165,26677.882012186445,60,845,4,Salaried,Graduate,0
24,64465.77556953062,23161.76519705752,48,403,0,Business,Graduate,0
47,33049.31827952618,16808.467499592312,48,343,2,Salaried,Post-Graduate,1
55,56149.51706995869,12967.131768127374,48,632,3,Self-employed,Graduate,0
51,30503.04281092241,1000.0,60,546,3,Salaried,Under-Graduate,0
39,51990.27568312998,21140.189597730474,60,829,2,Business,Graduate,0
38,70400.35386430935,17918.648734462095,12,764,4,Business,Under-Graduate,0
63,38028.87803245331,23182.96915594334,24,600,1,Self-employed,Under-Graduate,0
42,48101.28424974703,18023.907811922792,60,837,2,Self-employed,Post-Graduate,0
45,31335.94436045274,10520.729943375052,60,667,0,Business,Post-Graduate,0
25,62218.174303119435,19060.99781681096,24,505,3,Salaried,Post-Graduate,0
46,52932.09153066094,17792.714893995944,60,656,0,Self-employed,Under-Graduate,0
45,37200.52672508054,23098.476086409206,48,630,1,Self-employed,Under-Graduate,0
48,58418.15482506795,12985.859360186192,60,579,3,Salaried,Under-Graduate,0
52,49527.845927392824,10236.888949874707,12,741,3,Business,Post-Graduate,0
56,60043.30749274443,16545.075138033488,60,800,3,Self-employed,Graduate,0
41,31525.952911196906,14839.749589630883,24,733,0,Self-employed,Graduate,0
37,43517.58754101468,10945.108778819134,48,499,4,Business,Post-Graduate,0
52,52740.296107118476,10824.558556193775,24,499,0,Salaried,Post-Graduate,0
28,63779.442682156914,25309.154422238797,60,666,4,Salaried,Under-Graduate,0
39,30484.728340834838,14787.739124371205,60,638,2,Self-employed,Under-Graduate,0
29,52292.90468862732,24479.60856789643,12,719,3,Business,Under-Graduate,0
48,69843.59418460554,32490.259366291466,48,576,0,Salaried,Graduate,0
35,51235.83827706963,13789.81084290323,60,353,1,Business,Graduate,0
39,43654.94911357378,9931.920201480192,12,463,1,Self-employed,Post-Graduate,0
22,39238.696588090344,7480.2326188723655,12,685,4,Salaried,Post-Graduate,0
52,39572.82509070594,24295.388723427015,24,375,4,Business,Under-Graduate,1
41,54488.73837791376,14589.876083940477,48,721,3,Business,Graduate,0
27,10291.208034557036,16503.599650514006,36,529,4,Self-employed,Graduate,1
22,39054.625152291395,12865.08474973861,12,605,1,Salaried,Post-Graduate,0
40,58355.10832343317,14908.431084366757,36,416,0,Self-employed,Graduate,0
60,64910.26929744131,36707.51371598119,24,539,0,Self-employed,Under-Graduate,0
48,31283.476372249355,10680.345956021774,12,805,4,Salaried,Graduate,0
37,37440.45967297781,1000.0,48,832,4,Business,Under-Graduate,0
35,51487.711227304564,15206.77052447695,36,356,1,Business,Under-Graduate,0
55,62423.62171729932,11442.118237821633,48,328,2,Business,Under-Graduate,0
28,42598.12320288717,21211.501881369608,36,733,0,Salaried,Under-Graduate,0
41,47477.81016148719,15694.859517716157,24,517,4,Self-employed,Graduate,0
52,56777.08482809131,24830.386489956632,12,845,3,Business,Graduate,0
43,26926.52026916968,1000.0,12,765,4,Business,Under-Graduate,0
41,82500.04361132566,20257.466615376576,24,843,4,Salaried,Post-Graduate,0
36,51653.904261155345,26657.56707008068,60,803,0,Salaried,Post-Graduate,0
46,42994.77178292995,12514.059056737893,36,687,4,Self-employed,Under-Graduate,0
22,72811.66168684604,12395.578377853066,36,841,3,Self-employed,Under-Graduate,0
38,52545.84222721258,12112.299387643296,60,650,3,Business,Post-Graduate,0
37,46515.040276994965,11300.12612050664,24,624,3,Business,Graduate,0
58,57439.13480122934,24454.234761800075,48,840,1,Salaried,Graduate,0
42,50833.2359512882,8228.070946654092,48,695,3,Self-employed,Post-Graduate,0
48,37688.89710533446,20522.2910927162,24,378,0,Business,Under-Graduate,0
56,71344.71657016734,3434.940773491797,48,782,2,Salaried,Under-Graduate,0
45,20046.68551264987,5552.871716074487,24,608,4,Self-employed,Graduate,0
23,41899.535440112195,16440.871275777383,36,718,4,Self-employed,Graduate,0
46,87086.90063487677,6947.79276235952,36,534,4,Self-employed,Under-Graduate,0
40,52111.69605784913,6607.530974277817,60,735,3,Salaried,Graduate,0
34,18289.919648576877,25029.94738845725,24,736,3,Self-employed,Post-Graduate,1
50,72588.056149523,19305.0597409673,48,445,3,Salaried,Post-Graduate,1
53,44317.43546042917,15773.456035959454,24,465,2,Salaried,Graduate,0
27,28806.376828461474,20514.562485014725,12,465,2,Salaried,Under-Graduate,1
30,71070.77918932463,4184.283571468071,60,694,2,Self-employed,Post-Graduate,0
22,71945.10041659506,7808.83321432987,12,552,2,Business,Graduate,0
45,78542.89478928623,17226.352412612763,60,708,2,Business,Graduate,0
31,30622.308436394673,3650.329379945568,60,745,4,Salaried,Under-Graduate,0
56,47201.50816099847,3928.8944799521105,60,346,4,Salaried,Graduate,1
27,44143.687300311896,12613.719817333305,12,394,2,Business,Post-Graduate,0
41,31343.488687389196,16736.960035959717,60,788,4,Self-employed,Graduate,0
59,61441.7965616436,13463.723019914896,24,562,2,Business,Under-Graduate,0
33,71865.78362898758,7960.645135181922,24,732,2,Business,Graduate,0
24,40879.65837811852,8351.417207026465,12,542,2,Self-employed,Post-Graduate,0
39,53107.72548069354,13276.13174717684,36,632,4,Salaried,Post-Graduate,0
42,52884.7127535179,21198.926693872818,36,407,1,Business,Graduate,0
56,71678.4469085515,27360.2497235917,12,620,1,Salaried,Under-Graduate,0
58,50153.61901282176,15767.050563572873,60,773,1,Self-employed,Post-Graduate,0
40,50655.269745037775,1000.0,60,571,0,Self-employed,Under-Graduate,0
46,68309.7648567761,22208.415749232023,60,772,1,Self-employed,Under-Graduate,0
39,52470.829434908286,20481.85525046449,12,766,1,Self-employed,Post-Graduate,0
61,38620.25941347721,10739.624869133859,60,703,1,Self-employed,Graduate,0
51,28125.74595887753,13494.455042962607,24,523,3,Salaried,Under-Graduate,0
63,37623.91042771111,26669.528994395565,60,411,2,Self-employed,Graduate,1
63,54851.975483780385,27843.459365529394,12,754,4,Salaried,Under-Graduate,0
55,24006.28804848786,8788.91908627946,60,587,3,Self-employed,Post-Graduate,0
31,55465.45930454918,32893.48214231111,24,752,2,Salaried,Under-Graduate,0
43,19761.789800781797,18871.71107077538,12,640,1,Self-employed,Graduate,0
25,30072.113938352006,35309.146985530446,36,457,1,Self-employed,Graduate,1
24,63043.20544920568,4416.454030146255,12,485,3,Salaried,Under-Graduate,0
49,41100.4631319707,10930.491778042659,48,328,4,Business,Under-Graduate,1
43,54603.19691623848,1000.0,36,707,3,Self-employed,Under-Graduate,0
33,48895.22110453564,13568.392174381692,36,326,3,Salaried,Post-Graduate,1
34,81154.28768574425,21754.263064044084,12,832,2,Salaried,Graduate,0
62,52718.72311293823,29846.516411998346,48,391,0,Business,Under-Graduate,0
54,29543.361621077565,9388.443619136346,36,471,4,Self-employed,Graduate,1
40,62165.45890832839,17937.969066576898,60,413,4,Business,Graduate,1
62,28937.07125503445,12682.020212994876,48,397,3,Salaried,Graduate,1
38,69841.56160975037,20799.337326845824,48,554,3,Self-employed,Graduate,0
55,65869.26091560365,14025.88896069878,12,321,1,Business,Under-Graduate,0
25,55924.99247382009,12910.31844827007,12,420,3,Self-employed,Graduate,0
60,65100.11522842838,1108.4158260299755,12,510,2,Salaried,Graduate,0
29,73468.04656591805,17373.961180040664,48,685,1,Business,Post-Graduate,0
54,49454.689717101166,26807.289149091812,24,583,0,Salaried,Under-Graduate,0
22,53413.93963280963,4948.113246793104,12,352,2,Salaried,Graduate,0
26,54844.81690777877,22390.76212556286,24,760,4,Business,Graduate,0
53,35343.283665371295,15733.42843716762,36,607,4,Business,Under-Graduate,0
61,38476.47058286507,1000.0,60,632,2,Business,Under-Graduate,0
22,51155.135848038844,12324.243917463842,60,512,3,Salaried,Graduate,0
56,49880.49987384602,12869.66947874182,24,835,3,Self-employed,Post-Graduate,0
43,55084.74722053757,18566.913954857402,48,489,3,Self-employed,Post-Graduate,0
50,40129.39547919445,19461.685216708152,60,483,4,Self-employed,Under-Graduate,1
38,20553.380894267033,16117.240511862768,24,513,2,Self-employed,Under-Graduate,1
51,79399.20150350305,20577.139779381367,12,392,3,Self-employed,Post-Graduate,1
56,22130.844887530817,7795.20666999193,24,707,1,Self-employed,Post-Graduate,0
22,66272.3544145796,13552.890326263625,36,575,4,Business,Post-Graduate,0
25,43917.379112782626,13831.711921329475,24,333,2,Self-employed,Post-Graduate,1
30,53995.94921672601,24360.755239647195,12,544,2,Salaried,Post-Graduate,0
53,63249.24762178797,1000.0,24,608,2,Salaried,Under-Graduate,0
26,40872.918718246234,19820.32085189666,12,716,2,Self-employed,Under-Graduate,0
35,22646.032889746897,27036.636983096003,12,679,0,Salaried,Under-Graduate,1
47,70000.12981304392,16019.867076524106,36,349,1,Salaried,Under-Graduate,0
44,63373.18454175471,41551.083496840685,36,538,0,Self-employed,Graduate,0
43,51442.35119398424,11110.248453375918,60,534,3,Business,Post-Graduate,0
48,66498.34630678393,13901.675634896768,12,618,0,Business,Post-Graduate,0
46,56563.18500775688,10558.991415453358,12,392,0,Self-employed,Under-Graduate,0
57,48903.26213062512,13226.094562385613,12,629,4,Business,Post-Graduate,0
25,45988.71660297248,20007.719024874583,60,719,2,Business,Graduate,0
53,10000.0,12074.634861403829,48,761,0,Self-employed,Graduate,0
30,55351.67183140362,8424.346965164801,36,641,2,Salaried,Graduate,0
23,29681.798449341364,2269.0359367632154,36,541,1,Business,Under-Graduate,0
63,58794.57246009461,13757.767826041132,12,775,0,Self-employed,Post-Graduate,0
60,44175.08005865222,14843.670612513895,60,783,4,Salaried,Graduate,0
46,15442.514827481333,12572.27445485636,12,724,4,Business,Graduate,1
31,48739.403169950616,32792.13825972326,36,526,3,Self-employed,Post-Graduate,1
58,41010.641472597614,20193.788965009153,60,454,0,Business,Post-Graduate,0
46,77565.7594862849,10704.862007590365,24,841,1,Business,Graduate,0
61,10000.0,20690.996505500738,36,459,2,Self-employed,Graduate,1
50,33402.39559018921,21577.87579137363,24,510,0,Salaried,Post-Graduate,0
58,26439.3195318595,14959.643420075057,48,788,3,Self-employed,Under-Graduate,0
26,65796.09553716352,11710.566068737371,24,555,4,Salaried,Post-Graduate,0
35,54249.80516276543,7186.962275129265,60,355,0,Self-employed,Under-Graduate,0
54,64940.481050090515,25980.732118893357,24,458,3,Self-employed,Graduate,0
48,27705.922408818726,13712.877086158744,48,394,1,Business,Under-Graduate,1
26,30730.725627184085,13476.539441111065,36,538,2,Salaried,Under-Graduate,0
36,51163.95235943859,23913.158251892317,48,515,1,Salaried,Graduate,0
24,84697.93917230837,15267.256950043724,60,737,1,Salaried,Graduate,0
22,60873.14585063928,34682.35310901283,24,445,2,Business,Under-Graduate,1
45,32452.914003109443,10792.646388354462,24,807,0,Self-employed,Post-Graduate,0
33,54358.2696000702,12032.476934981914,60,423,2,Business,Post-Graduate,0
35,61917.31374025386,9379.977545426435,12,631,3,Self-employed,Graduate,0
63,22810.26949622151,8356.98470083282,60,567,1,Self-employed,Graduate,0
41,44898.296217955125,18245.75648129332,60,488,2,Self-employed,Post-Graduate,0
35,46387.21398593917,20669.76622181005,48,443,4,Self-employed,Post-Graduate,1
35,85913.5245282115,11946.6229195087,48,427,2,Self-employed,Graduate,0
56,51924.06111586059,15333.551264859663,60,823,2,Business,Post-Graduate,0
40,83274.58151012173,16690.11620415224,36,661,3,Salaried,Under-Graduate,0
41,35036.933988944016,25347.342712480742,24,371,1,Self-employed,Graduate,1
63,60956.14610540469,10156.325439650067,60,581,3,Business,Under-Graduate,0
44,22263.117229285577,16420.032040230904,12,723,3,Business,Under-Graduate,0
55,62312.173847217004,18457.209604659674,24,738,4,Business,Under-Graduate,0
22,42261.67492577993,18278.344745576243,36,458,3,Business,Under-Graduate,1
25,43504.07533695079,15599.646199853067,60,550,3,Business,Post-Graduate,0
61,64256.037474808785,23183.47197630374,36,626,4,Self-employed,Graduate,0
38,66269.18799156256,9443.098877533244,24,816,0,Salaried,Post-Graduate,0
47,56099.47598398145,13620.964434232552,12,637,3,Self-employed,Under-Graduate,0
35,86154.0892569281,10274.915742892037,24,383,2,Self-employed,Under-Graduate,0
53,51371.51839598328,9729.39175553832,24,412,3,Salaried,Under-Graduate,1
57,56542.5125181259,15932.347209947016,60,668,1,Self-employed,Under-Graduate,0
41,55292.74418496163,22943.057516106906,24,403,2,Salaried,Graduate,0
37,64026.14407537227,8740.284185497438,60,479,2,Self-employed,Graduate,0
40,50482.77961098008,22359.18066339683,60,588,0,Salaried,Graduate,0
60,29544.02629779864,12342.85821447297,36,747,1,Business,Under-Graduate,0
45,57574.13935428402,7339.614031330515,12,531,1,Salaried,Under-Graduate,0
35,19286.8856084602,9700.532772559058,60,624,1,Self-employed,Graduate,0
50,67138.70439477639,22661.10145557093,48,651,3,Self-employed,Graduate,0
63,73447.9827599444,6694.391229947078,36,530,3,Salaried,Graduate,0
35,40288.98107512674,31048.87594229723,60,623,2,Business,Post-Graduate,0
32,39613.00616556454,16112.190685411659,60,563,0,Self-employed,Under-Graduate,0
32,10955.323183935609,1417.6187564787888,36,749,3,Business,Graduate,0
61,48922.53459001694,6704.909319512899,24,848,3,Salaried,Graduate,0
45,57660.654806820334,21590.00224450076,60,611,0,Salaried,Under-Graduate,0
43,56649.36800941818,3332.7814734239746,12,488,1,Salaried,Post-Graduate,0
42,55383.79008993716,20291.080740023368,60,364,2,Business,Under-Graduate,0
27,44714.44960890096,5640.360630720514,36,725,3,Business,Graduate,0
35,68218.3083158024,17932.357164346377,48,652,0,Salaried,Graduate,0
30,30675.61186676224,25537.257155587366,36,436,0,Salaried,Post-Graduate,1
56,31179.794203710786,18029.909190491115,36,435,1,Salaried,Post-Graduate,0
57,23012.02088739169,21817.593744777878,12,613,4,Business,Under-Graduate,1
46,36866.87629191752,20814.227634239585,24,796,4,Business,Graduate,0
36,27106.27027889417,5873.217358492573,12,609,4,Business,Post-Graduate,0
49,10000.0,5317.118586439103,12,737,4,Salaried,Graduate,0
35,35560.99858084227,1000.0,60,660,3,Business,Post-Graduate,0
34,66233.23678332326,17475.658304381453,48,455,0,Self-employed,Post-Graduate,0
62,55794.35917502882,14198.405385403808,36,665,2,Business,Graduate,0
52,62579.13219850517,7021.048735844005,12,380,3,Business,Graduate,0
26,60559.988992422484,17672.50371502934,12,536,4,Self-employed,Under-Graduate,0
40,43537.43323830803,27853.277214177186,24,696,2,Business,Under-Graduate,0
29,45429.641560872165,20521.57767665237,24,358,2,Salaried,Under-Graduate,1
34,35642.792858839945,25979.41555613724,48,536,4,Self-employed,Graduate,1
62,54954.86085851615,11911.2504029294,36,809,2,Salaried,Post-Graduate,0
38,107172.69104016077,16400.937614771585,12,637,3,Self-employed,Under-Graduate,0
53,23925.616721859773,17555.40936898262,60,771,1,Business,Graduate,0
26,69955.63167169227,21769.129380177757,24,714,3,Self-employed,Under-Graduate,0
30,39339.79308894507,2740.564065735871,12,588,3,Business,Under-Graduate,0
64,79069.61784006431,27028.050562596203,60,673,1,Business,Under-Graduate,0
55,57359.95998020767,16878.90246200612,12,608,4,Salaried,Post-Graduate,0
22,38528.365021795864,25448.9483488213,48,421,4,Self-employed,Graduate,1
61,45282.854877905644,23442.353691368873,48,646,1,Self-employed,Post-Graduate,0
36,64332.93258969712,1000.0,60,335,3,Business,Under-Graduate,0
53,83795.51049395246,17669.144129448243,24,752,0,Salaried,Under-Graduate,0
55,66131.34865504854,18931.564225774247,48,758,2,Salaried,Post-Graduate,0
56,41115.19466212258,13263.695501933431,24,525,2,Business,Under-Graduate,0
49,59753.174289171984,15074.937890211362,60,676,2,Salaried,Under-Graduate,0
38,81943.0335643147,7963.855562180531,60,487,0,Salaried,Post-Graduate,0
32,59299.75646121202,13762.27020824089,12,302,3,Business,Graduate,1
44,47414.16882864711,12359.437146162873,60,305,4,Salaried,Under-Graduate,1
47,21727.815127007958,10867.883885375184,12,703,1,Business,Under-Graduate,0
26,74590.64429678579,12070.824483157163,24,608,2,Salaried,Graduate,0
47,47417.49975427978,1000.0,12,658,0,Business,Post-Graduate,0
27,35836.099127665664,10849.768558060292,24,807,1,Self-employed,Post-Graduate,0
64,64651.729092160094,7721.87218445919,48,764,3,Salaried,Under-Graduate,0
55,65440.34068876872,8337.13455714055,24,817,0,Salaried,Under-Graduate,0
63,31539.174023647956,3950.949164886644,36,683,0,Salaried,Post-Graduate,0
34,34911.50144592223,13141.817014678985,12,789,1,Salaried,Under-Graduate,0
46,61259.39315607364,7904.421697970788,48,838,1,Salaried,Post-Graduate,0
23,74179.35813242666,7793.885166717266,24,788,2,Business,Post-Graduate,0
35,43407.63279295359,15971.72566340125,60,606,3,Salaried,Post-Graduate,0
38,45858.97231558521,28019.38784004571,12,574,1,Business,Under-Graduate,0
62,36189.09101502795,16056.670849177899,24,461,2,Self-employed,Post-Graduate,1
61,74633.23614568662,23575.683396472923,48,546,2,Self-employed,Graduate,0
61,63134.21927993465,14228.74682825083,60,835,1,Business,Graduate,0
60,27701.063052815454,34808.77778406008,12,542,0,Self-employed,Post-Graduate,1
46,83217.54798061374,6024.910079604815,48,329,0,Business,Graduate,0
48,119011.09574161291,1000.0,60,780,0,Salaried,Post-Graduate,0
45,14007.649571274065,22160.33055692845,36,520,2,Business,Under-Graduate,1
54,56978.02860012386,20878.978486556385,60,670,0,Self-employed,Under-Graduate,0
48,19071.28844676746,1000.0,12,377,3,Business,Under-Graduate,0
52,44069.2142206461,13810.299602446863,36,419,0,Self-employed,Post-Graduate,0
59,20660.184204636113,29363.53369785656,24,809,0,Business,Post-Graduate,0
36,79405.86846094439,22140.40661402433,36,813,2,Self-employed,Graduate,0
61,42639.36653749324,2658.129019005424,36,666,4,Salaried,Graduate,0
22,70217.04881727342,1000.0,36,379,3,Business,Under-Graduate,0
32,53445.185595335235,27944.285800157733,60,658,2,Salaried,Post-Graduate,0
36,84083.1185255205,8207.951113601679,36,490,3,Salaried,Graduate,0
54,25795.15761844966,22745.6767231181,36,316,3,Salaried,Under-Graduate,1
53,10000.0,20686.83051751556,24,330,0,Self-employed,Post-Graduate,1
46,38427.90297209576,14805.311683109441,36,433,3,Self-employed,Graduate,1
60,42525.34322301473,9006.239794284691,60,522,0,Salaried,Graduate,0
54,18143.41476153633,26921.844896771472,48,369,3,Business,Graduate,1
50,58585.29044041506,1000.0,48,691,4,Self-employed,Graduate,0
55,57635.710906464665,23768.996371175,60,392,3,Self-employed,Under-Graduate,1
29,76666.26823802985,12402.070551134715,60,372,1,Salaried,Under-Graduate,0
32,70696.47017895077,8901.879017016632,36,437,0,Self-employed,Graduate,0
34,40018.63853013126,14029.06286969795,60,323,4,Business,Post-Graduate,1
26,26855.710476679953,24020.2480815175,36,746,0,Self-employed,Post-Graduate,0
40,15712.844760639542,5017.809472910978,12,467,4,Self-employed,Post-Graduate,1
42,46052.28254929895,17652.202356613827,24,575,0,Business,Under-Graduate,0
24,45703.96134386183,19785.703024371098,24,588,1,Business,Post-Graduate,0
47,57704.02748687311,13396.956689734321,24,313,1,Self-employed,Post-Graduate,1
54,17380.7152000049,6157.604803231048,12,779,4,Business,Post-Graduate,0
51,52807.7222821501,8415.162955554551,24,737,2,Self-employed,Post-Graduate,0
43,60551.94486164289,29247.483792967294,36,354,0,Business,Under-Graduate,0
26,37035.45510278313,22548.669581394675,48,592,2,Salaried,Post-Graduate,0
40,61275.944674639315,19793.033054602627,24,660,3,Self-employed,Graduate,0
30,45188.24819939328,32037.6966102118,24,383,1,Salaried,Under-Graduate,1
45,73699.71872291749,8690.188432329964,36,668,0,Self-employed,Post-Graduate,0
60,78675.97742810746,14866.85006114576,36,460,1,Business,Graduate,0
33,50549.63035124237,15379.839296764,24,605,3,Salaried,Under-Graduate,0
48,67192.22778891101,24893.116775772374,60,775,4,Self-employed,Graduate,0
63,22966.4364700614,1916.342336605634,12,758,0,Business,Post-Graduate,0
42,40500.9222346842,15663.677230572617,48,499,0,Business,Post-Graduate,0
59,57340.256935966965,14983.583060939438,48,634,0,Salaried,Post-Graduate,0
56,41057.31821108868,21590.788595557446,12,641,4,Self-employed,Graduate,0
53,44449.710688429186,11526.422673412619,24,478,1,Salaried,Under-Graduate,0
57,30515.17038979386,24712.244385374463,24,749,4,Self-employed,Graduate,1
54,84647.05220687753,18235.080198444026,24,455,1,Business,Graduate,0
64,30879.142066222357,8758.59235803191,24,471,0,Business,Graduate,0
38,65424.58477204801,19617.75995943834,24,695,4,Business,Post-Graduate,0
26,39899.380645312005,14044.018177702577,48,510,3,Self-employed,Graduate,0
41,62426.11368561042,18915.359331509804,24,324,4,Self-employed,Graduate,1
44,37429.1817787115,5517.729953448828,36,775,1,Business,Graduate,0
60,42921.734901267504,12836.519818139936,60,501,0,Self-employed,Under-Graduate,0
25,58068.878571449575,23150.23530563927,24,763,1,Self-employed,Graduate,0
47,62133.783750912124,26244.018992237536,36,736,2,Business,Graduate,0
51,67565.18300726303,18523.581701111667,48,778,0,Business,Post-Graduate,0
50,50572.34468028797,13111.503062062027,36,668,3,Self-employed,Graduate,0
55,71495.42379005611,10611.225663524861,12,678,3,Self-employed,Graduate,0
31,54648.95482566386,9396.622656727255,12,410,2,Salaried,Post-Graduate,0
41,46997.160803292114,9382.042378202268,36,422,1,Self-employed,Graduate,0
45,66906.51382841461,8222.914385758304,24,353,3,Salaried,Graduate,0
55,52147.147610075466,14322.741951840333,24,770,1,Self-employed,Under-Graduate,0
58,54759.86634897334,10315.542302173268,24,505,0,Salaried,Under-Graduate,0
34,30249.472622240566,19420.72438595402,36,466,4,Salaried,Graduate,1
44,37150.73282417428,17883.868196978336,12,734,0,Business,Under-Graduate,0
31,58152.15643571612,23780.148975125187,12,310,1,Self-employed,Graduate,0
43,32344.856762197865,19528.460337368102,48,682,2,Business,Under-Graduate,0
35,50569.90852224101,21705.237392209998,12,773,0,Business,Graduate,0
46,12053.046213467518,8455.151433297116,12,808,3,Self-employed,Under-Graduate,0
39,88105.45758276535,18918.736487522085,60,353,0,Business,Graduate,0
41,63486.28803106663,16993.855574286892,12,546,0,Business,Post-Graduate,0
49,41012.38986616276,1000.0,36,818,0,Business,Post-Graduate,0
29,80153.5690163364,14553.544340980658,24,439,2,Business,Graduate,0
26,32161.338779335496,6956.98445764136,36,704,1,Salaried,Under-Graduate,0
42,38777.90052168218,2826.631765033426,24,805,2,Self-employed,Post-Graduate,0
41,60150.44498307401,12516.987048339732,24,523,3,Self-employed,Under-Graduate,0
37,68627.23587180537,9929.864304934788,48,646,1,Business,Under-Graduate,0
41,38551.3619358208,8973.413432827194,12,673,3,Self-employed,Post-Graduate,0
46,59174.93021246417,3490.393436513652,48,503,1,Salaried,Post-Graduate,0
28,56730.95065439951,29224.23532697765,24,591,1,Business,Under-Graduate,0
46,49498.458066878484,5032.550515218738,60,576,0,Business,Graduate,0
57,39147.57025756147,12305.378949365537,60,608,0,Business,Post-Graduate,0
31,66847.27220443217,20458.297889756832,48,553,2,Salaried,Graduate,0
61,10000.0,22827.79974533287,48,302,1,Self-employed,Graduate,1
37,52782.37469870324,6186.262289392796,12,487,3,Salaried,Post-Graduate,0
25,36329.54420485599,13252.886674609357,48,636,0,Self-employed,Graduate,0
31,47564.947841364534,19428.41342238777,48,649,3,Salaried,Graduate,0
52,36120.279239420546,17383.84782383796,36,399,0,Salaried,Graduate,0
33,25864.209379646436,18046.679941497714,48,756,1,Business,Graduate,0
41,37091.32846379125,5451.696326928124,48,717,3,Business,Under-Graduate,0
53,38905.478268655745,8394.800855262889,36,456,2,Business,Graduate,0
23,45370.88087854111,13787.544873300692,24,501,2,Salaried,Graduate,0
32,49762.73534669436,12502.408233579823,24,628,2,Salaried,Graduate,0
41,62539.095957548096,16315.191836425856,36,339,0,Self-employed,Graduate,0
44,79638.33765135048,6545.940439707008,12,605,0,Salaried,Under-Graduate,0
34,51355.069582826734,22812.198616363166,48,446,2,Self-employed,Under-Graduate,1
56,29121.585169890113,5462.1442999938245,12,541,3,Business,Under-Graduate,0
38,65513.94275815961,16844.383247821734,60,478,0,Business,Post-Graduate,0
31,55300.25811320559,8494.581627661311,12,348,2,Salaried,Post-Graduate,0
61,30050.074989498902,12878.637090691387,48,479,0,Self-employed,Under-Graduate,0
59,51510.23149511969,3213.941772163391,24,615,4,Self-employed,Post-Graduate,0
35,63520.00935207036,13655.915841337215,48,508,3,Business,Under-Graduate,0
40,33093.33439328526,20322.900723719642,48,787,1,Salaried,Graduate,0
53,38713.37120755493,25126.721051020348,48,546,3,Self-employed,Under-Graduate,1
54,51515.06519955484,14216.880310017203,12,818,1,Self-employed,Under-Graduate,0
64,44184.73719681317,5254.650287997683,24,736,2,Self-employed,Post-Graduate,0
46,19050.306217821446,21523.118332829956,24,842,0,Business,Under-Graduate,0
46,96899.9701716043,17775.869638100914,12,648,2,Salaried,Graduate,0
35,37950.40414466254,13647.821664509918,12,818,1,Self-employed,Under-Graduate,0
59,35989.45714518916,10673.386485832725,12,686,4,Salaried,Under-Graduate,0
57,42447.3609275615,14031.785602208367,60,580,1,Self-employed,Under-Graduate,0
45,47763.537180640385,15231.774656310445,60,717,0,Business,Under-Graduate,0
62,56211.86158274215,21476.64718549546,48,643,4,Salaried,Post-Graduate,0
60,28400.943944341838,8217.292146743626,60,337,0,Self-employed,Post-Graduate,0
60,74928.67897222047,9588.02845998247,12,665,4,Business,Post-Graduate,0
34,21322.728556498623,13120.963372865557,12,680,0,Business,Under-Graduate,0
23,40864.91191813516,4137.226067221176,12,425,1,Business,Graduate,0
55,65070.376164846435,20501.8674113558,24,475,1,Self-employed,Post-Graduate,0
36,63835.10664200626,19729.544560444574,24,400,1,Business,Graduate,0
23,10000.0,17383.28812435871,60,790,1,Business,Post-Graduate,1
46,48561.16303831675,34362.04618301481,36,492,4,Business,Graduate,1
26,50867.115315144845,20440.666522986867,36,380,3,Business,Under-Graduate,0
55,54484.573553382754,25761.143892006563,12,754,3,Business,Under-Graduate,0
60,37719.3848085906,15488.354873078963,24,633,2,Self-employed,Post-Graduate,0
26,44730.813646822084,10612.449748320612,48,428,3,Salaried,Graduate,1
64,60149.33886483433,3489.9030959441207,60,305,2,Self-employed,Under-Graduate,0
29,64745.204066129736,17450.36049556082,24,757,1,Self-employed,Under-Graduate,0
35,21102.074886945196,19328.131596336825,12,320,0,Self-employed,Under-Graduate,1
50,59132.16866141079,22437.06658762403,12,494,3,Salaried,Post-Graduate,1
51,56838.27288844723,10977.439343170736,36,327,3,Salaried,Graduate,1
58,66745.58719673009,20334.413373761563,12,749,1,Business,Post-Graduate,0
25,32550.658460361155,4616.736138056722,12,791,1,Salaried,Graduate,0
56,58718.0383479067,15721.304815748903,48,729,3,Self-employed,Post-Graduate,0
28,12493.631667653986,19406.91049530407,60,534,1,Business,Under-Graduate,1
47,42503.81861242479,20157.205733771472,48,723,3,Salaried,Graduate,0
53,43453.56157843118,21559.946100191366,36,436,0,Self-employed,Post-Graduate,0
64,51570.84639941731,19284.929886592872,24,381,0,Business,Under-Graduate,0
54,64487.41258643443,15890.692508217458,36,617,2,Business,Under-Graduate,0
45,28095.084890172016,24924.39925774432,12,664,3,Business,Graduate,1
22,74012.52805045014,14581.826224176277,60,699,0,Self-employed,Post-Graduate,0
50,10000.0,14917.553608438942,12,655,0,Business,Under-Graduate,1
59,16227.924337373232,27638.152282890882,60,751,4,Self-employed,Graduate,1
59,68812.96369311454,1000.0,60,534,0,Salaried,Graduate,0
42,52078.1555322544,19604.099178658755,60,334,2,Business,Under-Graduate,1
44,84133.58914401675,19872.715612743854,24,638,0,Salaried,Post-Graduate,0
26,65319.37014567737,11633.889477415561,36,753,1,Business,Graduate,0
51,50247.26128644048,15149.817345687843,24,778,4,Business,Under-Graduate,0
61,40157.34192414987,14893.071433548823,24,558,3,Business,Under-Graduate,0
39,37451.76763252494,13292.391454909899,24,352,2,Self-employed,Under-Graduate,0
27,57342.928012831515,14494.131003365232,48,742,0,Salaried,Post-Graduate,0
26,38367.64352537767,18046.71821713066,48,719,3,Business,Post-Graduate,0
63,54989.65829785065,10259.00498670397,48,548,0,Business,Graduate,0
39,36484.308148978926,14963.686390764995,24,592,4,Self-employed,Graduate,0
34,54050.16854681166,4206.128936125984,12,506,3,Business,Under-Graduate,0
41,80790.2384617743,10082.337145855587,48,400,1,Self-employed,Graduate,0
59,61089.94952519492,6310.59827376809,48,514,1,Business,Under-Graduate,0
42,40628.78981251219,16241.387146243245,24,599,3,Salaried,Graduate,0
25,57015.108759594616,6683.536805411759,36,734,1,Self-employed,Post-Graduate,0
34,55530.3549988622,3856.8499802447022,12,538,2,Self-employed,Post-Graduate,0
39,54134.30228712329,3885.098828561482,60,423,4,Business,Under-Graduate,0
34,57679.67393431627,6741.927241817781,60,817,2,Salaried,Graduate,0
34,68147.24836365113,23252.13866301441,12,448,3,Business,Graduate,1
60,71495.35708859941,27288.915720895136,24,356,2,Self-employed,Graduate,1
58,50043.934992660346,12293.826320402783,36,455,4,Business,Under-Graduate,0
56,22440.42760314302,3052.520518680294,36,835,4,Salaried,Graduate,0
59,51696.0782561456,12594.63887637081,60,414,3,Self-employed,Post-Graduate,0
61,46847.68657747115,26087.17439514184,36,630,2,Salaried,Graduate,0
48,61016.93458181766,16833.99421533504,60,490,4,Salaried,Post-Graduate,1
47,25783.905885097673,3312.2914999709956,48,833,3,Self-employed,Graduate,0
33,60008.993888053075,29590.37223378902,24,665,4,Salaried,Under-Graduate,1
23,52553.31282199467,12132.882572493687,36,793,0,Business,Under-Graduate,0
64,30516.37271863103,10728.472951902913,24,845,0,Self-employed,Graduate,0
41,10000.0,24374.176334806532,48,548,4,Salaried,Graduate,1
56,67384.70732185987,17215.49481122263,12,336,3,Salaried,Post-Graduate,1
31,30217.58300137742,25312.459100532426,12,596,0,Business,Under-Graduate,0
29,20401.57293489222,13902.094491914446,12,764,4,Business,Graduate,0
61,38708.184509830215,14401.966492782905,60,520,1,Business,Under-Graduate,0
57,73426.17496915584,11191.15204832722,60,785,2,Business,Under-Graduate,0
52,53906.09247264873,16230.76176606313,12,698,4,Salaried,Graduate,0
36,58893.667394334996,14687.149509084062,48,832,0,Salaried,Graduate,0
63,49042.49066225517,9367.200881030309,60,351,4,Salaried,Graduate,1
39,56030.961040538336,1472.8275417693767,12,730,3,Self-employed,Graduate,0
36,45916.553542972055,18803.538439299387,24,507,0,Salaried,Post-Graduate,0
40,40583.31300132368,17585.566341584978,12,718,3,Self-employed,Graduate,0
45,37190.61325477952,12889.514892843636,12,759,3,Salaried,Post-Graduate,0
56,43870.73439963891,22570.283416759845,24,818,3,Business,Graduate,0
23,98268.47917583882,16194.925710357053,60,468,4,Salaried,Under-Graduate,0
34,61408.01235808768,18491.588623224336,24,439,0,Self-employed,Graduate,0
30,32845.02795130386,14961.803069149531,60,646,3,Business,Post-Graduate,0
56,23389.877586372455,2304.4471842252733,48,357,1,Salaried,Graduate,0
23,48195.62686141177,25447.252534255687,60,748,2,Self-employed,Graduate,0
37,15814.011913844472,18032.824750072126,36,484,4,Salaried,Under-Graduate,1
57,68122.66849334129,4387.790639146873,60,477,1,Business,Under-Graduate,0
23,10000.0,11377.664247948405,36,786,0,Self-employed,Post-Graduate,0
37,43759.09299094293,19589.575190036398,60,764,2,Business,Graduate,0
29,13999.540284519062,27090.20847782137,24,426,3,Self-employed,Graduate,1
22,58957.974923190784,17298.62370589656,60,344,1,Business,Under-Graduate,0
39,34840.10418066272,20905.56353468469,12,489,1,Self-employed,Post-Graduate,0
62,64092.40586098267,28184.290219805105,60,661,3,Self-employed,Graduate,0
47,10000.0,27803.85298070406,24,665,3,Salaried,Post-Graduate,1
26,72592.05411071809,17110.080695991895,24,492,1,Business,Post-Graduate,0
42,57022.216705462895,20271.843683987867,60,593,0,Salaried,Post-Graduate,0
56,49304.74283815304,7170.187987053055,60,826,4,Business,Under-Graduate,0
61,33152.531145986795,14587.71275316856,60,448,0,Business,Under-Graduate,0
49,43805.34281293129,18251.436075641686,48,448,0,Salaried,Graduate,0
47,64342.57182292135,11645.147091444298,36,550,4,Self-employed,Post-Graduate,0
53,33289.24497604386,4386.1390673782025,60,734,0,Business,Post-Graduate,0
42,47765.841564043825,14683.473626581816,60,513,2,Self-employed,Post-Graduate,0
25,43986.968895902115,1000.0,36,334,3,Business,Graduate,0
63,53632.25301301689,27080.89528862574,12,680,1,Salaried,Graduate,0
62,22118.257138463014,14541.334446501309,48,526,4,Self-employed,Post-Graduate,1
57,79039.79617324405,23499.071790443653,48,519,0,Salaried,Post-Graduate,0
45,68731.17737944543,7964.289371589947,12,439,1,Business,Post-Graduate,0
54,14545.826642047934,10975.57889859748,36,564,2,Salaried,Graduate,1
26,10714.544724634055,19700.826042227207,36,635,0,Business,Post-Graduate,1
24,78117.40323349417,26943.15435174715,24,578,0,Self-employed,Post-Graduate,0
32,51328.11694292382,16487.027752245456,36,631,0,Self-employed,Under-Graduate,0
53,13962.176110780274,8385.18747663327,48,494,2,Salaried,Post-Graduate,1
43,40110.88112125584,21990.263855752644,24,342,3,Salaried,Under-Graduate,1
32,44203.85096680643,6430.825883917632,60,557,1,Self-employed,Post-Graduate,0
59,62781.28386637611,25415.54617571206,60,741,0,Salaried,Under-Graduate,0
43,68899.48112594464,23493.766653443556,60,595,0,Salaried,Under-Graduate,0
25,52508.243733265575,8934.394836295858,24,736,2,Self-employed,Graduate,0
60,46550.24373565453,14002.454933026593,48,697,2,Business,Post-Graduate,0
24,40510.09618347369,10912.298196161082,36,424,1,Salaried,Post-Graduate,0
31,78157.53328465705,18042.095754914168,24,796,1,Salaried,Post-Graduate,0
58,41553.79386145832,18755.00767977003,48,663,0,Self-employed,Under-Graduate,0
40,60337.49820713638,1280.6333490029974,36,446,0,Business,Graduate,0
39,28529.198624465964,19149.011741782935,12,759,0,Business,Under-Graduate,0
49,24663.700352125587,14216.576758260724,48,470,0,Salaried,Under-Graduate,0
52,53816.44355071347,5252.25277159285,12,609,0,Salaried,Under-Graduate,0
38,42410.09704743487,19879.228679183674,60,651,2,Business,Post-Graduate,0
45,22502.94476158177,27673.385937067167,60,647,3,Salaried,Under-Graduate,1
22,43561.901589012276,15882.941261906279,48,650,1,Business,Under-Graduate,0
26,99754.91376870274,26178.59666583375,12,440,2,Salaried,Graduate,0
53,49251.74182026014,21567.559513668268,24,469,4,Salaried,Post-Graduate,1
38,44002.54943013144,21658.65280948888,36,524,4,Self-employed,Graduate,1
42,44036.16044111976,18720.200737510004,60,520,4,Business,Post-Graduate,1
62,73973.53457463434,13230.61490220695,60,664,1,Business,Graduate,0
64,47096.24164323541,9064.266997318715,60,412,0,Salaried,Post-Graduate,0
43,54966.41585490155,39600.69037345245,60,548,4,Self-employed,Post-Graduate,1
60,64334.99145292433,16381.414840318745,48,769,4,Business,Under-Graduate,0
60,76083.27268917405,16231.1018622074,48,748,3,Salaried,Graduate,0
55,35449.87843850623,23690.91052656447,12,347,2,Salaried,Post-Graduate,1
35,30752.81270177976,1000.0,24,650,1,Self-employed,Under-Graduate,0
37,35720.783981690736,19605.907664010505,12,383,1,Business,Graduate,1
26,63061.17949337991,25782.508843360927,24,472,3,Business,Post-Graduate,1
39,65353.58420377101,25576.82464562395,48,444,4,Salaried,Post-Graduate,1
25,53919.68544293119,19585.571421576504,60,750,3,Salaried,Post-Graduate,0
49,69582.3265517881,6950.752478334946,12,844,0,Self-employed,Under-Graduate,0
48,65373.41399464998,22191.006531335126,24,620,4,Business,Graduate,0
27,37563.896160127166,6113.692496929571,36,447,1,Business,Post-Graduate,0
32,20008.64983369964,27057.913393597926,24,425,2,Self-employed,Post-Graduate,1
42,41214.51381498405,21250.45878301265,12,765,3,Business,Graduate,0
38,60747.069592390384,11972.333495887946,48,428,3,Self-employed,Graduate,1
52,59875.72451459376,23635.498775659078,60,374,1,Business,Graduate,0
55,13936.993868283032,13765.28063886678,36,785,4,Self-employed,Graduate,1
34,10000.0,15799.066998942437,12,515,4,Self-employed,Post-Graduate,1
44,63810.40961842304,20770.406309901617,48,536,4,Salaried,Under-Graduate,0
22,64299.30587648896,14582.314557340685,24,395,2,Business,Graduate,0
25,57189.3638963731,13231.434691047358,48,482,2,Salaried,Under-Graduate,0
51,68108.39210541127,9998.563236205395,48,494,4,Self-employed,Under-Graduate,0
52,54206.1570771199,22555.268595908965,60,549,2,Self-employed,Under-Graduate,0
37,23423.5496094747,15347.042318890504,12,746,3,Self-employed,Graduate,0
64,43789.981233604354,23399.604269450152,48,371,4,Business,Under-Graduate,1
24,48455.700086368284,10420.707565714918,24,351,2,Salaried,Under-Graduate,0
33,38597.3907991236,7208.016084118024,24,795,3,Self-employed,Post-Graduate,0
33,38245.91543454867,23811.369923702445,60,454,3,Business,Graduate,1
32,48148.160492257164,6423.34959343407,48,619,2,Self-employed,Graduate,0
37,33431.037879097144,10581.414233454929,24,600,4,Self-employed,Graduate,0
50,10000.0,19721.37529760961,24,494,4,Self-employed,Graduate,1
42,52140.594588459666,29437.61111912634,60,325,2,Self-employed,Graduate,1
63,74902.63088864717,17945.533064438136,48,526,2,Salaried,Post-Graduate,0
64,10000.0,6535.374049791071,60,696,0,Self-employed,Under-Graduate,0
26,53318.31009901029,7759.576756852314,48,508,3,Self-employed,Post-Graduate,0
34,29779.59142295002,14976.00171687127,24,713,4,Salaried,Under-Graduate,0
38,63599.67030173931,20131.8211008766,12,552,1,Salaried,Graduate,0
33,57617.93001979474,7431.357861943641,24,727,3,Self-employed,Post-Graduate,0
38,71053.6379920292,7841.707509421485,12,564,4,Salaried,Graduate,0
22,33114.65013775758,14524.358770918425,48,475,0,Salaried,Graduate,0
29,51314.55430160358,20678.79823614464,48,651,3,Salaried,Under-Graduate,0
37,99792.2720702755,4675.648094207805,36,483,3,Salaried,Under-Graduate,0
36,54058.03851525577,1000.0,48,623,4,Self-employed,Under-Graduate,0
40,64187.30919992807,14235.897990960511,48,798,1,Business,Post-Graduate,0
46,78063.61895005016,36758.80765227835,36,492,2,Business,Under-Graduate,0
52,32348.54166771771,11292.838533597907,12,785,1,Self-employed,Graduate,0
63,10000.0,24438.040236127184,48,494,0,Business,Under-Graduate,1
23,16074.851980178362,6814.2270634773395,60,320,3,Salaried,Under-Graduate,1
46,26803.80904614915,15986.98648332697,48,633,4,Business,Under-Graduate,1
52,41617.25394293176,23739.3551710771,48,354,3,Self-employed,Under-Graduate,1
25,59932.30834044727,13951.044212371558,24,301,2,Business,Graduate,0
25,69063.59623610259,5436.554524161544,48,603,1,Self-employed,Under-Graduate,0
33,28491.249792605264,15492.341479445682,48,833,1,Business,Graduate,0
38,92894.72145974956,21561.44287468673,60,440,0,Salaried,Post-Graduate,0
42,76000.27796779736,30794.183541707287,36,388,4,Salaried,Post-Graduate,1
50,39881.8813797549,4319.161598588684,36,604,2,Salaried,Graduate,0
43,97623.22140153078,17769.312994771662,36,464,2,Business,Post-Graduate,0
57,61871.347137765966,8232.902970949875,24,516,4,Business,Under-Graduate,0
61,48663.96528350539,16298.719442728361,48,663,0,Business,Under-Graduate,0
37,31259.62005016291,8134.133831378117,12,830,2,Salaried,Under-Graduate,0
36,27700.2914983332,9649.646780627074,12,583,0,Business,Post-Graduate,0
51,68745.47578004646,27962.250788976256,60,661,4,Business,Graduate,0
32,51925.90222550138,15530.48799735884,24,667,4,Self-employed,Post-Graduate,0
34,58489.645847462976,4680.2438146756795,24,740,4,Salaried,Post-Graduate,0
44,27265.631302246667,13662.881973458643,48,744,2,Business,Graduate,0
61,60885.27824405513,20280.574606570066,12,676,4,Self-employed,Graduate,0
62,51485.855197245364,16693.603836506605,24,795,2,Self-employed,Post-Graduate,0
55,28297.56449234024,18732.538427778774,60,487,0,Self-employed,Post-Graduate,0
41,21552.225909036166,30250.63728432937,12,683,3,Salaried,Graduate,1
23,50771.57413946439,22787.013182652263,24,727,0,Self-employed,Graduate,0
29,63694.12015526645,26177.660746843147,48,457,2,Salaried,Post-Graduate,0
39,71223.14083252085,18099.53227823643,48,524,1,Self-employed,Under-Graduate,0
28,54658.06049114962,22008.794060674154,48,671,1,Business,Under-Graduate,0
64,33872.42962448101,9486.51086192915,48,608,3,Salaried,Under-Graduate,0
52,50413.43149675894,20966.917138781464,12,658,4,Salaried,Graduate,0
43,57105.25021481831,27484.146295005747,12,401,0,Business,Under-Graduate,0
49,34713.39805268759,16757.924273976838,24,759,0,Self-employed,Under-Graduate,0
46,40571.7448788514,11660.077177279505,60,431,2,Salaried,Graduate,0
22,50578.23230171697,25679.736815396565,36,501,3,Salaried,Graduate,1
53,54436.62458915626,8675.529361968853,36,586,4,Salaried,Graduate,0
46,24840.09362894425,33328.11998583588,48,446,3,Salaried,Under-Graduate,1
37,38964.843364154454,17682.26664139741,24,593,1,Salaried,Under-Graduate,0
50,52803.567715631405,2223.9202058341634,36,332,3,Business,Under-Graduate,0
63,59936.0530615662,18607.20818177933,36,317,4,Salaried,Under-Graduate,1
45,52791.92547870556,26306.442912251714,36,414,4,Salaried,Graduate,1
38,55839.5537952502,24006.575858143377,36,507,0,Business,Under-Graduate,0
63,55129.3316370229,15295.813543692653,36,460,0,Self-employed,Graduate,0
27,33563.68501955751,16211.178180662973,24,589,4,Salaried,Post-Graduate,1
35,77560.52674551288,23986.006798897353,36,618,0,Business,Post-Graduate,0
47,42308.66176886398,1000.0,36,761,0,Business,Post-Graduate,0
49,34901.24869368631,10568.856333418684,24,351,0,Self-employed,Under-Graduate,0
57,20835.997046978442,9361.810404516335,12,351,4,Salaried,Graduate,1
52,39665.21990745197,21762.67566067198,12,470,0,Salaried,Post-Graduate,0
48,36111.91786090618,7992.179874730931,12,744,1,Self-employed,Graduate,0
23,42468.83536598832,9363.231941384118,36,430,4,Business,Under-Graduate,1
40,56368.3276371071,11404.664284119797,24,522,3,Business,Under-Graduate,0
49,73791.97067649427,8403.925043144667,12,614,2,Business,Post-Graduate,0
42,66261.55794727552,23555.40126720958,48,425,2,Self-employed,Post-Graduate,0
36,10000.0,11271.504618612165,48,811,1,Self-employed,Post-Graduate,0
55,70164.52512753067,19384.99881249723,24,429,4,Business,Under-Graduate,0
61,60423.56311090795,10827.54945947439,36,343,3,Salaried,Under-Graduate,1
24,86027.5132241825,14930.395133899823,12,683,4,Salaried,Post-Graduate,0
22,37244.66192256096,13518.662632063679,36,487,3,Business,Under-Graduate,1
45,29847.262878779435,1000.0,12,543,3,Salaried,Under-Graduate,0
64,67298.23462541934,5579.517487748681,60,826,4,Business,Post-Graduate,0
48,65074.900525445235,5073.518210121099,60,618,0,Business,Under-Graduate,0
30,36463.25267920983,23737.06961468805,36,573,2,Salaried,Under-Graduate,0
45,44918.9213724617,25304.49522595234,48,370,0,Salaried,Graduate,1
38,59574.912645803925,11058.9865592285,36,323,2,Self-employed,Graduate,1
49,56974.669970565825,18583.494286377958,12,593,0,Salaried,Graduate,0
60,49275.31516674454,9423.640160289939,36,433,4,Salaried,Under-Graduate,1
25,51847.03443920531,17281.00723757278,36,703,4,Salaried,Under-Graduate,0
50,33633.678985872626,12164.631770849388,12,783,3,Salaried,Graduate,0
49,45964.07391222699,10883.385633366634,48,501,1,Business,Graduate,0
58,22295.44263390355,19812.668687799312,60,833,4,Salaried,Graduate,1
50,49890.87007227275,17572.228923967818,12,460,2,Business,Post-Graduate,0
50,22603.53384940198,9003.002686774435,36,345,3,Business,Graduate,1
26,27930.09311119628,28722.55204983223,24,797,2,Self-employed,Graduate,0
32,113739.70914312065,29759.062234055426,36,737,0,Business,Graduate,0
23,12007.01712870194,15949.610356348718,36,404,1,Salaried,Post-Graduate,1
25,69498.38820094359,19853.642188801114,24,384,4,Self-employed,Post-Graduate,1
31,55444.76738171891,33658.83174742316,36,376,0,Self-employed,Under-Graduate,0
60,56005.65581161171,19825.352061571088,24,824,3,Self-employed,Graduate,0
29,28660.608142663943,4141.083062417303,36,590,2,Business,Graduate,0
44,64597.23562174682,15344.971959290928,48,638,1,Business,Under-Graduate,0
48,13647.65058412899,12235.054487614754,60,820,4,Business,Graduate,1
44,40125.76929146776,11458.092358175025,48,312,2,Self-employed,Under-Graduate,1
55,50372.45729722171,18547.389209770477,12,833,4,Business,Graduate,0
56,83264.8299385649,11150.526410870156,12,672,4,Business,Graduate,0
38,63111.80694642688,21677.57976482947,36,775,2,Self-employed,Graduate,0
31,41366.118663878966,9996.29427009695,12,426,4,Self-employed,Under-Graduate,1
23,44421.68939525168,6213.481861909502,12,522,3,Salaried,Under-Graduate,0
38,61467.418299473116,25144.98102145192,36,521,1,Self-employed,Under-Graduate,0
52,25759.663706157015,12826.97445751994,36,696,0,Self-employed,Under-Graduate,0
37,72198.8394191874,21378.490125721175,60,398,1,Self-employed,Under-Graduate,0
45,48103.59901149002,7467.631377588917,24,782,0,Salaried,Post-Graduate,0
28,32495.934306224037,13536.598188992819,36,703,3,Salaried,Under-Graduate,0
40,22101.417351387234,20214.01544483074,60,534,1,Salaried,Graduate,1
37,10000.0,8802.282379097061,48,485,3,Self-employed,Post-Graduate,1
54,85036.16479174183,18680.76106529467,12,578,2,Salaried,Post-Graduate,0
57,12267.259355509603,24559.174216747255,24,675,0,Self-employed,Post-Graduate,1
31,59590.48720603698,17851.87854771138,48,702,2,Business,Post-Graduate,0
64,58675.91337444714,10694.378190444006,36,535,2,Salaried,Under-Graduate,0
36,40465.59952986785,10043.790428786755,48,367,1,Business,Graduate,0
64,47732.82059206703,8939.093843388058,60,475,4,Self-employed,Under-Graduate,0
24,41983.5501298851,7966.6518420142,36,831,4,Business,Under-Graduate,0
23,54457.39197779453,21630.667343469733,36,752,3,Salaried,Post-Graduate,0
64,42217.98420673676,7544.663999868364,24,818,1,Salaried,Under-Graduate,0
63,44215.652197073505,12651.185443095366,60,352,2,Self-employed,Post-Graduate,0
56,48344.67867903076,16415.514160991483,12,628,3,Salaried,Under-Graduate,0
48,62500.01201513664,12022.253716810013,48,566,2,Business,Post-Graduate,0
26,61987.25464660065,9515.144686763146,24,691,3,Business,Post-Graduate,0
36,47503.683208122035,24559.01661406578,24,331,0,Salaried,Post-Graduate,1
57,44940.32114405275,10099.707130236302,36,490,3,Salaried,Post-Graduate,0
54,61263.62134793924,16420.441307363282,48,486,3,Self-employed,Under-Graduate,0
22,32804.86552695592,10851.257153523911,24,700,2,Business,Under-Graduate,0
33,26688.319941233778,10394.519084785361,36,453,4,Salaried,Graduate,1
63,23168.000873490677,4362.514406770553,36,350,2,Business,Graduate,0
62,54783.54353784889,15125.23738143291,60,588,1,Self-employed,Post-Graduate,0
30,71885.78844247574,4637.68299508985,36,837,2,Business,Graduate,0
41,51417.29775327628,17312.982313557706,12,577,4,Self-employed,Graduate,0
51,55282.74767287016,12645.760562643598,60,750,1,Business,Post-Graduate,0
35,39611.106639471865,7341.8666479922185,60,633,4,Self-employed,Post-Graduate,0
44,55206.22570348665,5910.73176511318,12,509,1,Salaried,Post-Graduate,0
50,52738.01143533318,1000.0,12,810,2,Salaried,Graduate,0
63,59657.503288712425,20226.270142457408,24,805,4,Self-employed,Post-Graduate,0
56,10000.0,14570.04957848004,24,781,4,Business,Graduate,1
48,58570.38601611367,16259.05060020355,12,659,0,Business,Post-Graduate,0
48,62613.10883768735,18970.707283377084,24,444,0,Business,Post-Graduate,0
51,62139.78337888326,27649.619512396886,12,375,3,Salaried,Under-Graduate,1
24,47575.27609784647,7337.333877624344,12,587,0,Salaried,Under-Graduate,0
33,85101.72250428345,10033.214889854746,36,448,4,Business,Post-Graduate,0
52,68748.82213596255,19218.997602081872,24,736,3,Salaried,Under-Graduate,0
58,79032.43186885999,20882.874301349024,60,633,2,Salaried,Under-Graduate,0
48,59068.06766337189,15489.40842956183,60,365,3,Salaried,Under-Graduate,1
45,50023.395091981794,1000.0,24,476,1,Self-employed,Under-Graduate,0
62,61832.77874150923,1000.0,24,626,3,Self-employed,Graduate,0
61,37479.31991469346,14373.688482802376,24,842,0,Salaried,Under-Graduate,0
32,66565.4695907348,23679.279040374593,24,498,2,Salaried,Post-Graduate,0
48,40919.99438923846,26490.1441036096,36,719,1,Salaried,Under-Graduate,0
30,38216.02653835989,1336.5172919618344,12,373,3,Business,Post-Graduate,1
37,23674.909432355325,18723.460572216773,24,722,2,Self-employed,Graduate,0
35,70120.1829814925,18549.241570929113,24,410,0,Business,Post-Graduate,0
51,90283.86297316123,10750.35025007158,12,393,2,Salaried,Post-Graduate,0
45,77361.4649626458,16125.98848354471,12,659,2,Salaried,Under-Graduate,0
63,68020.67796029641,13056.194437781396,12,468,1,Business,Post-Graduate,0
34,68585.86643462058,5832.224831327394,48,596,4,Salaried,Post-Graduate,0
54,67898.34778156478,10012.149171259562,60,560,0,Self-employed,Graduate,0
30,47470.582376562124,31139.364220522802,24,617,1,Self-employed,Graduate,0
47,42371.58650128795,17314.3747854178,36,571,1,Salaried,Under-Graduate,0
63,30527.13091784981,5307.084362893465,36,507,1,Self-employed,Graduate,0
34,87238.93683842485,6002.238910939746,12,643,4,Salaried,Graduate,0
42,45989.67620872424,27458.180966286396,36,702,4,Salaried,Post-Graduate,1
50,52849.26762162036,11085.083937027382,60,382,3,Salaried,Under-Graduate,1
49,27535.59478538309,12010.183685351167,24,539,3,Self-employed,Under-Graduate,0
45,34520.06530763937,21340.242784675604,36,742,0,Business,Post-Graduate,0
34,30309.537355205553,12278.396324606814,60,368,0,Self-employed,Graduate,0
63,42814.970226248086,10745.184047238481,60,768,4,Self-employed,Graduate,0
41,62753.624045631834,16776.36821409362,48,640,4,Business,Graduate,0
60,59326.27466920042,9334.455852574718,48,760,4,Self-employed,Under-Graduate,0
28,62036.58885290667,11253.676540801775,36,733,1,Salaried,Post-Graduate,0
62,49682.36217732035,27748.220077803482,60,640,4,Self-employed,Post-Graduate,1
36,64975.95916244409,8414.633667504611,12,757,1,Salaried,Graduate,0
46,47051.38353769592,13007.747545014181,48,771,1,Salaried,Under-Graduate,0
56,59121.819601199706,32094.009811738233,60,390,0,Self-employed,Post-Graduate,0
34,42146.23344812358,1000.0,48,588,2,Business,Graduate,0
64,72085.10067681532,30193.913056740254,24,572,3,Self-employed,Graduate,0
29,32099.93986422323,19212.749667863485,60,832,3,Self-employed,Post-Graduate,0
42,72530.981051701,18731.429177645594,60,813,0,Self-employed,Post-Graduate,0
27,57238.557978353114,18608.116209065043,24,847,0,Salaried,Post-Graduate,0
31,80343.07483707438,11553.286497964455,48,523,4,Salaried,Under-Graduate,0
62,36786.76445706887,6960.912666610165,24,797,4,Business,Graduate,0
42,45385.02427880252,14790.972468849403,36,324,4,Business,Post-Graduate,1
35,44833.17265271004,14097.712452888352,12,463,1,Self-employed,Under-Graduate,0
54,32734.40307668645,16812.925493464267,48,590,1,Business,Under-Graduate,0
46,89454.13434522337,12570.176860982958,60,344,4,Self-employed,Post-Graduate,1
40,35752.31065795212,21726.06265721331,36,667,1,Salaried,Post-Graduate,0
30,31511.802425697693,21536.362225941873,48,510,0,Self-employed,Post-Graduate,0
58,79044.77611578515,3417.631841814602,12,445,4,Self-employed,Post-Graduate,0
57,65325.70126838186,1439.4273064469653,60,649,3,Self-employed,Under-Graduate,0
57,46191.17851123227,8774.970725555882,24,705,3,Self-employed,Post-Graduate,0
36,12949.684808010534,4343.418120055709,12,309,1,Business,Graduate,1
26,84280.4909261647,23521.060845298038,48,819,3,Self-employed,Graduate,0
38,88919.37025431346,9827.446035228604,60,333,4,Salaried,Post-Graduate,1
51,62207.82000406972,19163.17359406512,48,533,3,Self-employed,Post-Graduate,0
28,60415.15546467887,13911.486525152915,12,480,0,Salaried,Under-Graduate,0
27,54088.752107769345,22265.978296289995,60,823,1,Business,Graduate,0
36,41406.93543966239,11512.915089775572,12,685,3,Self-employed,Graduate,0
31,74203.11408059216,2458.563799182075,48,572,1,Salaried,Under-Graduate,0
27,42331.43357204021,9453.677780571372,60,626,0,Self-employed,Post-Graduate,0
63,61157.76826717902,1000.0,60,634,3,Self-employed,Under-Graduate,0
62,54363.01192694667,2929.080577585837,60,813,4,Business,Under-Graduate,0
34,49764.09765206431,17719.312979729308,48,326,2,Salaried,Graduate,1
35,32953.064198302396,16553.07226647662,36,439,3,Salaried,Under-Graduate,1
22,26101.037218440684,10431.555239837877,48,394,0,Salaried,Graduate,0
54,59889.53573099339,13629.020018724113,24,467,2,Self-employed,Graduate,0
40,41365.62133058299,2254.1951515617784,36,816,3,Business,Under-Graduate,0
30,52890.100991056584,20406.23035382997,48,327,1,Self-employed,Under-Graduate,0
58,54008.800625822,13359.327858458575,24,607,0,Business,Post-Graduate,0
33,56191.75115444985,19219.419117731395,12,697,3,Business,Graduate,0
26,47601.50778789712,18754.918163457525,24,433,0,Salaried,Under-Graduate,0
27,62967.328368797665,17267.18603635623,60,592,4,Business,Graduate,0
32,48365.24900679925,7418.617062214893,36,794,2,Salaried,Under-Graduate,0
59,45194.797922554695,17222.60579312564,48,654,2,Self-employed,Under-Graduate,0
31,64774.52076361325,18501.00638133035,48,846,4,Self-employed,Post-Graduate,0
36,50533.922035928386,9618.799004110853,60,316,2,Business,Post-Graduate,0
60,54645.29759325275,17545.494910887868,36,409,2,Salaried,Post-Graduate,0
49,68915.95555412947,3388.7964971546044,36,774,4,Salaried,Under-Graduate,0
24,58443.009734263826,19392.175747114386,60,309,1,Self-employed,Post-Graduate,1
37,68637.82586002146,17456.57125097573,36,411,2,Business,Graduate,0
38,18379.955244147426,26927.328570387042,60,619,1,Salaried,Graduate,1
57,102862.52630797925,30384.787932244213,24,588,0,Salaried,Under-Graduate,0
40,64410.8528320836,12970.314497258907,60,765,0,Business,Post-Graduate,0
25,61976.32282152389,19085.426101901772,48,679,2,Self-employed,Under-Graduate,0
46,47240.28202871323,17765.95483548243,12,476,0,Salaried,Under-Graduate,0
48,20000.911896658177,12801.617793748868,24,663,4,Salaried,Graduate,0
33,64373.53125021278,1000.0,48,426,2,Business,Post-Graduate,0
48,72181.3052651622,5915.098892619128,24,562,4,Business,Graduate,0
25,15896.33117106551,10731.022673170266,48,745,1,Salaried,Post-Graduate,0
45,67717.38830040442,17155.35770192669,36,758,3,Salaried,Post-Graduate,0
38,80880.18348988661,26054.592120100067,60,565,3,Business,Under-Graduate,0
47,80074.53816961158,14181.633513013438,48,586,2,Business,Post-Graduate,0
39,60624.57893199944,23322.59658351164,48,324,4,Salaried,Post-Graduate,1
43,48440.43099072728,26590.620306812256,36,484,3,Business,Under-Graduate,1
27,68957.64273106793,10417.95163881356,12,364,2,Salaried,Graduate,0
40,58277.28797113851,3772.2451457152474,12,726,3,Business,Graduate,0
58,57292.326972353054,15299.302828367709,60,803,3,Salaried,Graduate,0
55,39462.72057471289,4293.021506614643,36,430,0,Salaried,Post-Graduate,0
32,17737.115177784304,29539.016059472808,24,603,2,Business,Post-Graduate,1
45,67142.46259647963,24328.505042278415,48,754,3,Self-employed,Under-Graduate,0
58,43512.085688783,26272.129105699096,60,412,2,Salaried,Under-Graduate,1
44,30397.20672960529,1160.8669182922313,12,825,0,Self-employed,Under-Graduate,0
61,27755.94592810365,12091.907780531401,24,386,2,Self-employed,Graduate,1
64,46370.06160360802,15426.354687731056,36,795,0,Business,Post-Graduate,0
25,25540.841149073516,18213.975853729105,48,313,3,Salaried,Under-Graduate,1
39,71572.67383063042,12111.87793075728,48,692,3,Self-employed,Post-Graduate,0
51,60831.2246468692,1000.0,12,813,3,Salaried,Under-Graduate,0
36,72344.51874003417,18699.3801465174,12,459,0,Salaried,Under-Graduate,0
58,29383.252478588816,29135.05806011575,60,591,1,Self-employed,Graduate,1
44,22090.205161079804,31079.6908932117,48,517,0,Self-employed,Graduate,1
33,85140.25205373371,12875.0361454544,48,720,0,Salaried,Post-Graduate,0
25,33990.243618168424,15628.255818801646,48,845,4,Self-employed,Post-Graduate,0
25,51909.5140694265,6950.827053318868,48,820,3,Self-employed,Under-Graduate,0
62,34728.43224158286,15635.768144105006,24,339,3,Salaried,Graduate,1
62,33560.13960933253,11569.158377781603,36,325,4,Self-employed,Post-Graduate,1
35,61897.64514718815,10853.49936133415,24,790,1,Self-employed,Graduate,0
29,47425.299108921965,3028.0758666946003,36,696,2,Salaried,Post-Graduate,0
44,76273.32035375987,27327.638295610748,24,324,3,Self-employed,Post-Graduate,1
22,14326.481537665808,13052.70365264477,60,498,3,Business,Graduate,1
32,49644.58618046205,11172.883101384572,36,670,0,Salaried,Post-Graduate,0
48,39775.52281013033,16795.018281094068,48,390,1,Business,Post-Graduate,1
25,45085.96838581974,10369.620838070368,36,698,1,Salaried,Graduate,0
50,46478.4651545318,1000.0,48,759,1,Business,Graduate,0
38,62863.43156500458,25444.078653843815,60,524,1,Business,Post-Graduate,0
40,46291.288709519446,15275.78711633867,36,388,4,Self-employed,Post-Graduate,1
45,46497.39181328916,21298.915324492264,12,595,0,Salaried,Graduate,0
62,84838.59275811151,16548.893136125855,48,474,4,Salaried,Post-Graduate,0
53,25600.23805872967,22589.945208784113,36,641,4,Self-employed,Post-Graduate,1
52,28282.91052265201,20616.05474737624,24,569,2,Self-employed,Post-Graduate,1
37,87145.43293939825,1000.0,36,643,0,Business,Under-Graduate,0
53,84178.55695388888,18586.44671834419,48,474,1,Salaried,Graduate,0
63,14131.940708038012,7855.207666487821,12,769,0,Self-employed,Under-Graduate,0
55,92860.72931851266,7819.435779633011,12,322,1,Self-employed,Under-Graduate,0
56,61578.77421424574,1481.0888693771558,24,837,2,Business,Under-Graduate,0
58,35829.321959258305,29467.275556926426,60,529,3,Business,Under-Graduate,1
37,50109.58523453021,13909.362800346104,12,429,4,Self-employed,Post-Graduate,1
42,41410.486665369324,11670.304177344186,60,449,2,Business,Under-Graduate,0
34,50013.10287635228,8875.661245366748,48,465,4,Salaried,Under-Graduate,1
39,41700.09801101487,33777.80035504862,36,548,1,Business,Graduate,0
23,26451.383831820276,23106.36372538491,60,572,1,Salaried,Post-Graduate,1
54,23563.503963664058,1000.0,48,542,2,Self-employed,Post-Graduate,0
62,54303.58482543393,25912.789878585325,48,667,3,Self-employed,Graduate,0
39,33988.99298493387,7649.666376208116,48,557,3,Business,Post-Graduate,0
49,21526.512130545976,20259.82833462674,24,634,4,Self-employed,Post-Graduate,1
58,60630.18177685255,11453.120993833945,24,506,1,Business,Graduate,0
56,60417.42087123793,1118.7497054835603,60,407,1,Business,Post-Graduate,0
58,60428.61052887262,10878.316633371232,48,555,3,Business,Under-Graduate,0
33,51556.722335045866,16929.3736921861,60,546,1,Business,Under-Graduate,0
61,32468.45551007117,17059.106969380362,12,525,1,Salaried,Under-Graduate,0
29,74070.50185978922,12197.764929361718,60,477,2,Salaried,Graduate,0
46,67628.77099974974,15426.49903270832,36,442,3,Self-employed,Post-Graduate,0
28,94586.89002957827,16058.31707890026,48,445,3,Business,Post-Graduate,1
23,75206.6235323635,22300.56051942491,60,376,0,Self-employed,Post-Graduate,0
54,56369.65771706251,25485.38886053097,24,337,3,Business,Post-Graduate,1
54,85332.00034707726,15014.952850583362,36,691,3,Self-employed,Graduate,0
61,51477.60252957465,4411.202865267935,60,743,0,Salaried,Post-Graduate,0
44,51641.80571330463,20121.72821500316,60,420,1,Self-employed,Graduate,0
26,49052.284896942176,20463.665934443685,60,636,1,Business,Under-Graduate,0
35,39919.206669734354,22133.27444372974,24,434,4,Business,Graduate,1
29,94509.66897103589,7326.421093901723,60,535,1,Self-employed,Post-Graduate,0
41,33379.69002285416,21452.461906225544,12,334,3,Self-employed,Graduate,1
39,16846.698765764784,17530.945598336857,12,311,4,Business,Post-Graduate,1
44,40673.373337203884,19637.81655850752,12,676,4,Self-employed,Graduate,0
50,57305.317472194656,8878.093633617013,60,668,1,Salaried,Post-Graduate,0
28,39181.36750386555,1000.0,36,340,4,Business,Under-Graduate,1
45,42889.17553882886,4097.372044856393,24,353,0,Business,Under-Graduate,0
46,11579.237777601811,22065.82439578322,12,428,4,Salaried,Graduate,1
35,25012.80022079474,28692.593917032085,12,580,2,Self-employed,Under-Graduate,1
59,23635.632971711162,21242.395502652864,36,635,0,Salaried,Post-Graduate,0
24,66746.48108233066,5196.488293234586,12,548,3,Business,Under-Graduate,0
35,21982.51279081087,14649.619346943668,24,656,1,Salaried,Under-Graduate,0
24,37003.13657386708,17335.8914092395,36,786,1,Self-employed,Under-Graduate,0
63,46218.32563191584,15355.626207980567,48,686,2,Self-employed,Under-Graduate,0
30,28427.070336649205,16270.440811174816,24,675,1,Business,Post-Graduate,0
28,55519.492213071295,6486.206595474603,24,344,3,Business,Under-Graduate,1
47,58998.448660403104,3072.9064739194873,60,734,4,Salaried,Under-Graduate,0
28,79237.63611056382,7145.627695777508,48,831,1,Self-employed,Graduate,0
28,50054.28124429851,5043.391207545641,48,506,3,Salaried,Post-Graduate,0
57,10000.0,15913.218955385757,36,415,0,Business,Graduate,1
34,38457.20368590337,16851.302663745104,12,584,3,Salaried,Graduate,0
24,44313.23593335218,3989.921171488326,48,395,2,Self-employed,Graduate,0
41,75775.91253971336,14326.975852202879,36,823,3,Business,Under-Graduate,0
30,45432.07450195439,29763.71280685473,48,809,1,Salaried,Under-Graduate,0
43,58145.14562839494,16138.269749844601,24,563,4,Salaried,Graduate,0
54,43948.88326089064,11553.406155987866,48,360,3,Self-employed,Post-Graduate,1
44,60828.73096889252,21941.101257812745,12,428,2,Self-employed,Post-Graduate,0
44,37376.85730156445,34017.09624866907,36,388,0,Salaried,Graduate,1
59,16551.21394358793,16661.217594117836,12,377,2,Self-employed,Post-Graduate,1
47,10000.0,10253.927574336314,60,369,0,Business,Graduate,1
53,60166.13298540385,15939.32606219882,12,692,3,Salaried,Under-Graduate,0
49,56561.63891537612,26065.970010011228,12,684,4,Salaried,Under-Graduate,0
51,58039.716042165506,14405.356846510906,36,756,2,Business,Under-Graduate,0
61,52376.39234488318,15267.994674176565,24,451,4,Self-employed,Post-Graduate,1
38,10777.47196571873,26343.265788443343,48,530,3,Business,Graduate,1
39,37069.77096560092,15904.65165523367,48,765,4,Business,Post-Graduate,0
46,47991.12459676123,28762.016505390147,36,731,4,Salaried,Post-Graduate,0
25,35401.94527717952,3822.0881998187215,36,573,2,Business,Under-Graduate,0
47,61379.46288056668,18662.214708748998,24,404,3,Self-employed,Post-Graduate,1
52,46901.167044226284,30799.531404062684,24,647,4,Salaried,Graduate,1
33,63160.94332680323,34676.35417460302,60,607,0,Self-employed,Post-Graduate,0
39,73103.04207475692,11710.162602269756,48,557,1,Business,Under-Graduate,0
31,58873.82139034102,12878.293069503346,48,656,0,Business,Post-Graduate,0
57,53382.264275100555,30540.082231107153,60,532,4,Self-employed,Graduate,1
23,23713.73755675888,12244.747254149557,36,463,3,Salaried,Post-Graduate,1
46,51180.852353811744,10871.407132377024,48,603,0,Business,Graduate,0
30,17937.504636830326,11031.029940570565,12,371,3,Business,Graduate,1
53,25869.7832319675,7938.657323404439,36,453,0,Business,Under-Graduate,0
26,55793.43128768048,6462.299931752888,36,586,3,Salaried,Under-Graduate,0
24,24687.140398611977,13496.356611348518,24,553,4,Salaried,Under-Graduate,1
38,95368.34871593572,1975.8668384117063,60,743,2,Business,Under-Graduate,0
34,68274.0524743611,10183.134552916934,36,307,0,Salaried,Under-Graduate,0
24,50992.7292729924,27603.43363704065,24,488,3,Self-employed,Graduate,1
49,10000.0,22120.895554594634,12,334,0,Business,Graduate,1
25,12042.908587338308,10526.368695158171,12,437,3,Self-employed,Graduate,1
39,95578.79740954924,17106.214169370483,48,407,3,Salaried,Graduate,0
56,39040.30929794374,14274.90731978729,60,607,2,Salaried,Post-Graduate,0
35,73673.2431880442,9001.51305313794,60,439,3,Self-employed,Graduate,0
37,39592.8663110131,1000.0,24,660,0,Salaried,Under-Graduate,0
33,30018.445887169,7886.4628975868145,48,454,4,Business,Graduate,1
32,28673.13438482156,12596.717417442767,60,612,1,Self-employed,Post-Graduate,0
23,19301.260584562908,35021.98101326282,48,517,3,Self-employed,Post-Graduate,1
54,61346.93712964396,20031.042332054953,24,826,1,Business,Under-Graduate,0
34,57610.42395759838,14235.580186559415,48,522,4,Salaried,Post-Graduate,0
51,39189.589977042204,19080.249683980997,36,665,1,Self-employed,Post-Graduate,0
47,10000.0,17046.83771196574,36,701,3,Self-employed,Under-Graduate,1
39,45005.55699304505,9450.947783449756,36,646,0,Business,Graduate,0
34,61211.527322333,14565.383648846539,36,683,2,Salaried,Post-Graduate,0
25,94185.9226789872,12209.336372602997,12,406,3,Self-employed,Post-Graduate,0
54,70494.31600815659,2905.979145380612,12,641,3,Salaried,Graduate,0
36,53844.33447875721,10543.146095525703,60,642,2,Self-employed,Under-Graduate,0
38,33086.402198520766,14250.669810043548,12,623,2,Salaried,Post-Graduate,0
27,74932.55623995795,18601.978286896963,48,802,2,Self-employed,Post-Graduate,0
26,52291.64847108018,15297.177782798917,48,614,2,Salaried,Under-Graduate,0
54,53165.43506262939,22762.66933245114,12,486,2,Salaried,Post-Graduate,0
37,73617.38119019193,13421.105968222502,48,726,3,Self-employed,Graduate,0
45,45129.974029534904,25412.40530611626,60,483,1,Salaried,Post-Graduate,0
26,67940.51932686758,16647.999457234368,24,773,0,Salaried,Post-Graduate,0
24,25987.893973336177,18783.856691652552,12,479,3,Business,Post-Graduate,1
56,35718.00845038143,17336.15700382718,36,599,4,Business,Graduate,0
48,59431.35295286295,11222.521182884528,48,396,3,Business,Graduate,0
33,48802.91401296289,20265.492731136408,48,635,3,Business,Post-Graduate,0
62,44797.125399995944,10353.959121436435,24,480,1,Salaried,Graduate,0
46,26226.286641203118,7426.313344199629,60,740,2,Self-employed,Post-Graduate,0
38,69215.26628981944,17212.14811516523,48,702,4,Self-employed,Under-Graduate,0
41,16988.274670057574,14512.285004137888,36,761,1,Business,Under-Graduate,0
49,67533.44605586579,8824.020269757659,24,535,0,Self-employed,Post-Graduate,0
56,51018.94168154905,15824.842765019983,48,522,4,Self-employed,Under-Graduate,0
36,51330.524068859726,20575.636308872097,36,562,4,Salaried,Graduate,1
54,49010.71715634279,13490.139394673166,48,361,1,Salaried,Post-Graduate,0
24,32708.643292135737,27815.61484163274,36,528,4,Self-employed,Post-Graduate,1
28,49299.54638907329,24263.06001747481,24,538,3,Salaried,Post-Graduate,1
31,57312.5381875925,11667.463014956442,60,849,3,Business,Post-Graduate,0
62,58242.383126060275,5889.457580947805,12,684,2,Business,Post-Graduate,0
47,48001.48252675294,14069.433370052233,12,662,1,Self-employed,Under-Graduate,0
62,47736.67041889437,18665.442249631807,60,440,3,Self-employed,Graduate,0
61,47588.97683213958,1535.7415473058227,48,751,4,Business,Under-Graduate,0
27,44875.6181149743,1400.8147344141653,24,354,4,Self-employed,Graduate,1
54,14705.847158963457,5083.8229588699705,36,406,3,Self-employed,Graduate,1
37,39590.2144577794,24186.898987213757,24,586,1,Salaried,Graduate,0
45,29224.027211285844,26373.351776992917,60,652,1,Salaried,Graduate,0
51,46759.9045431346,6572.34660528466,48,512,0,Business,Graduate,0
31,31652.133909275835,3850.4970191137036,48,480,1,Business,Post-Graduate,0
32,56898.163174686204,16856.806029884712,60,464,3,Business,Post-Graduate,1
43,73765.55427480137,16110.97149103498,24,395,0,Business,Post-Graduate,0
24,43605.676849093,5474.8090123360635,12,740,4,Business,Post-Graduate,0
59,55444.21311371345,6954.792785262775,24,302,3,Salaried,Under-Graduate,0
61,40536.98381340619,9741.465085993443,48,788,2,Self-employed,Under-Graduate,0
44,47934.25506942379,11557.02380556935,48,504,2,Business,Post-Graduate,0
40,77215.3876839483,17442.375697762087,60,694,1,Business,Post-Graduate,0
61,19094.841684224823,1000.0,24,597,0,Salaried,Graduate,0
34,36514.65042337141,30250.050294682478,12,465,0,Salaried,Graduate,1
57,52112.28851322536,17988.31608185359,24,641,4,Salaried,Graduate,0
24,46660.68515433742,15693.829577426844,48,701,1,Salaried,Post-Graduate,0
43,42497.80713100853,9944.485393136565,24,439,0,Self-employed,Post-Graduate,0
46,26398.804932492305,8255.963948380155,48,543,3,Self-employed,Under-Graduate,0
41,58650.13187827547,8666.109241298795,48,602,4,Salaried,Graduate,0
49,47980.43609181574,11086.967067878504,36,510,0,Salaried,Graduate,0
24,62858.492764797076,18271.667104029315,12,638,2,Business,Under-Graduate,0
43,70781.68096210323,24107.59572381829,60,309,2,Self-employed,Graduate,1
58,49161.04967030842,3691.4753261002406,12,799,0,Business,Graduate,0
59,76513.56206309388,11471.772363899252,24,370,2,Salaried,Post-Graduate,0
39,70908.50831535512,16115.459871578882,36,418,3,Business,Under-Graduate,0
41,41271.07112091752,16682.418427150777,48,736,4,Salaried,Under-Graduate,0
26,79290.9030529914,10371.267947762171,12,426,3,Self-employed,Graduate,0
64,63121.32796218944,12094.636751866183,48,559,2,Business,Under-Graduate,0
30,75560.3216093075,13130.97346931677,48,527,0,Business,Graduate,0
50,13426.216721722849,5486.743648788741,36,744,0,Business,Graduate,0
38,63407.75953608313,7574.586228891692,12,514,4,Self-employed,Post-Graduate,0
33,56232.778414600514,1000.0,36,688,2,Self-employed,Post-Graduate,0
47,33660.75237675226,23818.13839286485,48,539,2,Business,Graduate,0
54,20027.32219355765,19549.485232763614,12,679,2,Business,Under-Graduate,1
54,46990.66989709308,4147.438168077044,48,631,1,Business,Under-Graduate,0
57,50998.79363872094,6003.642005826447,48,716,0,Salaried,Post-Graduate,0
50,38234.73564647079,4124.430476951591,12,464,2,Salaried,Graduate,0
43,34996.6275075488,7448.310214048068,60,495,4,Salaried,Graduate,0
39,39016.57463112946,16947.16735357482,36,538,1,Self-employed,Post-Graduate,0
38,36531.75600028969,37978.63780990173,24,578,2,Business,Graduate,1
45,68620.1272499642,11478.508844187065,48,369,0,Salaried,Post-Graduate,0
43,33934.65082103781,18787.790017903553,36,318,1,Business,Graduate,1
26,17098.016672473925,14043.286837069832,36,537,3,Self-employed,Under-Graduate,1
22,65715.2911365151,16948.436736149,12,672,4,Salaried,Post-Graduate,0
40,68283.58174777603,12718.869116086173,12,539,0,Business,Graduate,0
51,47592.96883190227,24231.341318691535,12,641,3,Self-employed,Graduate,0
60,27446.08899184394,19763.807625819376,36,715,0,Self-employed,Post-Graduate,0
36,11215.012463798215,14955.863561209622,12,634,4,Salaried,Graduate,1
56,50696.382322260775,20167.174353784143,24,614,2,Self-employed,Graduate,0
26,60252.97373779,22598.967540958634,36,369,3,Self-employed,Graduate,1
27,33743.42746824236,9245.424952439806,12,497,3,Salaried,Post-Graduate,0
46,66040.47262179421,18759.311844023097,48,561,1,Business,Under-Graduate,0
32,21368.234419899687,21954.69301648563,36,493,2,Self-employed,Graduate,1
43,51429.95606170319,18726.165876132818,60,772,4,Business,Post-Graduate,0
55,10000.0,20646.04286055891,60,431,1,Business,Post-Graduate,1
35,31022.887222674246,15678.339751868125,36,674,3,Business,Graduate,0
30,14956.775581172456,19390.458388913437,36,369,0,Salaried,Post-Graduate,1
41,61282.312310181325,27205.091896984,60,744,4,Self-employed,Graduate,0
37,56821.46182658603,6918.739777644961,48,670,1,Salaried,Post-Graduate,0
38,98977.99118873918,14976.952175759525,48,739,2,Business,Under-Graduate,0
38,53885.20773561491,8828.969761590635,48,529,0,Self-employed,Under-Graduate,0
55,41404.71147414203,10184.64435453166,24,441,1,Business,Under-Graduate,0
63,29373.09626341524,18976.969544535965,24,382,4,Business,Under-Graduate,1
32,69716.13764981927,1528.052345730468,48,818,0,Salaried,Under-Graduate,0
56,102857.56749781144,6038.134847980375,60,737,1,Salaried,Under-Graduate,0
55,70180.02312084654,24680.484440126085,24,765,1,Self-employed,Under-Graduate,0
57,54234.37410198037,4393.773707379496,12,627,4,Self-employed,Graduate,0
29,51395.52563781244,26534.90774305746,24,512,2,Business,Graduate,0
40,17367.871095393486,14902.855586623104,60,482,0,Business,Graduate,1
54,67595.48576446775,14431.232365337008,60,654,1,Business,Post-Graduate,0
44,35636.656684281035,9543.789081528757,36,519,4,Salaried,Post-Graduate,0
23,25968.267003490066,12394.955450882444,60,327,1,Self-employed,Under-Graduate,1
29,46256.15351486718,16820.962313825323,48,476,4,Salaried,Under-Graduate,1
50,34419.8511960457,13235.592878951944,60,678,4,Salaried,Post-Graduate,0
63,31522.886268705293,7939.249237543736,24,750,1,Business,Under-Graduate,0
28,40222.0349208014,19943.937832474407,24,786,4,Business,Post-Graduate,0
50,12187.913894556565,24919.965522569542,24,548,0,Business,Under-Graduate,1
52,44790.148273202954,2152.255700812144,60,506,4,Salaried,Under-Graduate,0
51,54820.362917210325,32528.972841416846,48,543,2,Business,Under-Graduate,0
56,30207.69832736775,17322.03751117059,48,513,2,Salaried,Post-Graduate,0
46,76944.31866986841,18874.521921994216,36,383,4,Salaried,Under-Graduate,1
25,38555.50450634954,27037.74092431733,12,326,0,Salaried,Post-Graduate,1
64,28441.763911731072,1000.0,48,334,3,Self-employed,Under-Graduate,1
59,66338.62432042455,2307.401859074398,24,801,3,Salaried,Graduate,0
38,51290.14002614882,1000.0,36,368,0,Business,Graduate,0
31,76837.4424514383,5120.6028681957705,48,493,2,Business,Post-Graduate,0
22,82147.60459849251,19673.070436431484,48,596,4,Self-employed,Graduate,0
39,22370.975341208155,5181.476979306131,12,575,1,Business,Graduate,0
40,94526.45298520802,7583.4077397245055,12,591,4,Business,Under-Graduate,0
53,10000.0,8980.511110034313,12,625,4,Business,Under-Graduate,1
52,24634.438414848715,13780.16546240409,48,451,3,Self-employed,Under-Graduate,1
54,23265.056503347092,13383.163711834246,48,432,4,Salaried,Post-Graduate,1
43,76972.13010982539,8455.286619986604,24,511,3,Self-employed,Under-Graduate,0
22,60381.42996974993,6549.140370899449,60,480,1,Self-employed,Under-Graduate,0
62,55527.13531467255,12491.910424529304,12,660,4,Business,Post-Graduate,0
56,10000.0,15004.901248454787,24,723,0,Business,Under-Graduate,1
38,49546.08438783405,26169.767545374023,24,423,4,Self-employed,Graduate,1
55,98763.96224181744,6979.1960304525865,36,477,0,Salaried,Under-Graduate,0
50,60311.43473763203,13868.868668066465,24,629,3,Self-employed,Post-Graduate,0
27,43437.09924619133,1000.0,12,525,4,Salaried,Post-Graduate,0
22,71625.5290355953,23718.242490774603,60,462,3,Business,Graduate,0
48,52913.9280700404,13798.038345743658,24,792,0,Self-employed,Under-Graduate,0
33,40001.84960462524,21220.657318761616,48,770,3,Salaried,Graduate,0
25,36413.99848451401,24619.96657491059,48,656,2,Self-employed,Under-Graduate,0
37,60846.020681007074,18535.5698331944,24,640,0,Self-employed,Post-Graduate,0
32,44374.70238128969,15928.363494300405,12,454,3,Business,Post-Graduate,1
41,53341.646120361416,1000.0,60,492,4,Salaried,Graduate,0
47,10000.0,13571.339809337709,60,558,3,Salaried,Post-Graduate,1
49,47810.552897785994,6944.918927023387,12,529,1,Salaried,Post-Graduate,0
63,28797.116493355392,6049.723408969077,48,399,0,Salaried,Under-Graduate,0
29,70743.60138919474,1000.0,48,525,3,Salaried,Graduate,0
23,28818.058445246013,13165.514797913143,36,329,2,Business,Graduate,1
61,34695.36976752701,7911.36880104657,24,521,1,Self-employed,Under-Graduate,0
47,22953.45243406207,8611.406292720305,24,315,0,Business,Under-Graduate,0
48,66578.64581913465,6729.274561920345,48,757,1,Self-employed,Graduate,0
54,60340.084224847305,25472.529286782104,24,515,4,Salaried,Post-Graduate,1
28,28069.577518352373,6237.642302764223,12,835,2,Business,Graduate,0
57,31481.325208491922,11596.1051835664,60,732,4,Self-employed,Under-Graduate,0
42,65854.761971738,13334.172491889134,36,539,3,Self-employed,Graduate,0
55,90858.48759339427,13009.255082798878,12,401,1,Self-employed,Post-Graduate,0
44,58957.39631556994,28828.913091338894,12,342,4,Salaried,Graduate,1
55,72964.44229523843,1000.0,12,717,3,Business,Graduate,0
61,44720.08122108594,16797.896812675255,24,620,2,Self-employed,Post-Graduate,0
28,28752.39934488201,21980.722943874593,60,712,4,Salaried,Post-Graduate,1
47,46650.57543284445,17019.37539060365,36,333,1,Business,Post-Graduate,0
61,71717.60908854831,32151.518187604797,48,744,4,Self-employed,Post-Graduate,0
38,38675.266225204454,25535.635579452413,12,479,2,Salaried,Under-Graduate,1
52,43071.56310737631,9337.671480176274,12,567,3,Self-employed,Graduate,0
60,94496.6746449226,13284.658850965774,12,833,4,Salaried,Graduate,0
46,85277.45032604721,21098.732515380165,48,611,4,Business,Graduate,0
58,52865.542466303596,13973.701564847503,24,305,0,Self-employed,Graduate,0
36,73587.88366173663,14124.76839171476,24,847,3,Salaried,Graduate,0
23,26222.900742039586,31127.44835974284,60,757,0,Salaried,Under-Graduate,0
32,63298.88814467323,22994.870841604672,24,779,0,Salaried,Under-Graduate,0
53,52136.589928600544,31510.060605038914,24,367,2,Business,Graduate,1
51,58430.28569976335,14235.151995722365,36,419,2,Salaried,Graduate,0
38,23110.48456030276,16142.216816607777,36,632,1,Self-employed,Graduate,0
45,19000.25205583668,17669.68607511026,24,645,3,Business,Under-Graduate,1
25,38791.945775066866,20505.733640933093,36,544,3,Self-employed,Graduate,1
53,22660.899643322056,12454.434390349994,60,596,2,Salaried,Post-Graduate,0
40,31011.367290790175,7602.4155218171645,24,659,2,Salaried,Under-Graduate,0
24,101719.53078999993,8481.871375602985,36,647,0,Self-employed,Post-Graduate,0
25,74631.6424442882,14004.44621118337,48,736,2,Self-employed,Post-Graduate,0
46,56928.60507261642,1879.358948309935,36,771,4,Business,Post-Graduate,0
30,59003.30762483262,17955.20285994217,36,574,3,Salaried,Under-Graduate,0
42,58340.16623764208,1000.0,48,364,1,Business,Post-Graduate,0
44,46181.40674153198,2524.355951193609,60,368,0,Salaried,Graduate,0
50,56471.32153653606,24655.668924157748,48,608,4,Self-employed,Graduate,0
51,68939.08404366446,15604.489355634163,60,446,2,Business,Post-Graduate,0
46,45384.95088605499,18347.723332937934,48,807,1,Salaried,Under-Graduate,0
50,78876.41866282701,17519.858657607714,60,475,2,Self-employed,Graduate,0
55,45132.14183651931,30459.467065080775,60,500,4,Business,Under-Graduate,1
35,30152.460275374666,24658.059733679755,12,317,1,Business,Graduate,1
43,55246.64477607616,28501.12612175154,12,635,2,Business,Under-Graduate,0
37,46149.59881464729,10679.426298288983,36,426,4,Self-employed,Graduate,1
32,44892.92478102258,14029.679263595486,48,791,4,Business,Post-Graduate,0
35,67602.35842653173,3461.385242693339,60,350,1,Salaried,Post-Graduate,0
28,42733.59471485193,22543.040901062544,12,450,4,Self-employed,Post-Graduate,1
26,31335.490484032325,20813.743574840308,36,460,2,Business,Under-Graduate,1
61,42193.08313312439,9279.076629528716,36,487,1,Self-employed,Post-Graduate,0
50,35208.79311951681,10471.960507855276,36,529,0,Salaried,Under-Graduate,0
38,34983.11564864287,18532.35635584356,12,480,4,Business,Graduate,1
51,69573.33360640961,13222.151198535854,24,769,2,Self-employed,Graduate,0
46,29553.719190902,9426.482604208195,36,726,1,Self-employed,Under-Graduate,0
35,52371.299294258984,11853.371987814582,24,381,0,Salaried,Post-Graduate,0
63,43355.587353836556,11754.055360517073,24,703,0,Salaried,Under-Graduate,0
43,47800.77698154307,18187.060771556415,24,777,3,Self-employed,Under-Graduate,0
26,10000.0,13184.2592648741,36,332,3,Business,Under-Graduate,1
61,62876.338759095604,1000.0,60,759,1,Business,Graduate,0
49,44387.92638667134,14273.459214764473,24,813,4,Self-employed,Graduate,0
33,69430.0965141689,9384.652170102952,12,717,2,Salaried,Graduate,0
57,57995.809349365736,20348.722110130722,12,631,4,Business,Post-Graduate,0
34,50969.190248399966,16292.042546148317,24,715,2,Business,Graduate,0
42,50148.139121108456,9421.334706616202,24,832,2,Salaried,Graduate,0
53,94789.33489857797,9736.896287933083,24,304,3,Salaried,Under-Graduate,1
42,33938.27187885159,16374.26216794171,12,583,3,Salaried,Post-Graduate,0
58,55841.79954037773,14685.810994872498,48,603,4,Self-employed,Under-Graduate,0
59,54776.88489223547,12340.287371763683,60,496,1,Self-employed,Under-Graduate,0
30,17729.319723096207,14045.024526859357,48,553,2,Self-employed,Under-Graduate,1
58,48822.51034617453,18294.487621094402,12,467,3,Salaried,Under-Graduate,0
23,18849.579686232217,1755.437863692814,12,305,1,Self-employed,Graduate,0
24,48641.741466571955,26327.842134165912,36,441,3,Salaried,Post-Graduate,1
64,17547.2231349416,11387.280931545472,48,674,2,Self-employed,Graduate,0
31,57626.25065824264,24194.972633812962,24,424,0,Self-employed,Under-Graduate,0
56,24802.272298090105,31589.398657877824,24,622,3,Business,Graduate,1
30,49762.37198014386,19491.381125657397,12,694,1,Salaried,Post-Graduate,0
61,17510.476915555944,1000.0,36,466,4,Business,Graduate,0
53,59511.72072523167,5687.179797448962,48,323,4,Salaried,Graduate,1
42,48428.76404272071,18355.647002291582,36,408,2,Self-employed,Post-Graduate,0
55,46320.51403393002,9636.7881286955,60,509,0,Self-employed,Under-Graduate,0
46,52800.78559660715,26815.12102132766,36,501,3,Self-employed,Under-Graduate,1
63,60475.258163704704,9067.308174914491,60,709,3,Salaried,Under-Graduate,0
53,32814.30102073075,19459.80239879185,48,301,0,Salaried,Post-Graduate,1
58,49659.593660976374,14122.812738090179,24,410,2,Self-employed,Graduate,0
43,40674.57176779414,15290.199051030573,60,375,2,Business,Under-Graduate,1
46,76040.51236114967,20101.75004785713,24,511,1,Self-employed,Post-Graduate,0
22,41834.90256606657,1000.0,36,532,1,Self-employed,Post-Graduate,0
57,33912.47798539161,14733.242590974836,36,486,1,Self-employed,Post-Graduate,0
42,19909.64124490954,22216.25659040119,48,574,2,Self-employed,Under-Graduate,1
62,44651.02753365138,5596.899774744572,24,609,3,Business,Post-Graduate,0
37,36182.66372308728,20227.973993487438,48,510,4,Business,Under-Graduate,1
53,57227.59131669732,13165.434351225766,60,650,2,Business,Graduate,0
42,54441.278372492576,9765.490793255867,36,621,0,Salaried,Post-Graduate,0
49,60622.569467990215,13018.115510426074,36,506,4,Self-employed,Post-Graduate,0
40,24816.84068140567,26134.654901099882,36,389,2,Salaried,Under-Graduate,1
35,10000.0,16363.996641895941,36,364,2,Self-employed,Under-Graduate,1
44,49980.374581448064,4963.158068583232,36,715,1,Business,Under-Graduate,0
45,66463.68308914617,17342.501054251043,60,591,3,Self-employed,Graduate,0
41,42127.47869243009,15375.472671516296,60,776,3,Business,Under-Graduate,0
53,85701.3361892917,24046.55067425224,48,740,4,Self-employed,Post-Graduate,0
61,47530.79123006484,14427.606918453148,12,669,2,Self-employed,Graduate,0
31,35282.28023252333,23485.10839198512,36,731,1,Business,Under-Graduate,0
22,58328.874448744304,15550.512867965144,36,538,0,Self-employed,Under-Graduate,0
52,77620.52172019286,18177.191605700395,12,592,2,Business,Post-Graduate,0
58,49137.76820316715,9111.38122160747,48,536,1,Business,Post-Graduate,0
36,65073.613112477804,19547.62367928903,60,624,0,Self-employed,Under-Graduate,0
61,41545.910293735695,31169.936074788267,36,721,0,Business,Graduate,0
52,41997.93394306478,28774.084079017994,48,729,4,Salaried,Under-Graduate,1
49,72372.00466998696,6112.332319731257,12,653,3,Salaried,Graduate,0
31,14571.207070445278,1339.5789193210458,60,795,3,Self-employed,Post-Graduate,0
27,29018.96969358325,18009.49347948059,60,592,4,Business,Post-Graduate,1
36,61611.63062244117,13051.601293510894,48,556,2,Salaried,Graduate,0
48,43127.991528830134,8203.725463625724,24,712,1,Salaried,Graduate,0
31,55970.26714847775,31915.814073425612,24,680,3,Business,Post-Graduate,0
42,60658.89204718527,39704.37728229888,24,499,4,Salaried,Graduate,1
40,23637.128141411133,1000.0,12,524,3,Salaried,Post-Graduate,0
25,23472.757564656455,8736.139432594875,24,593,3,Self-employed,Under-Graduate,0
43,73058.8112890024,4662.124042783787,48,819,3,Self-employed,Graduate,0
59,42277.36605966319,8399.348396370386,60,742,2,Business,Graduate,0
36,36483.49408133732,23981.93672594776,48,481,4,Business,Post-Graduate,1
27,57404.00559976249,17051.319650104917,48,799,3,Salaried,Graduate,0
32,69587.37108520711,21657.50750632784,36,741,3,Self-employed,Graduate,0
51,65572.22001443172,25552.183482745226,12,581,4,Business,Under-Graduate,0
61,59236.43542025682,17702.692327433535,60,412,0,Salaried,Post-Graduate,0
45,73152.97705090343,7447.235633499845,36,566,2,Self-employed,Graduate,0
43,60191.86131036983,19138.277160950714,12,834,2,Business,Under-Graduate,0
51,38917.65985146238,14152.722523528648,60,764,1,Self-employed,Under-Graduate,0
25,55243.13520725419,13660.140379829574,36,685,1,Salaried,Under-Graduate,0
27,65666.78910773621,8376.715976241307,24,807,0,Salaried,Graduate,0
59,33814.65573882586,22686.408571266842,48,412,1,Salaried,Post-Graduate,1
47,38648.31954719692,19019.873142787794,24,616,3,Self-employed,Under-Graduate,0
40,53942.796792381145,21741.2350651316,60,431,3,Business,Graduate,1
23,63744.98618426664,7530.204983531766,36,823,1,Business,Post-Graduate,0
25,49534.871485965356,23434.452364694465,36,402,2,Salaried,Post-Graduate,0
26,55158.42705696149,17795.792026908694,36,484,0,Salaried,Under-Graduate,0
56,10000.0,22617.933208883936,48,365,3,Salaried,Graduate,1
50,81985.9179796104,8722.512445830213,36,434,0,Salaried,Under-Graduate,0
37,65512.21457735155,16283.331334915405,12,424,1,Self-employed,Post-Graduate,0
33,64555.4488410831,24234.79817878359,12,356,4,Salaried,Graduate,1
42,62844.77802144923,19719.738398332524,12,601,0,Salaried,Under-Graduate,0
30,64614.36863863882,14093.037375868364,24,313,0,Business,Post-Graduate,0
32,77821.12639238339,19365.59750012283,60,765,1,Self-employed,Graduate,0
29,72379.22877027561,7364.599734228297,24,741,1,Salaried,Graduate,0
47,58562.287038633454,20474.992351059598,24,326,3,Self-employed,Under-Graduate,1
53,66113.55614282179,22296.013175129854,48,683,4,Salaried,Under-Graduate,0
60,55554.218241004484,18616.034309558287,24,619,4,Self-employed,Post-Graduate,0
25,34782.5574592491,14380.278688662465,48,518,0,Salaried,Under-Graduate,0
55,39835.79651955597,17818.903408639675,12,469,4,Salaried,Graduate,1
49,41593.43318862872,14673.787878933714,12,712,1,Self-employed,Under-Graduate,0
46,46598.34336837208,13635.322900536477,24,718,1,Salaried,Graduate,0
56,45250.9793854326,21144.96354252886,24,415,1,Salaried,Post-Graduate,0
40,26902.703340430482,27655.363820494913,12,368,0,Self-employed,Under-Graduate,1
56,54212.77669985036,16513.3545757083,36,586,2,Business,Graduate,0
60,64757.75884736606,10731.901676517278,12,760,1,Business,Post-Graduate,0
50,40689.158525659615,7394.150248440108,36,448,4,Salaried,Graduate,0
35,43510.32623275366,9761.445702417705,12,492,4,Self-employed,Post-Graduate,1
42,65087.41948352747,32474.214042083273,60,532,1,Business,Under-Graduate,0
57,53788.09287186024,28029.47557795947,48,461,2,Self-employed,Post-Graduate,0
59,67628.63794915746,22673.42067045571,48,847,0,Business,Graduate,0
35,64703.08366619874,25214.51472877468,60,757,1,Salaried,Graduate,0
61,34178.79440810291,10738.512791523179,36,461,0,Self-employed,Post-Graduate,0
36,54527.92120252767,23365.542991216418,24,452,2,Salaried,Under-Graduate,1
51,62002.38072328885,24048.5064285032,24,740,1,Salaried,Graduate,0
33,36071.41609338596,14303.622121347935,48,620,1,Salaried,Under-Graduate,0
26,26661.878819495,5526.001280034556,24,375,1,Self-employed,Post-Graduate,0
48,49632.95509241877,3428.886283479922,36,679,3,Business,Post-Graduate,0
36,10000.0,18263.638974454814,24,737,1,Salaried,Graduate,1
47,10000.0,11121.151379621673,12,425,1,Self-employed,Graduate,1
30,62015.820387928215,17646.850082698827,60,499,2,Business,Under-Graduate,0
61,34803.27780458503,12802.942237340758,48,524,2,Salaried,Post-Graduate,0
61,43963.506798361566,6125.091632420092,24,491,3,Business,Under-Graduate,0
56,54823.30675260141,29157.923132205822,36,821,1,Business,Under-Graduate,0
34,49188.94997852256,6556.064617064871,24,545,4,Self-employed,Under-Graduate,1
54,34660.20099996844,9689.92447814811,60,711,0,Self-employed,Post-Graduate,0
55,89194.71352846015,14942.35188392483,12,823,1,Self-employed,Post-Graduate,0
25,48429.62055044692,16143.01242091329,48,648,3,Business,Under-Graduate,0
34,105134.5561344345,2440.9571930562943,48,389,4,Business,Under-Graduate,0
31,31204.438929147233,21567.485996886164,36,761,2,Self-employed,Under-Graduate,0
22,42464.939358571035,20320.111258624114,12,591,0,Business,Post-Graduate,0
32,50492.02427857689,32529.556140433593,24,590,3,Business,Post-Graduate,1
30,51489.86431129402,17323.4567269123,24,668,2,Business,Post-Graduate,0
59,69800.95519671489,14223.262082391058,36,563,1,Self-employed,Under-Graduate,0
44,10000.0,7611.805957410939,12,571,3,Salaried,Post-Graduate,1
34,80542.14642499879,4817.702406823006,36,368,1,Salaried,Under-Graduate,0
26,12504.121696299713,13523.504674237614,60,443,3,Self-employed,Graduate,1
46,34453.84126536294,4471.7995142770815,60,355,3,Business,Under-Graduate,0
31,51036.89365503864,21577.37723424522,24,376,1,Self-employed,Post-Graduate,0
26,58204.251099922025,11576.377588417847,60,819,3,Salaried,Graduate,0
43,46011.87468371043,24831.714532185797,36,609,2,Self-employed,Graduate,0
63,40428.66075366192,17332.454461375768,48,389,2,Salaried,Graduate,0
46,50145.231629233225,17643.6084896836,60,675,0,Salaried,Graduate,0
58,42045.36648298142,7171.429214021857,36,493,0,Self-employed,Under-Graduate,0
41,71671.82157839548,20178.02772252902,48,636,3,Self-employed,Under-Graduate,0
49,63833.82202296312,18484.74571176684,48,805,2,Salaried,Post-Graduate,0
42,58934.72065585618,1000.0,60,407,1,Business,Post-Graduate,0
32,70456.10616465844,25232.353760728038,12,810,3,Business,Post-Graduate,0
50,56962.970777550436,21998.108446576312,60,620,1,Salaried,Post-Graduate,0
26,45228.733019498366,8656.222218195126,60,775,4,Business,Graduate,0
58,17826.422765510062,22495.612800980794,12,585,0,Salaried,Post-Graduate,1
26,87267.44859984034,11648.41922378865,60,650,3,Salaried,Post-Graduate,0
54,72459.15670196207,9826.23589964761,36,544,3,Salaried,Under-Graduate,0
57,25813.931503343254,17810.288645533747,12,661,1,Self-employed,Graduate,0
29,64646.60188533344,22897.406292964213,36,635,0,Self-employed,Post-Graduate,0
27,59218.97015725085,27215.961407972572,48,521,1,Self-employed,Graduate,0
36,31134.425518398744,29055.433235846547,12,737,1,Salaried,Post-Graduate,0
36,77706.10236988033,2276.4170872797677,48,747,0,Self-employed,Graduate,0
30,53306.73489471451,1000.0,24,561,4,Business,Graduate,0
26,27040.67270870684,11563.222607216361,24,600,2,Business,Under-Graduate,0
47,25646.267870222622,7779.424215121355,36,848,2,Self-employed,Post-Graduate,0
44,58319.4300705521,34758.28918565599,48,533,4,Self-employed,Post-Graduate,1
37,30902.777610573252,17242.404222473226,48,500,0,Salaried,Graduate,0
60,35299.85150772749,13317.381074091842,12,700,3,Self-employed,Post-Graduate,0
56,58492.72380267036,10662.977066271244,24,409,0,Self-employed,Under-Graduate,0
31,36787.940395689264,16590.231895416433,36,807,1,Self-employed,Graduate,0
48,40603.41813560009,1000.0,36,510,0,Salaried,Graduate,0
37,34202.65993721872,22215.36833133362,12,798,2,Business,Under-Graduate,0
42,63450.007600233206,26206.438048895146,12,488,3,Salaried,Post-Graduate,0
33,74769.69363818633,1285.0158769371847,36,484,4,Self-employed,Graduate,0
30,15871.993900466063,19660.960916481854,12,612,0,Self-employed,Graduate,1
37,30317.30802092817,18580.04109987396,48,753,3,Business,Post-Graduate,0
30,10000.0,19254.705978892824,36,548,3,Self-employed,Post-Graduate,1
50,52530.1127440498,19166.78258998402,60,529,2,Salaried,Under-Graduate,0
44,54097.34790990857,6501.944338783118,24,523,1,Salaried,Graduate,0
60,31005.669099709376,13896.978873752443,24,353,3,Salaried,Under-Graduate,1
64,41265.7175309594,21965.18000907838,60,335,3,Salaried,Post-Graduate,1
45,59159.83635524891,1488.1352044781506,60,781,0,Self-employed,Post-Graduate,0
43,81042.73075317587,15900.310565884558,48,599,4,Salaried,Post-Graduate,0
52,35206.022063176824,19566.813997460507,36,588,0,Self-employed,Under-Graduate,0
31,52189.14547367257,12123.05392601707,12,727,2,Salaried,Under-Graduate,0
63,60918.43365194312,18789.75319344747,24,610,3,Business,Post-Graduate,0
48,85944.2110897236,15319.43540903704,60,757,1,Business,Under-Graduate,0
55,58040.89063860434,13262.658366646698,36,350,3,Salaried,Graduate,1
60,88181.65423015301,11578.125507715764,12,808,1,Business,Under-Graduate,0
45,21172.30034379341,25199.43689528134,24,398,1,Business,Under-Graduate,1
42,58238.620102938075,14058.792306640953,36,641,1,Business,Graduate,0
36,44615.300357350396,8153.2682463962865,24,684,4,Business,Under-Graduate,0
38,49509.95621955929,4877.391935504485,48,756,0,Self-employed,Under-Graduate,0
40,25698.426469625425,2904.868115695568,24,603,2,Salaried,Graduate,0
46,74451.73370484589,3393.3172338231907,48,565,4,Business,Under-Graduate,0
61,61639.33094790888,11349.324923869284,48,325,4,Self-employed,Under-Graduate,1
43,54266.52305532332,13964.25103186583,48,349,1,Business,Under-Graduate,0
62,15730.953771570916,12523.726468590703,12,664,4,Self-employed,Under-Graduate,1
63,68267.91745819262,8319.192440035054,12,444,2,Salaried,Graduate,0
35,36705.17305319533,10641.140025058558,48,444,2,Self-employed,Graduate,0
49,34319.740126106604,20365.73766783703,36,466,3,Salaried,Under-Graduate,1
33,19848.14045109315,23220.813698972088,48,342,4,Self-employed,Under-Graduate,1
48,43336.44216284484,28589.6517456532,36,314,3,Self-employed,Graduate,1
45,38938.849557055706,15318.390746177189,24,428,2,Business,Graduate,0
43,76833.19815860948,25556.656309478512,12,357,4,Business,Post-Graduate,1
60,29924.63776269126,16179.387454321906,36,353,1,Self-employed,Graduate,1
62,35622.890516371626,26503.12111757633,36,523,1,Self-employed,Under-Graduate,1
60,38192.86797398667,19706.141517411423,36,432,4,Self-employed,Graduate,1
57,33621.28662780184,15352.01027595369,60,542,3,Salaried,Under-Graduate,0
44,23443.57354211641,1000.0,12,509,3,Self-employed,Graduate,0
29,62984.919507974766,13809.514338459661,60,541,1,Salaried,Graduate,0
