amount,time_of_day,transaction_freq,distance_from_home,v1,v2,v3,is_fraud
52.188351321219955,13,9,14.77456740413481,1.7794084992185333,0.936354152450869,1.4182501280360402,0
5.958558980453198,3,7,13.004150310925368,-0.6841817270346449,0.7843600740361452,-0.07563768195179488,0
4.302027258887825,10,1,40.14429114560829,-0.3699208986161645,-2.077220877075955,0.584574199204878,0
34.550289347862694,15,6,18.068630317197854,1.9099866264016472,1.1123989832626435,-0.3860209697748662,0
368.09610491162596,19,9,0.651796967057233,-0.22879601851792172,1.5589475318321446,1.326530157866414,0
42.26255799061381,14,8,9.37067810960302,-0.5597597597225359,0.5430618798529312,0.6656590640302518,0
13.180792124533838,23,3,50.65359781167659,0.0037641753333391395,-0.7500648164518254,-0.3082511650669159,0
51.63181032348636,10,9,2.4280381332571506,-0.15010670952468677,-2.009559938652127,-0.32207476526469764,0
2.233836993834025,6,7,27.98374761209964,-0.3148573162398638,-0.45534416641367426,0.336824423520355,0
17.042322548797124,14,2,1.5461688419634998,-0.4087558243388167,-1.8078914125144439,0.5209626031280572,0
77.54589146559634,15,9,28.822535330762395,-0.41589374936411566,-1.4031968634107022,0.8622399375759383,0
178.08441689988183,18,6,6.527971702296583,-0.19361468830424292,0.2561328506729282,1.233050378565542,0
45.83403160728896,5,8,23.001604585692764,-0.8505152360485638,-2.1991306436591542,0.028930074882944065,0
1.4620944325197787,2,3,27.142582359850735,0.034362991271670515,-0.04637802695370333,0.0680395137416367,0
45.35879301287543,18,1,3.575588411657698,0.025856046873095576,-0.8173789823885469,-0.9166530316125823,0
33.562503557404725,13,7,54.89195471388789,-1.8948592525047605,0.28611887955991133,0.28169095993461096,0
1.4428482265559248,14,8,16.985159082670187,-0.26544077787201475,-2.304626667575456,0.46464061281846064,0
44.25006944931489,9,7,85.05320936803977,2.154917869031592,-1.200243318825246,-0.5909302678872095,0
43.04944211527803,21,9,12.526187493604997,-0.7011250944170222,-0.9698578627353591,-0.2987725025043549,0
231.64492824966658,10,5,13.76398923279434,1.3998925731117757,1.345182391290051,-0.8289008191714865,0
25.032043822118936,23,7,22.757917151466508,0.07829243150677101,0.04721408419860293,-0.6309619982470213,0
24.552047061603147,12,4,3.64051646308803,-0.07004742096099462,-0.17140271829612896,0.9688128938490391,0
167.9459849033139,9,7,119.16007409202797,0.6527279823475549,1.2146047661582162,-0.22222340804689023,0
19.00455484989039,3,4,35.96636009090616,0.53754580255657,0.09705236291042144,-0.30488537759685397,0
8.195129083695766,19,2,65.92607345407916,0.09622019844820677,-1.2191347212312982,0.34973063722324066,0
61.44627475296719,4,4,45.93739357745789,-0.9584321052513793,-0.6195141593260763,0.34532305626242976,0
10.769891353331499,12,4,10.227354857979961,1.1625256409049967,2.3550681273370024,0.8117474132023069,0
9.870431379198084,21,3,60.2666061422493,0.3356918784937273,0.5678633847436954,0.8568926496489359,0
119.51225323850176,3,1,34.486902465204274,-0.6200342669721958,1.926244833623829,0.14778628067789873,0
3.720916939478478,20,9,16.495765257782363,0.6783052540546589,-0.30572995532029396,-1.6414230451827054,0
146.50772094704246,20,9,28.27241319168612,0.17460466418339188,0.919871675484911,-0.4514027133817286,0
119.83636026748697,22,8,9.615947666709387,0.9909838638422973,-0.8231000094479985,1.1449389017228533,0
34.74955387145624,1,2,23.987202598936236,1.0379522316261776,-0.9665097182422493,0.2947935684544276,0
191.44400442890054,3,29,106.73410495736604,4.151668320408966,-2.3609484624760344,1.204730475236396,1
129.37225263692378,21,5,24.09010505924012,-1.9403695957618534,0.4412160049312346,-0.45223891578097525,0
208.70991676518204,14,9,22.405759100883458,2.6619712896660075,1.5127299708672113,0.3026691875657555,0
31.827510566950252,0,9,14.704391496875946,0.4514899133124556,0.046331476884577734,0.7231220328706051,0
15.598850934499415,18,1,37.40719648754801,-0.6041072340560423,2.241575539242917,-1.2928471396951708,0
364.7006227963176,3,19,232.69577965513028,5.003737615243805,0.7276697604062079,3.3757079922807685,1
40.33057567374243,8,8,6.627392566719282,0.3856924471751819,-0.26009129092500577,2.4503946513430543,0
86.69803430195864,3,5,15.122723288583227,1.0244058992683929,0.084927687342873,-1.070755615698192,0
59.634486895206834,17,5,14.772487155078649,-0.8649637836017287,1.643444108201791,0.2942671599495255,0
3.8051079805126835,20,1,0.31467502228806266,-2.833289925748711,-1.0979516003233716,-1.344960025476993,0
62.59256665661968,13,5,12.100264029608564,-1.0952690720765141,1.4372359341586056,0.39567438104262437,0
69.51219070282175,17,8,8.263809982162206,-0.5658956626855925,-0.05944265715458939,0.40656428159315966,0
57.73944465742442,10,1,39.52974896015847,1.0685019867776278,-2.0925234295834363,0.44999501138469283,0
105.64056177318612,4,8,86.64447685660005,-0.3974018176035194,0.24636711460980074,-0.8191314728780049,0
243.57153964119263,19,1,20.491015512511733,0.17604968725227854,-1.0276586976446553,0.6021787287391025,0
1.7725593591575515,0,2,2.584033357003141,-0.683700286786795,0.2288250976278471,-0.659723492888081,0
85.68447387770476,0,9,4.288932934866226,-0.18242013076512792,-0.9275260763118682,-1.2529970495416283,0
30.49411310515303,12,4,9.79390816386476,0.65817237152081,0.0019043996411250708,0.39585517891451144,0
83.01455629094048,2,6,35.753536561528364,0.3903307038334655,-1.9611049360224626,0.011798647041959048,0
271.49974259437283,11,2,20.75589210185764,-0.3999352742969727,0.6267777756752217,-0.04090483274879886,0
123.9235447661679,9,4,7.905459678417581,-1.077818365150872,2.1310812809112702,0.40378731652560873,0
24.85185164808566,19,8,46.030324015811644,0.48465220376713575,-0.9644651934129669,0.38168374127538207,0
13.45726774904776,10,4,1.9846116857878022,-0.3997855122590411,-0.4279103052056293,0.04242642562921274,0
210.21236430454036,10,2,23.24872445378523,0.9960324981416815,1.3478720646926463,-0.6559340485764993,0
3.330380783547616,12,2,7.447726733469811,0.9669323429041874,0.0913543403196524,-0.41570419822714527,0
38.32332949336777,17,3,32.74376169668375,0.8270172343794393,0.08017001106904707,0.8500151193634788,0
41.549318734202686,17,8,43.724161129921974,-2.613268539170018,0.8320022395786654,-0.17946876673343878,0
124.46614526802537,4,5,19.650834539974607,-0.1858122130445661,-1.2148515534351578,0.7045882699440977,0
147.69659854206995,4,7,14.131830121317172,0.08669660046319684,-0.8226930055326904,-1.8721554368739208,0
48.0803756969674,2,5,36.08813758429704,-0.006221143392870997,-0.5160208221958954,-1.4962022139275506,0
37.40315041722226,14,9,16.629070342160386,-0.31525036312285104,-1.2698551111863559,-0.5677409462176332,0
36.50217745766776,5,9,14.580067063033642,-0.15708779033948211,0.860992622695033,-1.2022680417525509,0
14.61322578969672,15,7,1.141265485871162,-2.5294996279744737,-0.04166768656292565,0.7237281497767438,0
175.9502568159723,11,3,18.9406479097033,-3.2421558673630466,0.6509431691816743,0.9616146806205521,0
29.078828911817837,20,7,7.508062072613769,1.6956994111960002,-1.338749741102591,-0.5098728366859909,0
118.54390450550909,23,7,13.16379862116066,-0.02724404534303813,-0.37237316266128384,-0.141771489610738,0
19.839474282544487,1,8,16.58170160280067,1.6113597933205999,0.6222028186175098,0.06192541888844399,0
36.70177130316827,18,3,16.592093617718287,-0.4984769756559134,1.2903039360596666,0.5623274340619849,0
29.7990680328283,17,1,17.43498259801017,-1.7747586506490243,-0.0431808753382577,1.0059213523113169,0
39.9509997632019,15,8,16.547086209818712,1.321166559595089,-0.7430638929618264,1.0110385068105536,0
117.57183523565882,18,9,2.301685653002324,0.05246135495478607,-0.3482481947750123,0.8501823100712788,0
62.453587692138925,5,9,23.687722624960195,-0.32485075912976646,1.2274452091146126,0.9303813154467119,0
16.602479532421533,10,1,12.808320962971147,0.7991794671717931,0.9285985210469118,-0.5522057386502511,0
72.43572753353118,17,3,16.735697290017235,0.2670095256804177,0.11564457279258226,0.7683944245371448,0
190.78937911610058,1,6,19.107181944803862,-0.5342008171023503,0.15747589673972406,1.3647978729764314,0
252.56230951600065,20,7,47.93747465697888,-0.30381479790209515,0.9929381874825534,-0.41443719588713845,0
30.13599488167062,15,9,1.1583022316989204,1.9128295761150174,-0.1390663948977232,-0.9602947818135086,0
5.502002398114232,7,2,6.320189971689883,-0.020101641494063193,0.05496689412437572,0.016868862642892418,0
27.307721718754372,15,8,14.016304916545916,0.2245662750072452,-0.3030722327158321,0.5234541120679258,0
30.294883316589086,2,1,38.281661876416024,-1.0621968295619293,0.6695658504612834,0.1251861790120142,0
88.56873204557888,16,6,23.47583241485157,0.06696984006909622,-0.33871818310727775,-1.9555985547325716,0
4.659976305911847,3,6,48.62198706626033,-0.05698723011530513,-1.6557820974458013,0.1326741504384366,0
4.7024885383970165,18,7,4.03714769045883,-0.29918183145382066,-1.7006278679744258,1.5055318501914647,0
108.98944494947293,4,1,1.2056448072990884,-0.24432984401248906,-1.854844948055274,1.1175224871819944,0
10.918773338344979,4,8,10.819575666131358,-0.4490309028589242,-1.4221943211504862,-0.14184918124516585,0
122.28816988766427,14,9,3.555571312405918,0.41037433354779074,-0.5597903010520164,-1.2391927658539938,0
5.672471946905367,0,1,8.971892926086213,0.2101539986006649,-1.634766509800784,1.0376386054352855,0
35.27861765983054,11,2,0.051137084714554096,-0.4535677420622574,0.2921926697588321,1.1475616306490943,0
20.246565418548272,3,7,3.757713468433975,-1.4638039132456064,-0.6891227154626218,-0.7667223412673854,0
114.71101009915702,5,5,10.592048386925674,-0.6884176102514667,-1.2930009931766404,1.7257438668278224,0
17.866509940627775,0,4,28.201363384480356,-0.5511594519159162,0.2604224611240498,-0.5268011654427863,0
6.473782754654783,19,8,39.420907248946904,-0.5309423855777388,-0.9565113121163006,0.08439801092006835,0
101.47183654577995,19,5,3.138028550016659,0.23000105432112616,1.915454605321745,-0.5802869661590286,0
24.666288224755043,14,1,89.50127647595613,-0.18991844419963433,0.150505516877223,0.4063510964449013,0
55.50930652145119,0,4,9.960233015892864,-0.6347534913617617,-0.9206484102551238,-0.3276705720808287,0
91.90998980617337,0,8,19.044325632975294,-0.41039630030988483,-1.1055681995177493,0.2354073936639619,0
9.852008368355973,15,6,12.243707602083916,-1.7565695953345155,-1.3983648984431052,-0.2936661386281517,0
172.47572241232265,17,3,8.174173434566123,0.6685011527974901,-1.1602265247788035,-0.02512642201807021,0
136.05836592085805,21,5,0.004813974170247291,1.1709723950514748,-1.0853211942537164,-0.5456783537505692,0
1.01501352983485,17,6,17.737297305616433,0.2368039336465641,1.0303283858413443,-1.4937419808890418,0
22.02555931026292,4,3,9.447815775932701,-0.9716130244585468,-0.4534723163179655,1.0131231778665095,0
37.58372623362138,20,4,11.08530321152684,1.6522498912816252,0.4246562533525453,-0.5691948733279913,0
265.09883809041645,16,3,1.2614133195681323,0.756725740277611,-1.3403332058671429,1.6735909471996557,0
144.11096697299132,7,1,55.90229800063856,0.09863860590298834,2.411438914040574,-1.2472899223083156,0
84.06024721060454,15,5,21.389276549412685,1.0793032004252674,0.7222907278251492,0.9588827977810098,0
132.92635266688336,22,3,3.6909913653639626,-0.22625646947977263,-0.5611431662188586,-0.7869033152898521,0
5.994989746743463,21,8,22.79224065812928,-0.1818903903682489,0.9290147248610162,-0.5051138001520992,0
148.71939925409202,16,7,47.827204297344366,-1.7691901221332162,-0.9764085413949392,0.3969629464224803,0
228.80074651951105,6,8,0.6881291873303716,0.6645302955857548,0.9847321638273208,0.0546829135694863,0
4.697403006956989,21,2,5.946937295876195,-1.954891344598857,0.33110995396002446,-1.3113912220615336,0
110.14218503495515,12,5,3.4703150580970687,-1.2260359206873737,1.1770748640674433,-1.383886489936091,0
29.612399186351908,22,7,2.2863506347130564,0.718753662890496,0.5045377097658044,-0.19858193474984082,0
67.68101273900503,23,8,4.335007680013774,-0.1708359443402795,0.8340207114722088,-1.688288044801775,0
43.269938162351586,0,8,12.532044903787954,-0.5243351702522092,-1.0900694687394914,-1.0947542670968973,0
27.07738935112431,6,8,27.858862481624517,-0.3592916208273389,1.6759051433611765,1.1001196283789798,0
225.68665178186424,4,3,5.514007142484667,-1.1600335881927908,-0.3615359548919314,0.1966045592019781,0
195.612068763185,5,5,3.035518459036978,-0.34616392898374865,0.20855530208805573,0.5720384470603045,0
284.3341631089209,4,9,6.108572412259951,-0.4587976496968259,0.6110468728321857,0.9957869698281434,0
41.12392020983527,22,7,1.337765978170321,1.171838058046453,-0.456328052935109,-0.7624489750378718,0
191.92956161238428,21,3,5.502897012537154,-2.3782596208849998,-1.09101445964493,-0.5831775432772098,0
121.08497535447226,1,7,2.706233081153082,0.08017338872546256,0.764089056550667,0.7483845784469254,0
23.484377910811126,22,6,53.981493167486725,-0.3443353258376048,1.347240269087789,0.23625086414341456,0
129.72156194666053,16,7,25.094302473371066,1.5269340422557993,0.006248682722424675,1.6566640438798748,0
97.30684000353493,23,6,7.87466691022987,-0.19037146608692862,-0.06582225190733994,-0.10471024091279177,0
41.331530684462585,18,8,33.15981342855509,-1.7584259426478055,0.2772561244291602,-0.6899744080815183,0
35.332495345608535,10,9,12.504594755621527,-0.8792857988646468,-0.6382079064738283,-0.09583846927506481,0
79.59365258840174,23,6,29.758285851848857,-0.4513641732551218,1.4645643604979646,0.9833420734374603,0
487.7242838885728,3,6,28.925697445677333,1.4418731659552948,1.7137670452094473,-1.286825629839408,0
0.7276319685782888,16,2,8.812765381621032,-2.3994077443947788,0.392342816750988,-1.0938861220820895,0
58.397967497481645,22,8,12.124111324497804,-1.3334302171464123,-0.9508169846106909,2.2315413981827006,0
163.68048013958793,6,7,52.11323371235765,0.2045650554265352,-0.34673924119512634,-1.3436611687451343,0
71.00697604571745,2,2,58.05122538030201,-1.257791382344846,-0.1359263007688994,1.0035685116592283,0
115.97737525337268,3,5,17.410198894401777,-0.5933319044440685,-0.05404181728020902,0.6891724519012341,0
306.1435085171521,4,9,59.312916659458324,-1.0214319586588732,1.3822234493578343,1.2040871538033526,0
53.52856877559912,12,2,11.101578031418528,-0.12594516588326438,0.6654617925785523,-1.2127093146710113,0
27.252175356331676,23,6,19.790105436381964,0.618699213892259,1.350495750613998,1.8999195935475957,0
11.835553075142315,11,3,47.48084674978304,1.0147254406403956,0.9175612142790555,-0.6251937483130056,0
216.4902692321309,13,9,16.878811625691014,0.9460976488784196,0.31651157500318755,-1.3950793740092207,0
36.02358438983859,20,1,61.18380505515986,0.14395129287704847,-1.5546930830360448,-0.41117609930196675,0
2629.4046687997493,23,22,50.96491249741008,0.605685158615958,0.5013230155722979,0.037971538303765096,1
148.9741645147947,22,4,3.5492149686497165,1.3934315288911552,1.2525506665836552,0.5237596633886112,0
35.05954456635926,21,1,38.147555705441725,0.8338719914296715,-0.1412575628143003,1.4624469175707644,0
76.63164385207975,3,8,4.575949356293412,-0.5727054506520985,0.6274979767191466,0.5442315869226972,0
38.80678742792674,21,4,4.912666214680991,1.035130863583862,1.1570857590271946,-0.667800403154637,0
52.80498384059925,13,2,16.747907148095674,0.6519190952741641,-0.28694916961176636,0.3217648119140951,0
42.1309399841331,18,4,9.968204209049134,1.493234362828489,0.9916017052086001,-0.055472452606693395,0
81.83795695772358,13,9,8.079439873779572,0.42164390821604425,1.0803083482060774,-1.1935858703668845,0
217.29669231007958,17,8,4.761562957480366,-0.8013004815460233,-0.9076454297898571,1.3876659594613898,0
29.50770078311865,20,5,37.414609088367065,-0.16700138035515225,0.5975116210347708,-0.8043458009921166,0
9.55589575564829,14,4,15.520774724193746,2.0729414973259197,-0.6728439031152648,0.5021364182145213,0
491.17237093517457,1,20,264.35614964801755,1.5989063683349969,1.022290143888628,1.0610228097448449,1
119.84870030924742,5,2,5.105301656321032,-1.0528657473351952,0.026381148868043245,-1.7992359017027062,0
73.52657229018116,22,4,9.964740614248491,1.3036219365322466,-0.10391293402323216,-0.9302046385362572,0
13.151780082243945,3,7,8.584608836525472,-0.7101282208352935,-0.764332368880566,0.9645437047361736,0
23.121451382301824,23,1,17.47527702252963,0.7292004463288748,0.9773469584809038,-0.11806736734682184,0
64.08709738691752,14,1,18.89634404401091,0.750675394627651,2.320705258044072,1.3449623992747697,0
26.819974110486537,13,3,0.3965508884403023,-1.7432765013284433,-0.2850136251807453,0.6655747369683745,0
126.10398767391638,15,5,92.27866062183034,1.598338716962151,1.2250406433846874,-1.454743971509856,0
61.8327310427909,12,3,28.064830489312467,-1.521343952463862,-0.7265523153654709,-0.88880555615616,0
87.14145576287912,3,3,11.463556904984216,-0.46664170514456416,0.2947642919753743,0.019442581162632942,0
37.30496629044929,2,7,69.66637529761256,1.9022344375463591,1.1857072745572212,-0.1818626573747583,0
21.908844171366162,9,3,20.156592028149735,0.5963386850426611,0.22560446090616537,-0.22152795969100708,0
15.437438580077696,22,5,19.948129213446446,1.1814800655839877,0.9070161857019836,-0.2281337274136364,0
223.83934742341302,1,1,15.684913137520251,-3.0991588814149167,-1.372971581558587,-0.2837767650197267,0
94.32580602558517,6,3,8.761412941112281,0.28603242349306063,0.7542896703992832,-0.7016119133764543,0
89.67352007116288,5,9,16.23282168552414,-0.3125197998416433,0.9991756799697616,0.6312564197863744,0
84.94570078640253,17,1,19.802397538902923,-1.109474414789992,0.9135007116842426,-0.3636944882084331,0
21.119137471340395,4,9,39.563417573594634,-0.6424189523807193,-0.6953112555650752,0.027324935738298483,0
16.384572408799972,16,6,0.9477005060661765,0.2570268518385961,0.10992627991129886,2.4490679156201804,0
90.54265705791173,22,8,100.47474375338535,0.5375160916165936,-1.9242833112383733,-0.21711317737306343,0
58.501325496475786,10,6,35.36017059008452,-0.15666313498454684,-0.29765075437574556,-0.27913383387629437,0
3.5295198894801514,22,7,47.56034004497006,1.2877302664599632,0.9673818409974569,0.4250614330054168,0
18.19951428960681,11,4,6.877304108858146,0.7821985676979669,0.44781860970007353,-0.20768286607957065,0
91.79037605121582,4,4,13.255777191349736,-0.17575796988660122,-1.288706885286059,-0.96088230104731,0
159.02009797232967,11,8,80.14559469454264,0.40259200137482876,1.1040439360485472,-0.26303225500292526,0
127.0895579963364,9,1,5.819015366039338,-0.4828746609172966,-0.7062789243763169,-1.0113844897202995,0
105.82482582874226,11,7,17.851666022658765,-0.48713404936806065,-1.9098086970283168,-0.5038638912963702,0
232.06877818606355,22,1,3.9637470541196524,-0.7694293566330509,0.5521604148808551,0.8884067879663116,0
56.56677876126396,0,3,20.89492548181504,-1.4759073321126503,-0.9918053545406225,0.2633104711316773,0
32.54588066882039,10,6,17.68740712210647,-0.06966258432715645,-0.5220601020484592,1.112153917860901,0
2.554694503444306,16,6,55.29549049907917,-0.8807491278291092,-0.8542839790678566,0.40778228778286885,0
58.96117776455635,0,2,15.81173518392497,-0.11118506855110653,-0.41340136467281297,1.3756885916019634,0
30.135694085253128,13,9,50.396243503389925,0.9003902332592068,0.8270978973156623,0.8566062167721121,0
90.50566539608451,13,8,18.95577803678635,-1.4680854195700408,-1.098419281156067,-0.4244824438420641,0
55.656138391676215,15,2,19.81163926056775,-1.5548481309503241,0.052158897540048835,-0.02383310598648634,0
134.08939513999383,21,2,6.734821586182803,-0.5254230231528007,0.12178477859297364,-0.7503546847495485,0
0.7500345731564926,9,4,0.8215837640885592,-1.3549964853490122,0.5795059819423658,0.017396269420829974,0
23.86200668268037,5,8,8.870868961518571,-1.2349329656262735,1.0139076142251375,-0.0419604282089063,0
2.6385121670842433,2,2,8.573993392873886,-0.03693124772504401,-1.5171005768965415,0.24597106865179896,0
8.450672117499732,13,1,0.27093200006831586,1.551137608317391,1.0245599704342168,-0.2130215301133008,0
8.910410213052781,9,1,1.37309797186694,0.22865609627706854,1.677565785243285,-0.12969448490116364,0
1.7652039484001225,23,1,13.579990530371264,-0.7877111828791159,-1.3764343527161778,1.12507497598477,0
19.92679188964054,14,5,5.624829052989302,-0.0724344070056658,1.968199132354205,1.5184991766127218,0
48.15022187938715,3,9,4.650225875466071,-0.6095149669274147,-1.1026356810776832,0.10722248707606352,0
302.8591027887485,8,4,2.550475525150046,2.018619052818852,1.323654036327911,0.2580444128975272,0
20.00405551910297,8,8,35.048826231536594,1.0617385112074798,1.5575622877135933,0.21895924417100512,0
5.90513048351373,10,6,18.40269333823743,1.0950249372192826,0.17786426402148814,-0.7813761505488447,0
60.622368953781205,3,4,2.0468873394791878,-0.6460332201526673,0.8752892606213405,-0.47717092848743853,0
2.7286031886270345,6,6,17.749879616430118,0.5806673203442391,1.423943380764008,0.5206249716711131,0
22.15449042473638,13,4,13.173833868979125,0.9079752556195861,-0.15535734101243934,-0.4154335427765484,0
7.205543220744337,16,5,7.7206548214141915,1.8471429951961078,0.9762957765258725,2.251522391339137,0
5.510692588730187,18,7,13.911432397773844,0.1866661192452665,-0.8343075239763535,0.04480030049429682,0
9.411695830741172,16,8,4.1301549242946445,0.015079672729396079,1.2844221924098567,-0.7192952403482267,0
5.500332943210968,22,5,0.7838226984098028,0.08451589734695857,-1.639327917338103,-0.14156729875758362,0
77.3070368731168,9,4,3.7166181671210867,-0.719733532992139,1.3350021053210015,0.2555193065597472,0
44.42696967331621,4,4,14.81939302751752,-0.43509409440551916,0.5296839218262402,-0.5571041409677424,0
24.96493678522183,6,6,11.36248720519464,3.109077556890084,0.190292278992119,0.4345626066596231,0
36.76611628425177,5,9,3.692452127524897,-1.8342851809038816,0.5621775260250088,0.8382125290267703,0
47.248081023269776,12,8,12.297575487204497,0.13075806893238537,-0.9101834013152008,-0.08690004665305713,0
14.974671388893444,14,8,87.77819182101385,-0.5263095237469796,0.1316912243850263,0.8629950519866495,0
12.888274017168765,19,1,6.537695708155452,0.6714624841228019,-0.11423688359794974,-1.8434827581244142,0
44.83802427942217,0,8,8.738240847539608,-0.3299870208156141,-1.6261973708698678,-0.3424565771781791,0
84.51129770013681,10,2,76.36536149310547,0.20964899916102075,-0.7768539395014304,-0.5213318485544777,0
3.250047725087203,1,7,4.627243884760145,2.040008692106075,-0.15600438636664277,-0.6445925742272266,0
237.89502348055447,18,2,77.6008227497654,-0.15723272230742447,-2.246403309765108,1.4725755301909893,0
315.26766177900015,9,2,22.581559139920174,1.7655300787106725,-0.29831768581813284,-0.9664597876267877,0
95.63283655143083,19,8,9.68887175078516,0.3285064108308565,1.7246546756400865,0.5539760803265683,0
139.92709879482715,21,2,8.01985523246207,-0.6651343267864724,-1.3221282360503226,0.1960215572313542,0
59.23007650768355,1,9,33.06863529686093,-0.20757837812967986,-0.43181146385621516,-0.5159542609195958,0
121.82079538032713,11,1,3.810187669713021,-0.9002205238491575,-2.765138573048769,-0.9813046928917716,0
144.68854490503082,18,5,39.96499348797462,-0.7822925716786785,0.15473821638213456,-0.41158843696992775,0
50.06983423859271,8,5,13.620656883246431,-0.7508451312315876,-0.16976139111629293,0.5103404167125747,0
76.73243654380626,19,8,6.773888478059073,-0.4123932388810284,1.1681324730117342,0.10328657600752063,0
41.440070659177756,0,4,13.405489746353968,1.7499039722916574,0.9528754031376457,-0.7441423045316258,0
24.69424514784279,10,1,13.269399962153585,0.21768830418491805,0.773460355682333,-3.6076654603492138,0
19.44944027439227,10,4,27.891319007760593,-0.030387210859127187,1.6843774521216666,-0.479005278208335,0
43.433173134710465,9,5,5.69320713603931,-1.1734284392760543,-0.2513966704131788,0.16545878137363856,0
109.45733190467274,1,2,5.649755354028149,-0.6836604189231257,-0.6352085265418018,-0.6104905195784477,0
85.99041603775794,1,1,5.739875162043454,-0.6770410173246515,0.8331755939315446,0.9941980040041176,0
45.012457593935224,0,4,38.323959449162025,-0.4931379265942365,0.19477506312598405,-0.7998844764813346,0
158.24609326474166,7,1,14.179437573236044,-0.3098419512394258,-0.5312119633949406,-1.2173221066348994,0
126.70602021507199,19,2,3.6030400223731736,0.23373083464944971,-1.6641177558844114,1.0986245861535997,0
148.2871309174337,16,2,4.494224612253221,-0.3511587878839314,0.14088116578219725,-0.8779514231745492,0
58.58840008153315,19,8,39.473555282193686,-0.5549404347094733,0.021510448889582943,0.4921535772989723,0
44.33156400558644,10,1,28.145234908302402,1.2691279634792105,-0.8841141751509296,0.7346678752342279,0
199.58283215701638,4,7,68.77029171186071,0.5318482973311149,0.4424753419199962,0.5589516494724838,0
718.7711597977024,3,13,144.5184436228904,3.559078337885622,-2.136207249154266,2.865014467308952,1
51.70878293522094,12,8,38.91181054117738,0.7458554461471152,1.5907161968561578,-2.543146022737973,0
60.762360188245516,14,2,25.91862013148522,0.4126152897491881,0.9372670543278304,-0.24490140387629927,0
52.08803253070207,15,2,22.362833167420128,0.024618194075417005,-0.6417181768084298,-0.08887900474920522,0
25.82856932632521,22,1,25.784950337215587,-0.44420937407590716,0.6475832917320022,-0.07285244984979862,0
13.904918921212005,23,8,10.7799774405418,-0.6219218623796416,-0.33162394621085434,0.6185096021483815,0
73.6804643575584,2,7,17.480140473189365,-0.2725667874597128,0.23536129605215936,-1.3077425889115033,0
94.77298947437109,21,3,20.447514747351217,-0.38511676616149054,-1.0880655671209334,0.5096937839462049,0
10.41871039864934,12,7,20.34745541655782,1.2846256404023955,1.2076946630587497,-0.20869817108075522,0
49.51407478714237,3,5,5.306231457446684,0.1447197979977875,0.7237020339030581,-1.9511725673025777,0
30.95359612892626,7,5,2.556961876132892,0.5625518868304623,-2.080938504623134,-0.09275888749527539,0
6.095562227111271,20,7,12.172055766449994,1.7301259956861073,-1.0472119875591044,-1.3972542686450076,0
12.371667004055498,15,1,6.419862195128414,-0.36033853637853264,-0.3929920587227893,-0.18669206176006237,0
24.425611134330197,15,4,12.520187260891527,-1.589349225566278,-0.6659013201759213,0.34947027556490806,0
0.46202444130030834,23,4,0.7870074079784855,0.41538053569502364,0.6756187426079024,0.6812704285217693,0
73.43357794664801,8,4,10.366415094318668,-1.3917608133862547,1.6939480823581259,-0.3985619228729436,0
86.05198258540285,18,9,9.416334482748628,0.9058259828170406,-0.47110256301317305,0.8302558222845172,0
12.745506873036348,15,7,0.9785942407619858,1.61673536648319,0.19018654344586017,-1.5391730975466025,0
34.13632444756293,4,3,2.8651479902748376,-1.576234598508865,0.5135602881106522,-0.5200599259812646,0
46.60442199898269,11,5,58.66321926064834,0.5538012685132142,-0.5893392580883288,-0.3845017271987163,0
49.67128873767341,20,6,6.029757298069533,0.4209344221242874,0.5503925077291125,0.5905169203390963,0
101.15382891352424,15,8,1.5064653696345491,-0.9740223356047073,-0.4444265199335841,2.522536697625069,0
22.15454679106411,0,4,0.9243923037111055,-0.6514566862784513,1.0734627581441796,-1.2422072757207137,0
26.44952620858553,4,8,22.74595259704945,-0.9477295779688234,-1.0724997701070815,-1.571535584288717,0
67.57100739305442,14,4,41.08882560054695,-1.4534213617381786,-0.7948875011679194,-2.1857865916387995,0
36.51476501033489,5,8,11.601028243012417,0.13807266589279188,0.3752755881887358,-0.469439232324967,0
42.77255476961072,18,4,14.276258154120427,0.3497471877757676,-1.3937559569235811,-0.19407189290882731,0
25.81143198330741,3,7,13.62377475981614,-0.08225316407208333,1.3947099882135912,-2.558208946730396,0
70.52502084319683,4,8,16.440449373453447,0.067281993058327,1.993576926172819,1.0688917849822097,0
85.05590978777764,3,9,66.03720977911986,1.6374145193657115,0.007634139217879483,-0.7291864732508089,0
26.130073680829547,0,3,95.86431094065752,0.8438811880725728,-0.6793705326265526,0.743187581562064,0
9.506187655792392,8,2,4.2460255329891075,1.8258917791628526,-0.6249901849635132,1.0775964526243547,0
127.78458320255695,15,5,15.465849033803584,0.19575409670465527,-0.6504995329525819,0.603984753898871,0
366.34385348329727,0,15,5.4883236535364155,2.3902680435528683,-0.30083626505528094,0.07166724921221812,1
142.914363468374,8,6,38.36711893409256,-0.1892627533463222,0.6266157992318782,-1.222217696406972,0
110.28933025640116,4,2,36.358412800440384,2.3694354359239758,-0.6103740434844209,-0.16120065410123624,0
163.54261226132948,0,7,36.29231409985405,1.0703530383429638,-0.6718580067723425,0.10320073187535826,0
37.3768320440541,3,1,0.9889341788231956,-1.0109468620203117,0.1192126409746784,-0.36013880225789713,0
20.7260520346422,10,2,45.59072463207821,-0.9063081375046709,1.2692079537216658,-0.05671443261176309,0
211.76926021027836,16,7,34.05057836542824,-1.167525128905808,0.5726361064806182,-0.37832240495759717,0
345.18008676267027,3,1,44.4273273386251,-0.6370608417986676,-0.15058889473827067,-0.6477935471534718,0
181.8384445977742,5,1,33.79910702220203,-0.4704375135906024,0.33493311372269424,-0.44012126814503716,0
82.90027085892476,0,6,16.50959677912747,0.2182059730277894,-0.5105919584575805,1.2701453246394299,0
134.8082626051207,11,7,22.65854411960294,-0.5114325708126113,0.9845415159449397,1.2478498255633292,0
20.904464998711237,4,8,17.22240185773312,-1.1205462757794566,0.1767728147367302,0.9853105360538901,0
209.57877541633673,4,8,0.3040602515226543,-0.9695695579375276,-0.37195977351769194,1.1524468757818376,0
43.19199295514334,5,8,0.23129170364331553,0.9625110519711575,-0.14039853504720307,0.044470206613573045,0
44.435343208802735,8,4,15.249076951339722,-0.49681396936700867,-2.055528021794824,-1.0520902700639592,0
79.20067768512735,22,2,21.04068509090957,-0.38723951091304476,1.6884927753645533,0.04376477235009579,0
90.27656462590032,5,9,13.555573915853243,-0.4425622623075762,-1.0749480738555788,0.02093874557692495,0
65.84916647841177,8,5,16.866354803254392,1.90485536226178,3.13466533142463,1.1773009085217967,0
77.43464229911818,15,1,11.085119256047427,-0.9000503416090286,1.3443490834259,-0.714433116286983,0
32.71093090161823,4,4,25.874779219691696,0.813259566870962,-0.4051035942893205,-1.1247305359509945,0
4.199131799603565,0,9,3.274746193064172,0.9283272869592268,-2.0632306019569393,-0.17112992979763833,0
47.39981787071497,13,6,2.160987385019271,-0.9419095278652909,0.0953905972425176,1.1386146991727846,0
83.64474246585054,1,2,48.14329582187764,0.5631135271793231,-0.9970529563796788,-0.33011004336918714,0
36.089186037969874,9,2,3.34443447174287,0.2156152416020934,0.2974591481261305,0.18253157241098722,0
89.4154432884492,5,8,55.129031942414116,0.38349006429524835,-1.2862280888309934,0.8036798801932934,0
50.604510132822554,14,9,7.539809024657346,0.9655099200936897,0.43697042712192824,-0.6802335900524489,0
86.23192912614206,10,2,12.632423735512914,0.21006607482691622,-0.5036968027270471,0.08096643190325527,0
76.76235954909907,19,3,21.317050026651074,-0.8472210502491007,0.2623809628600642,-1.1430427129912466,0
10.214431323651745,2,5,15.404000680669833,-0.3198008377480905,0.21166527148221465,-0.08257876153150792,0
280.20215383035855,4,6,16.12895128925801,-1.4239124714301008,-0.7984619162818415,-0.7125589714902788,0
177.20663257197077,7,4,9.149307463663042,-0.7989296253475275,-0.0873981453288258,0.8913733385463727,0
51.49233357082342,17,1,6.377644362491434,0.1920544202780396,1.0177677750390415,0.11905604099607886,0
55.05911599578957,6,6,19.105890511337563,-0.3413812361469086,0.8027899859359245,-0.9832979393798539,0
54.85230161757884,12,7,34.37255970703677,0.756512920286388,-0.7917033156754597,-0.24396138994740216,0
33.738732891796815,18,5,20.71870428694822,-0.50794452792144,-0.4937980302722848,1.2706516271671102,0
104.41002445011178,6,4,14.892508597727039,0.7269748308383102,-0.33020483107729315,-1.6868488129917305,0
62.58356685497007,4,1,87.34509706980481,-0.7715551100086139,-0.9358569680546044,-1.1187083268869107,0
103.56430832483096,5,9,23.99661382018319,0.7807375043767332,0.022084657147435193,1.6645866439192596,0
17.778551007151872,11,3,6.8512347453283,-1.2886117943651316,1.5975925755972211,-1.1735909348118638,0
24.44024446131924,10,6,5.683785441945824,0.8286168989062523,-0.7441889341219295,-1.0489090439322146,0
54.42583397247624,10,7,1.3710314550612532,-0.7479325200118483,0.529133325259333,0.12331352082638135,0
123.37520317801176,2,28,277.85220009858483,3.707131728750336,-6.604427359110489,1.6916935026242483,1
65.2764408774385,17,1,17.932914680944236,-1.044719946157889,0.9020291563425596,1.886128670652059,0
35.824798046385766,2,9,26.221266767197484,1.8010509041561615,0.594398643021074,-0.2581343095488797,0
28.139038498407906,14,5,10.356740733730227,-0.5718148518956575,0.8307508111328856,0.478598864209579,0
121.79620608915846,22,5,12.641419799537614,1.9547010492077983,0.576929940433854,0.5036678541555651,0
192.1301413371941,2,2,19.257185314245223,-1.1242757469379194,0.2181505053693199,-0.2639588060862758,0
11.111451587753736,5,3,27.113117830750568,0.13283594287549236,0.2817792082364224,0.7484438894134879,0
107.60274545548496,16,4,3.6919149454674565,0.23617997185794204,1.2507500852316162,0.026364579863972986,0
25.396185204120915,23,1,7.771660926883925,0.1163013350544668,-1.7698769789070934,-0.843931557421275,0
189.27885168249333,19,6,3.976226431536828,0.9277926338753527,-1.706085236423949,1.4766918832022793,0
107.11775058941666,9,4,0.2256863819442119,-0.4022468662659743,-1.4698824377489978,-1.1261401279544245,0
27.761822299695762,20,1,19.038105551258745,1.3472867562019808,-1.9467880486242746,-0.23475806152450182,0
4.223622247981974,0,4,21.478141206452545,-0.6034656069056843,0.3605741523214825,-0.8176582267309798,0
3.182137661982651,13,1,33.892771202415645,0.9443229821221635,-0.916065383234988,-0.597051714806443,0
14.197892328039071,12,4,7.8858775113830735,-0.25920854196476417,0.9975558918851996,-0.616492934900792,0
99.62166126820946,15,7,10.313266499611643,0.31344976330411195,-1.6772824410774534,1.0215427085567492,0
85.8594775840109,6,4,0.6157131397071757,-1.0558753019573848,-2.0315457963208683,1.4501552857378945,0
182.59487409744986,5,7,12.55251293826234,-0.5933028911222583,-0.48420287523618016,1.5446039128781233,0
79.93840643124197,23,8,4.4708847834229015,-1.3465855029700502,-1.213897871125309,-0.44852457126325734,0
104.43297035283922,5,7,23.69043302616261,-0.27814992720922044,0.03957828498697806,-1.0374850430507052,0
215.0928780454841,21,5,3.478566402713663,0.621893962207979,1.2091439440651113,-0.3452578474454445,0
185.1386215586118,15,5,2.1046842059738298,0.3801688326159939,-0.651086918546629,-1.5227789173542445,0
40.49139915800708,4,1,36.41954675670414,-1.462242359040823,0.565774568191564,0.789841814550901,0
106.67922431067137,12,8,1.787307724875863,2.098947572309178,0.6068040584226421,-0.9859588763567569,0
41.331785119049364,3,9,12.045463616545902,1.1713224632245185,-0.16649054560967674,-1.5447420753209367,0
7.079252938294519,16,2,31.13507369858851,0.37057687156225677,-1.143514927248043,-1.2693506162420019,0
277.5868531593401,8,9,2.396023663800843,-0.08558745436221483,1.1340382776481401,1.5369338668031245,0
56.40651358272564,2,3,12.042417901694357,-0.6488877957541485,1.139274446089479,0.6957792625272382,0
176.51901883880487,22,5,9.585191980478902,-0.20943103172599029,0.7539015865851516,0.6442408870807267,0
93.55668505267472,6,8,8.330815417993277,-0.9356778437238567,-0.13211705617465663,1.6028336076612828,0
62.243869677380424,18,4,1.1653504333346032,-0.4004747393213593,1.7871009073866504,0.18913269886620154,0
182.12677675832253,23,3,5.585126700681461,-0.2613110647580892,1.5332445512821042,-0.49857824830113406,0
2.4749879118989773,0,2,8.953414703579286,-1.7285188259593554,-0.24834459653588714,0.04210665829576308,0
49.403646561069735,5,4,67.04703486227868,-1.273131184822709,0.9280967808764157,-0.2146757363374278,0
189.23096809680595,18,9,2.651888173582726,-1.4742428098305056,0.5473126738667212,0.7272157441891315,0
59.27440621617086,22,1,20.34864302084637,-0.9748771628784919,-0.8621157284245081,0.013562387193219538,0
116.21688197979024,21,4,53.55970023011565,0.17811205284687712,0.9621091138852256,1.1168096431432448,0
45.253374723678476,10,3,23.80292539345529,0.647858928187403,1.2981428246814168,2.1143250401497062,0
88.95845764391504,19,4,6.781521442182693,1.0076489953713093,1.0562063530798353,-0.8329967244375928,0
121.07605109580567,0,9,19.473805125595458,1.4720130588065292,-0.8184213614743238,1.2165336725623423,0
2.4780049681179634,11,9,2.5203727495764117,1.1445587513862205,0.5979198567937416,-0.4391157009896502,0
14.672158993150298,1,1,38.43569748195017,-0.4123937886733336,-0.03569832734275834,1.8707616480067784,0
152.37813219824636,10,7,51.59756297132049,0.6348051321182139,2.199173127662499,-0.37803813370288014,0
15.069801298098216,16,3,10.262147356542059,0.8120973097323819,0.02890391546901781,-0.943364122737643,0
55.95515620862318,20,5,31.530979284022784,0.13461801033868986,2.03426857113447,0.529686969569229,0
5.619812023288664,22,3,71.93186414585722,-0.9471621340922733,1.92547011502041,-0.9585665461345578,0
42.19772409357831,6,2,5.967334738715055,-1.1479928950040434,0.10681240053982811,-2.5569358784668372,0
7.650955723225556,12,4,3.2234979317062553,-1.1955805299679525,0.6170599183710792,0.49441980050650985,0
10.189791489240152,17,3,49.68844301824575,-0.09579954801233108,-0.9933228056134707,-0.46735771309772384,0
72.3515093096297,20,1,12.011791679136321,-0.07639113769770904,-0.44517251148908904,-0.16482843917446316,0
178.27431123544446,16,1,0.35498150064990663,0.12116109118186855,1.5183647942386302,-0.15048431680036378,0
15.23219469303096,16,1,6.344852480663199,1.6618670536093028,-0.06187197781601401,2.081761185568261,0
15.814116854040904,6,7,0.7020557098180309,-1.7876353632717714,-0.5275544279771364,-0.2891803593909713,0
17.818868970295224,6,5,4.183789229530142,-2.992756398743558,0.8101946061243469,-0.40490195054490236,0
9.96047820419607,11,4,11.030773869569162,0.2929173818218375,-0.21946225802088676,-1.6715205768675778,0
88.36476789454268,18,1,28.382665879119905,1.2774991886388645,0.2756585083853015,0.48138912285923013,0
11.622162667166037,16,6,0.9286587599767384,-0.7119029279398492,-0.7489530313075249,0.9810038349089903,0
1.3385342190093221,0,4,10.810672010385202,0.23527255560608137,-0.1570237097998654,0.6318006613867448,0
8.515831359225066,21,8,0.8552858353638577,2.516105437206149,0.40633550140258595,1.3004115863977965,0
9.042470681637635,4,5,0.46336980313608545,-0.3904243601506208,-1.9758785998779718,-0.6453250013435032,0
66.65349937183666,11,8,3.7484176845120167,0.18851154866332848,-0.5152345669889775,-0.7079956539277527,0
186.5569889752943,2,7,39.85741922359564,0.9821463674254431,-0.21747134659871722,1.1009986448151365,0
27.77797015645583,16,9,65.39423710809382,1.526481293843049,-2.0605774872056317,0.8044456401539773,0
21.347091342804468,5,6,45.92355242497918,0.20159229478072463,1.5796428667456262,0.6672300355411118,0
14.857489303660383,7,8,5.682957731498489,-0.9523092221756457,-0.9339135576442459,1.3719849009071141,0
141.24780331157226,17,4,10.931522439103611,1.284926999680931,1.4871079379333945,1.266354757104459,0
82.98004547905357,21,3,6.772935251568601,-0.13752489035128826,-0.77477716396741,-1.8195807158289263,0
28.11880205015442,18,4,3.8838642780954737,0.6446812252849542,2.1499421499827456,0.5570063651407146,0
25.95534739843048,22,5,52.289146557584104,1.600963154975481,-1.3045197600913343,0.4211461216847171,0
178.86158714296937,1,4,7.885620856649217,-0.10159116005261025,-1.0933181419510398,-0.7116857546388465,0
18.553815883940015,0,7,6.682488037092396,1.6236819828626834,0.10971985014457365,0.6632199446929798,0
19.796332654444313,12,5,25.51311569524526,-0.1648879361720025,-1.7666909573160978,-1.7554068700200347,0
241.93604160997862,0,2,1.5545450207157552,1.0974187560562016,0.5041659107385048,2.1045460168468324,0
23.26185278323652,12,6,53.27308296311743,1.1870848787786143,0.014874297248611924,-0.4492217499845395,0
95.25141862394733,21,2,36.31569875236596,-1.3354533604080119,-1.740358219081944,0.5886409981951362,0
117.8953635112029,19,6,8.236422906496546,-0.0889285332758574,1.5650442145473944,-0.4791676804701192,0
25.204008536413518,21,6,13.950380123131678,-1.2523207956317581,-0.4051747615234417,0.22533390385979504,0
74.73479786591344,13,7,36.28923810643077,-0.17620569197983338,-0.8125190178938152,-0.18067136125271768,0
91.79239687657855,18,9,15.809401295060606,-1.3626817552560835,0.1501111597480186,0.11215751628723859,0
107.37397669162634,10,6,33.89666890624776,2.2816109693836917,0.9283489235111608,0.3644993056885172,0
346.7317071669856,23,3,22.649204071949068,-0.8430476149998389,1.9119519023744558,-1.301397446969346,0
5.437355214332518,11,8,6.788480953171421,0.7693580415476434,1.0058805023236606,0.1292088858933108,0
33.873082759517025,3,7,11.2812402120982,1.699137121500932,0.1309018828182171,-0.1794148920440175,0
87.46890183008708,8,8,39.80593084635786,1.347433498350666,-0.6643855336652825,1.7681436184411299,0
2.9464294441242496,8,5,0.4103912284412537,0.6616258066362104,0.7580317870254484,0.9439071370196196,0
134.84981443057444,9,7,10.675637247302706,-0.6312703844998239,-1.4075286161316736,1.17666533893368,0
102.82846015648475,21,2,2.221293510940007,-0.9027291014805773,0.5756440309638933,-0.37329915426765303,0
351.99823832898414,15,7,4.266528923323204,-0.44875667197898234,0.5007822565169906,-1.8543683495174421,0
130.95802040779185,12,4,15.06319020569223,-0.5940515145632466,-0.15148362719584685,1.2331943537250782,0
40.97965275832179,9,7,9.094494947125966,-1.2984071588938326,0.7696867435620127,1.5739616566049273,0
57.25255302435562,13,6,29.361976183530874,-0.9983513016135583,0.20749687144624107,0.9878523331198218,0
110.9886385855838,12,9,29.34713795831697,-0.23527117476812742,-0.051977377424040384,-0.45170432512949515,0
56.28922624654689,14,5,14.471046758441997,0.3718148193471358,0.07766622294202924,-0.5403391297339872,0
105.58108949177411,4,6,5.681818535561388,0.8932108930113205,1.0492055438174832,0.23950338008209798,0
146.05744886547544,12,2,4.708334060599704,-0.8536800598882981,-1.6698405250925945,1.3058717217406512,0
15.626663683235758,13,7,3.54573021089631,-2.1475115720708824,-0.12033071277503346,0.2439311350891542,0
18.562212793048246,22,4,10.273578257642937,-0.40980655460192256,-0.21233409914554408,0.12780041120388266,0
62.119760542213704,8,8,20.336092748931595,0.3320199938041853,-0.9732187683654207,0.9845895393798775,0
167.20424887142298,12,9,2.3855923628671483,-0.0005501575001457516,-1.5364712035454315,0.3844912022879176,0
192.58512585289571,0,2,20.759839092524434,2.66342737747665,-1.43813767897184,1.1266007871357135,0
69.14813930821299,8,2,61.95052078669519,-0.798550619054962,0.6637956320039115,0.5232783633220883,0
30.77229067080311,21,7,109.67175357111954,-0.1994912114563924,0.5159568287408673,0.1158408910504626,0
62.8815270530324,7,3,16.96376488158142,0.7627219933812449,-2.292194648210979,-0.3502139280858967,0
6.408342284014109,8,9,8.938615143068581,1.2262628774354827,1.3751896228162264,0.11047524389520044,0
512.6504205789661,2,16,162.17883942875224,1.650249280166868,-3.9983198869039516,1.8246949940699948,1
70.73231685535558,11,3,23.34191450204638,1.0167112225060029,-0.31240715780175893,0.759365432943543,0
101.36186231370016,3,1,6.655721077978209,-0.33080770497722684,0.5301496655337419,-0.6442864264320937,0
12.333810797140073,22,2,10.099370492953293,2.1790918428529467,0.9787688802211472,0.9613042302745716,0
399.91648607218804,4,2,10.754779105174052,0.847007736161814,-1.0960725090912649,0.9375058018246437,0
94.3405491282158,2,3,21.51945807454411,0.22496984194556,-1.0182205715205224,0.6330019215534686,0
36.77592433377611,15,8,22.418565768827445,1.1763479589634867,0.4273201871002504,1.605772729392671,0
49.1861054739266,9,8,48.65385290082081,1.6393394021080343,-0.7785522267833893,0.6255242662618888,0
653.512896482064,23,23,486.6378029103303,4.223339016197179,-3.5001497531790644,1.1861361336112388,1
3.3381770174052243,22,4,4.311575339638495,2.3225658794280273,0.2852428105435545,1.2005310975099255,0
12.033396336756574,4,1,4.995786948749554,-0.36933325934236433,-1.625717602596392,1.3103788482651044,0
287.37107957200834,3,22,353.16538015527226,4.552471976965671,-1.2526317130597957,0.7776224852975302,1
47.90614619198916,7,4,22.893688846162092,0.1663371168403444,-0.7867728617542004,0.11263902817893227,0
15.996464776063814,2,5,3.7446598246385463,-0.023994803354106694,-0.9048872740892333,-0.47714101572862827,0
6.389116589049969,3,9,20.857201328072662,-0.4357919060052853,-0.3982826749524538,-0.672484093091348,0
56.39372910716232,22,9,15.45806951966006,-0.3072025176002432,-0.10215647629803966,-0.931405284575887,0
35.34392005195312,10,9,3.2952772079747357,1.742758933994926,0.7812913955303626,0.8736820856544505,0
233.0557541919597,7,1,20.154622393305644,1.4209617007378927,-1.10483849577285,1.5032747399787987,0
20.507627614649024,7,2,4.262973565772877,0.6318281177697106,-0.6833278195171673,0.6232149625551056,0
168.94322966039533,12,9,13.242781056915158,1.142035929103062,-0.285680224111015,-0.3073628840396752,0
0.5119581156662985,10,6,0.8393554166140222,-0.11124021093982499,-0.45813053441820684,1.194356207684966,0
39.11669607848814,16,5,9.603039477297868,-0.6513405993554628,1.1417041789681481,-1.4098997307317758,0
32.30024992503101,1,7,5.531526649191169,0.5527616773544124,1.1230637669174854,0.8027571087459268,0
9.466024608892024,9,4,10.71091247596403,0.16932259486106138,0.4430991350184672,-0.17544454666753123,0
159.08236573265782,7,5,0.5132835735911471,2.241486785123031,2.5598428176151797,-1.121393498241517,0
98.23022862269198,10,5,13.949066881241073,0.3284041596404213,0.8360873667782353,-0.8589910329090072,0
8.521856284124919,19,9,4.873802824487847,-0.35609038191998454,0.3307473252002367,1.0187240714255752,0
86.7386981572185,2,2,3.8901556613969475,0.4180670163809998,0.5528058032861786,-0.08483731937924992,0
7.33789124579021,16,4,3.1728953654251284,-0.557582212887533,0.9143951955227455,-0.7729864027510956,0
80.9363748053697,19,9,17.03285640973036,-0.7261495172901765,1.209175597469766,-0.7601379641019713,0
9.234090634483067,8,2,27.52912388853475,1.381456371273934,0.11716887864721066,-0.0809725595049658,0
67.20354444698059,19,2,0.8161509091145507,0.5501073934484476,-0.9256425852521243,-0.09911502316868055,0
65.91099959086631,19,4,34.444233474025935,-0.41761272535589933,-0.15624290767108137,0.7541939364163607,0
5.179264372706143,7,4,1.2873891173330678,1.3216785342998996,0.885134489537891,0.48143332699072944,0
2.5315633169043044,19,5,31.12648991115744,0.8618538601042209,0.08485508844755534,0.6377959840492426,0
53.81175252340576,13,6,10.552021609512208,0.14019216780018612,-0.05885143945415528,0.5711768879734347,0
22.877538958068083,13,3,0.1784700018296479,-0.5293201210075972,1.0087386861889784,-1.0492974172132419,0
11.996472489667482,19,2,62.5467659096772,-0.4244622962754732,0.5138019421170962,1.51276023861879,0
67.06139231344966,11,4,33.12863006658834,-0.15202098638476821,0.02258182511872899,-0.17877093831499324,0
50.984787523514086,7,1,11.133436861753275,1.5553380342044725,-1.301619947216956,0.9663054493908605,0
3.467872841769,15,2,3.0603468299130263,1.658699157230904,1.0923471411107692,-1.86315971656904,0
2.023099512905631,4,5,19.38912944474008,-2.0707423647289245,-1.4413265392830472,0.19162913640595156,0
10.651676777365072,0,7,4.440293626307278,0.03809790604570054,1.6660372468975484,1.2716138542829174,0
5.309044063476773,2,6,0.3146102999863818,-1.1139980158428657,-0.7109180858429943,-0.7886245886790834,0
22.289561312915783,14,8,1.2891744049952196,0.4569509262615247,0.09583787796542467,-0.3387128840027246,0
76.95478844407532,12,7,4.729705467751964,0.502718963161704,0.4468272903664722,1.6248853462699306,0
52.930232752801956,19,1,24.553966709452425,-0.7851006498745031,-1.067970427798443,-0.22053426780068883,0
55.55171974171149,17,5,18.695820788091503,0.26312140214120655,1.5062013223072712,-0.3926164398342353,0
176.23316270990244,21,9,19.09270390653056,-0.618457526851712,-0.4457066384641406,-2.0118878337895847,0
24.913477378057966,10,1,4.7522226681358894,0.5140499192485014,0.5416408017639912,-2.203413549306812,0
101.11622472291867,23,4,16.721945955063376,-0.02600525799787724,0.02523356452175318,-0.9451422554455332,0
153.90060124585625,18,5,0.0401812530897306,0.531918674094052,-0.6678783705906188,-0.5045932711069295,0
79.83824511884146,15,3,26.27829411346532,0.40408704482765667,-1.0949549932750327,2.5295817353592494,0
155.3343741097954,16,8,30.49701015866397,0.8429260994767767,1.9247945942660907,1.7131611125382187,0
99.91953366662004,21,7,3.9761977526735675,1.293024128649307,-1.8491908797037406,0.4877212817468472,0
19.158519479475476,15,7,17.801787015059276,-0.06040473757777612,-0.7050974857287529,-0.125225860557783,0
47.181085393782084,9,6,14.735047797498611,-0.36460827189775435,1.030058711176267,-0.42421191501714567,0
36.87155809498054,1,7,2.965429637173388,-2.277730781392013,-1.21170519285927,-0.9445988424635061,0
0.9741564710160266,11,5,10.413468048409516,0.1280477986005914,0.11530424049815623,0.12341021664664421,0
98.40381214749857,12,1,8.017534666053681,-0.7630511295564708,2.566677656248959,-2.192833908590412,0
256.66780401529866,0,3,22.40267452479657,0.14017927243426573,-0.7802680859612484,-0.5038844336216155,0
68.35417153589358,2,6,51.77401938947717,0.2573172913665644,0.348705346927373,0.20669811689930212,0
151.3564861970721,17,5,10.882610609773206,-1.059099336294499,0.40061134003709015,-1.6885727968809516,0
65.05874662281502,15,8,84.47669034045498,1.1632123571649193,1.073022844829656,-1.0398878993663883,0
43.52679506268635,16,6,0.6772955345930419,-0.8987498792481037,-1.3114260675580587,1.3504651302875514,0
44.71722605213726,22,6,6.227792205424542,-1.1999348523098905,-1.0907342932608328,-1.2337996198820278,0
18.077220338543412,18,8,19.245282297466357,-0.986047670343665,-1.3146701786491402,0.4130485746349197,0
291.36093162639867,23,5,9.63280410335252,-0.875750731227603,-0.44546020175216217,-1.7985683569595639,0
17.42389286788262,4,6,13.623868857544972,-0.1162597241265807,2.8561901874960287,1.5887690257461318,0
192.0338309914419,13,7,0.8691057034233836,-0.10008191789123334,0.5203880026212752,0.16307328580417302,0
127.43848466485126,7,6,11.479092488293324,-0.8804963820590815,-0.20607600766367729,1.025136617855834,0
63.65582769111454,15,2,85.89922767146874,-1.4388191464507294,0.7969499888402547,1.0720494813832906,0
40.58063949939444,16,2,38.80057667650623,1.0773072896250282,-0.03219850593164111,0.9008800702912746,0
5.854594900499267,17,1,14.432694071263107,-1.228378129316358,0.7868114989746658,0.1200727979730169,0
87.93641896524667,11,6,28.077943648698135,-1.7114826552412208,-1.0252420276524623,-0.5545702498427666,0
72.7875448157194,16,1,2.160628608942337,0.6036874413131799,-0.8036611238381277,-0.720829769409973,0
241.1583029269765,19,9,61.04303606228737,1.4922548531754147,0.8478904944525848,-0.27554560487972135,0
208.9330210433663,16,6,1.3499510674435582,-0.788009867997419,-0.03289432644776374,-1.0749642814207963,0
93.19184944778405,15,9,52.12089805675997,-0.7871305926089547,0.4585390541615003,1.6159041888236052,0
77.01363477944574,4,9,4.196721422348203,-0.9275289408526682,-1.5138977654224919,0.17302086514130235,0
188.60609470159352,1,8,18.988640580213392,-0.5551721271057609,-0.851001608107395,0.988067257144149,0
60.90685060597853,5,7,17.172387926759743,1.6687596009419283,1.8838828244220576,-1.2856748527990398,0
130.2916526538503,18,2,58.32125267151603,-0.973205105780594,-0.9411410765757597,0.25558606736498224,0
33.23782514032273,11,2,33.23081334763448,0.24624197166991868,1.3505356515561946,-0.8136198129853003,0
182.92628398363465,8,5,43.04196499384854,0.6069760923806689,-0.8423492510594893,0.7756142990707563,0
31.23070423051795,22,9,44.00537096979994,-0.03384759371176399,-1.890448456803006,-1.3111739526556176,0
14.087232931347538,21,2,6.383081060992616,1.0783867677061056,-1.67560559115674,-1.4488531425563602,0
97.57586780326716,12,5,78.6358624129642,0.8000767638259231,-0.37300551005223137,0.3961238048485289,0
58.72887167273829,17,9,12.619064312909744,0.8937287142425357,-0.1157796114311449,0.20247603382456572,0
194.7644751618879,0,2,6.629673607893258,-0.33780977214871905,0.697708114637183,0.22894816528965242,0
35.55691213424545,20,4,5.379458421660765,-0.10394876606285734,-1.1087872336885805,-2.4204276706352323,0
42.69330671672817,22,5,49.83174916963569,-2.0501367519807245,1.7306270394450654,1.0271778715306175,0
25.390814052335582,16,8,22.79252326617081,-0.5598409695992324,0.30019523877250437,0.2675454009065674,0
86.00360843280245,19,6,17.528915102770185,-0.04152072329162385,-0.2822591744462098,0.1578274337911987,0
102.61443340360836,3,6,5.729038778769492,2.3974557097241314,0.4489222338644175,1.660175987300752,0
25.514096514402805,17,1,30.742268219430752,-0.9739649065096285,0.5236916170403977,0.11471012239712113,0
199.41598748301132,10,7,6.560678189573041,0.19149232224521154,0.3079015711101162,0.5885609305083879,0
25.324835456706055,8,6,18.066316168129603,2.090768160091921,-0.015193272175654216,-1.3525224577414834,0
95.263632193707,1,7,3.525427854349749,-0.33347938786390635,-0.5184908037190292,-0.8477783136777282,0
74.46753968046684,10,2,22.52695286490789,2.344068050981456,1.0770895342590667,-1.667424334890555,0
54.465178520822235,12,8,25.31551272563238,0.8355062567539862,0.09780001929482655,0.0476196565408753,0
278.6860177004804,6,8,31.66851763135292,-0.17810973164181737,-1.000693514315729,-1.3117540604959852,0
16.349512053561273,9,5,8.736354848804421,-0.2566859399258801,0.08652609134234335,0.5729696570650432,0
5.753550755924901,0,5,17.433443131434302,0.7474263200640439,-1.6978292806228048,3.5425403230986814,0
25.999117919728448,23,7,1.2612152286545066,0.09886895100129947,0.3693256164464783,0.05038551514990509,0
278.16673732214196,6,6,21.982425209123146,1.220783106743373,-2.3236010593922463,0.25233439001937846,0
69.07658581566614,21,7,18.15847664079142,-1.1241634203723503,-1.896249028549969,-0.4219132101031611,0
92.75238912199092,8,2,11.354165594114786,-1.080211802723299,-0.5454106196833517,1.4517615783422129,0
86.35122797574388,6,8,2.5757777240545887,-0.16523187915164753,0.5646256365079001,0.6124592461498208,0
14.131624415467538,2,3,14.570594864985122,0.492337618895535,0.7394525926151874,-0.16058089473185147,0
70.25197690984653,8,9,24.44605333748544,-0.19748323366261558,0.5155480027007411,-1.9834692532303435,0
35.12006553369319,18,4,8.217439775322005,-1.4701262428519872,0.5302377104492557,0.242238666490371,0
969.4955759237349,2,24,618.4693529540053,5.478958887492906,-3.7660691744547345,1.4258658326486582,1
37.08241919734243,22,2,6.486632767514817,0.8134374118694294,0.02388174238253684,0.8335199355981309,0
161.5696510576424,22,6,45.427358156037855,-0.6665739028792889,1.276501003867682,1.1539226329431986,0
149.20881225985065,3,4,10.340108037515158,0.19470243253995603,0.15968964235307254,-0.5413560452517512,0
3.0450799426231505,16,5,5.77114190455997,0.3760762940079797,0.4552813833759566,1.3669120915703137,0
172.73898489347476,21,2,24.462272971738447,-3.1407735599866893,-0.016097648529774997,0.18407240469837624,0
48.40942606013704,6,1,1.5313544532400938,-0.5199694915295064,-1.2892163312039007,-1.5315281987233134,0
64.85212741131151,11,4,1.3425413275409326,-0.03228369730345445,1.07337131901451,-0.7653537017631118,0
26.9170265112551,23,9,22.39467702365519,0.17946281863394767,0.14368111313546228,-0.7149161578014566,0
45.35347000580393,10,6,1.0744674629486894,0.40982533293607715,-0.5377655576877408,0.5605000191063105,0
14.791750162216932,0,3,5.4472983067418355,-1.5960515623958629,-0.4053592962034905,-0.8842767386758207,0
52.7721758043034,20,8,6.790904391139728,0.8144947932506598,0.7345167457184242,0.2642561590285334,0
6.5363644363864895,9,2,0.3296349214427702,1.4918187333802848,-0.7254809435232465,-0.6160177194219277,0
15.988285417771097,11,7,5.575844129158263,0.7069333255829873,-0.1197728184011313,-0.9878195767148771,0
64.79853491261352,3,1,19.597157628953653,-1.2286212468256403,-0.45959701840900197,0.9768644120991105,0
46.97386044064391,17,2,25.774938685787138,-0.49186379084216536,-0.18454776799743727,-0.3688876385749432,0
127.26556537666583,9,8,45.342406971452164,-0.8329684675202987,0.8720736506879295,-0.38311219976633276,0
46.12570374167185,23,2,7.852563945497895,0.09042684401375328,-0.4630020427864223,-0.010586898859148207,0
24.977040055878824,17,9,3.2897853996716115,0.3696730495305791,-0.07102801265899031,0.42788146105005964,0
0.05228834512562953,5,4,64.4110361606925,-1.3518351310403771,-1.2343187130544824,-0.1091565750991657,0
6.311624398098803,22,9,15.670673466700777,1.455355470328795,1.2172409175324648,0.05773450373524046,0
94.23157106530309,2,3,6.905290412597372,-0.9460618162604004,0.6915398138249488,0.3785194562423876,0
9.145441533021298,22,4,9.228187436267811,-0.2881956063770135,0.10647288378522343,-0.10706778628195388,0
32.93325684950853,4,1,12.894338279946925,-0.8625909623402042,-2.2887923835466513,-0.658026352924977,0
80.27890191661277,3,4,7.44066000352559,-0.6936853891967395,0.6039776922842192,-0.28844433332064295,0
49.076376356305225,19,4,44.237068909792654,1.8844342292213254,1.804986724740171,0.19699872842704672,0
6.107017804474966,0,2,4.449342250114697,-0.5073424536987682,-0.8572148528134897,0.08814254834529991,0
44.923682842941886,15,9,8.371579149098734,-0.6150574509437889,-1.0435667397832886,0.5941158352279771,0
2489.2835044923586,1,24,12.18371225883767,2.840617398042219,-3.4187000766033266,-1.0190129709836073,1
10.5770747912457,4,9,63.1850611287029,-0.05150332044666596,1.156954542381339,1.3709578201789472,0
42.99754188623801,14,4,15.557414850071014,-0.42130956973292716,0.21421391596832856,1.57788864744265,0
106.05077117238929,3,7,14.566179596417712,-0.004355664163086262,0.4244680106799483,-0.9905856206257516,0
72.73633327816923,14,9,24.40969615397179,-0.6691471912654071,-0.6838868129928746,1.5832710496838907,0
57.87751797016409,8,8,12.8987122336563,0.29169201739009776,0.8271002185708735,-0.7937255892903425,0
18.053305305174064,6,9,4.990390067885845,0.312704856882723,-0.305558568260862,-1.3359545875454306,0
80.41100223532403,15,1,10.230399334353095,-0.4557181739043223,-1.0935554759303097,-0.43023124540051244,0
301.83378467980856,0,17,47.28137137447884,0.7908467424646934,-3.930056415129843,4.424266209762238,1
48.988662363505526,0,6,18.461587926335817,-0.3283908375271743,-1.5963853382358566,-0.29438575397346767,0
14.408144092060393,2,1,29.431625952602403,-1.3730938459925979,-1.1908167133830003,-1.2837142576759917,0
30.415391609579977,1,2,47.08316799335351,-0.1276374197924001,-0.029713851496153083,-1.2641676051922945,0
42.64195190285598,19,5,8.504727059273563,0.10630716221332434,-0.4550546320004146,-0.7215436462058986,0
254.97906432462548,2,15,231.39942874625555,5.323065802423274,-3.477290049515893,1.6757248037094092,1
85.60910015231157,20,4,31.377235592805967,0.6776827784191496,0.17733659978407396,0.4791659281993362,0
283.654139021043,22,9,9.882476380212752,-0.2097224725953284,-0.5805920053781922,-0.4269818092104495,0
38.787515583579356,22,7,34.8155187359546,-0.8313762282064611,-1.1977649823329932,-0.9198756157731631,0
118.35870209932091,4,2,15.795191385164202,-0.5506847292157192,2.1831048450592867,1.5095817382106513,0
388.65923653660536,3,21,131.4451322447253,2.9141560232780233,-0.4816920521056307,1.1550182681209882,1
7.2803917401880645,15,2,10.974976722988627,0.7867118095280053,0.2608098519135978,-0.21030023955656177,0
89.44615149508643,17,7,37.40302478398854,-0.11235920126738266,-0.29337211938951474,-1.0603299308439713,0
60.82917028057832,16,3,4.49900275993534,-0.9842067396626566,0.41203248674965526,0.31587949292413975,0
38.119151442191075,8,8,5.038423976763732,-1.523211169137652,-0.5790755071358795,0.99575597558721,0
15.538061601869382,10,8,24.266619771728976,-1.0969522769455706,-0.6888251970010774,0.7312230319954318,0
133.6481170601462,1,6,19.71988234271018,-0.9628012147252859,0.4410228168215248,2.3310531101385155,0
14.294143396364456,1,1,92.6094889504099,0.005138760756972681,-0.962736230671527,0.04732273899827044,0
40.89435835586522,13,3,30.62384628888028,-1.826794002391604,1.7865384215789915,2.0722348389019363,0
268.46434462559273,22,4,0.14862000529076325,-0.5098006899525571,-0.6481628672888983,1.6072340675851298,0
1.218081110791289,21,7,16.573792828001498,-0.40779688820300053,0.5191491649404114,0.08479333390976634,0
1.8258388744000662,12,8,45.55782568637153,1.1884411974349143,0.6127692046388709,0.16983795019406886,0
197.29313700903725,15,7,23.39420930166132,-0.405614971709498,-1.6919032711322832,0.9663083532090445,0
207.8300970443294,19,5,37.2122933658882,1.3596200059831587,0.5960562090461041,-0.8591698608152197,0
413.80956371131214,12,9,0.6103864992778278,0.9430897349366014,1.0330432462750678,-2.2597991533527795,0
180.73358448247163,20,7,3.2967071915520156,-0.13316695411234253,0.44101240937770697,0.7358073763161914,0
78.03371661596604,6,4,13.4024702329965,1.4899060819500585,0.12987954176795535,1.025210775735109,0
40.146109186918,6,3,8.478766350108776,0.7705030976988632,-0.7344410931703765,-0.2873675552218645,0
28.921853480646618,8,5,8.038787430215717,0.09423507839398602,0.8547004348862682,0.18377609426761482,0
9.376979785548032,15,7,6.903500463390272,-1.2462146071877935,1.489556406742953,-0.24332413645074877,0
51.42891241587666,16,4,16.430119265039686,-1.8014911576983266,-1.2930376650132152,-0.5043877892900446,0
76.00676622817166,16,7,0.7068007109949592,-0.4885262810286941,-0.23951591582796417,-0.3475253417960699,0
12.132047230440442,18,4,39.16932738405247,-0.6710855288048673,0.4239507429325185,1.0798700342420755,0
125.127786667039,9,3,19.66392874929329,1.6749530109742712,-0.9255191484278931,-2.708918731467315,0
71.39572036560259,12,9,59.88459761984394,1.2784370224197095,0.10604967555193191,1.0760319812435335,0
89.15317782622814,1,2,25.43469105612629,0.814189474451986,-0.6785041737754263,-0.8011942717243318,0
72.44385603544667,18,3,4.670984021469277,-0.9919041233269399,1.7304208233622607,-0.6769334489305645,0
33.9575305209089,15,9,18.62859875794435,-0.33921653891974307,-1.2630104737701122,0.49246054054189753,0
11.206953384160926,9,1,2.193872342482498,0.8994712621690233,1.8406288304271545,2.52916320194714,0
15.332488721347389,14,3,1.0054814660432998,0.3133143047651383,-1.04404098849826,0.3035550702910693,0
21.68997188830986,5,8,8.658562426307132,0.014652047124392829,-0.7736677652373655,-0.9804560918883771,0
77.04014672468416,22,8,2.388163525370578,-0.5646154554959961,0.3493228145253929,-0.9087579045541305,0
6.07117617710751,6,5,0.19264518724301366,0.22377597714348113,-0.535511859647195,-1.6230461122120852,0
6.6079692369395095,7,8,3.253528151583602,0.5967424522777313,-0.04823179866834304,-1.5252468448893521,0
100.9504167774675,0,12,160.21160803058038,6.205114381363288,-3.873786056923308,2.320922974236328,1
54.26347466733547,4,9,6.690434038421239,-0.8216572612598676,-0.11336869425312872,-0.04555392576526826,0
23.677735133281868,17,6,1.2541499427186324,0.687176406286206,0.7311241615980232,-2.3104698036679334,0
201.45256372141174,7,2,4.013629374076238,0.6772917318930588,-1.3517180170753589,-0.8714880681766379,0
47.601173089828606,1,6,10.692433074037966,0.5752418859449905,-0.09831378226461181,-1.0601116053981956,0
23.10839144998038,9,4,56.613539371131026,1.4554691899358625,-0.15488978355914898,-0.7430298212660972,0
154.88952408145042,2,4,3.589533766084998,0.14001691087531437,2.2136112036208226,-0.3002952610161609,0
93.57260288089202,22,1,27.968164830748545,-0.33975710283827226,-0.4989275502582468,-0.7145304857108881,0
38.7465393886969,16,7,33.90689538082076,-0.6180161530686241,-0.7015157145452872,0.8427037644792884,0
59.51422646886836,10,4,54.88029821072739,1.2165778961178244,-0.29829279846037,0.7210564122417512,0
113.5924584928288,18,5,27.213245917612493,-0.487948649196249,-0.2854119088436912,-0.4076110626438733,0
63.79702132464983,4,6,8.426186456574852,0.7754273317568555,-0.12326691618069893,0.3759317585366034,0
9.97288230442782,18,3,32.92064463581195,0.036946450139260366,1.45601178759858,-0.48430382147423723,0
88.10312669219044,18,3,19.137293355070828,-0.1336662444220193,-0.5295414519392359,-1.1306439529022678,0
22.116884252946836,15,6,42.66634416188735,0.6001641384599478,-2.0447015849075094,-0.3735048634068442,0
92.2406415057423,12,8,58.01641347625704,0.05405749090751393,0.861967091107335,-1.3328349177679601,0
202.75269736887734,11,2,3.6744072060269897,-0.047061194071171035,-0.6702929227822378,-1.846489772742989,0
40.70924113583993,17,7,24.750323497689827,-2.047554429020795,0.509483294160168,-1.0361275773878849,0
25.14942445824863,2,2,2.608389996845567,-2.458893588833717,-0.3478324601385652,-1.3490804513893226,0
70.89378260253912,14,6,60.30989936760371,2.6457015875833068,-1.7763404344454725,-0.6436872085981461,0
1.4711910277786964,6,6,4.423044805661745,-0.25229150925071564,2.170256717053588,-0.13581431002850128,0
23.838300251111725,20,2,20.342758379379262,-1.24974131786656,-0.5068026510230115,-1.0721010405660245,0
17.084078479607605,1,5,33.42498647526275,0.08751326060915585,0.32639281956891003,0.224406421196961,0
82.95750290362191,14,6,3.448367603130587,2.3765411310487847,-0.023227916029956663,0.41329367790081367,0
5.569952580584088,9,6,0.5550449588315499,0.48059277239281584,-0.016818255999815096,1.1147921949604673,0
23.93944725986962,6,5,1.0171303331240764,1.8525503160996781,1.1314377449686899,-0.8992757960914398,0
335.13391912965653,16,6,13.324268068418439,0.07124323440624776,0.4966305587001495,-1.2977566209894953,0
20.97880224415701,3,8,52.43725243967085,1.9909004653696147,0.20800089319557843,-1.5232660269458382,0
132.7217865869636,5,6,14.085826925850428,0.7974667404742496,-0.2761578822071853,-0.20991261029498753,0
52.812911580990026,9,6,3.313933828231444,1.848615197920182,1.410073738079013,1.664682947633839,0
15.244046637813797,16,5,2.670875170358883,-0.4431330606024984,-0.5294183056209214,-1.00147791414388,0
15.813271491725898,12,2,0.9707993036132516,0.1262627314870601,-0.5408696054017197,-0.09142926354567289,0
45.535860457699016,2,3,16.350273267800144,-0.4449190136199922,0.8400771367809612,-0.10786337477924264,0
80.83815905739175,0,3,27.164097860763434,-2.622082364020122,0.7760730817249132,-1.4918014805255528,0
0.6154841816320241,11,6,3.797355511695804,0.8965997431875667,-0.33621915599756125,-0.782718852423023,0
55.44521342821249,15,8,87.57124000526557,-0.9964804982991887,0.8418031067867218,1.7410846489824359,0
26.460087405494708,21,9,21.312621372267714,1.4779184491864328,-1.0010259032616509,0.011120472490674741,0
5.664120513087103,1,6,11.79020178324887,-0.5875876043775701,1.1232205089718583,0.2726335108424035,0
33.15706978357286,7,3,23.193433803225187,-0.5561227974196611,-0.27864715328365675,0.3028715951934347,0
74.6576685627212,21,6,21.002189181251936,-2.1445230250103458,1.5222046321218095,0.07936739462251802,0
112.02241204472101,9,6,18.725790549910524,0.8834891467639889,-1.0539880019536985,0.18246755759730401,0
172.92512779499137,19,1,24.128656509585724,-1.2247763289949907,0.2376144401777334,2.257520843125152,0
224.84933471457674,6,8,12.70626118785054,1.2740690483660508,-0.34623635923066237,0.1442299711366317,0
97.67348782901442,0,6,6.707491340322815,-0.06848528207520913,0.5561644365508192,-0.5419605518384756,0
141.0394413150696,5,1,48.7590252760289,0.45481529938647897,1.0396396147045197,-0.2622859647116548,0
18.79192249452266,23,5,11.332908032639484,1.1469782824743313,-0.1886191028293296,-1.550755852072095,0
2.993005267055666,8,1,17.558302561721305,-1.4991545298994322,1.4297271113944006,-1.067598952935182,0
147.06216744901224,16,8,8.122912434478817,-2.0721743729263586,1.0689152493633003,-0.5220791255958027,0
39.838549404892056,9,8,2.411792722714362,-1.2002002944975594,0.9539838098062902,0.26074853516294494,0
6.334787215592986,11,1,0.9148121416321225,-0.3102150737131799,0.7833533478212549,-0.5954503936706413,0
53.655013993734414,22,4,7.399503382884043,-0.7830554689175633,0.13947639526903077,-0.026581416746284434,0
1.9762730995324178,15,7,5.852399412273549,-0.44444491150858023,0.03851311628527672,0.19136844503934222,0
119.37963017105126,22,9,8.872669205562136,1.7825946343145853,-1.589903003422171,-1.0379467381051113,0
40.58198190914767,0,5,0.47197202181966996,-1.3648495592478604,0.1699855790421916,0.19501833248138994,0
173.70893269794158,17,4,32.16283942186282,0.6645105611186066,-0.3823193453089642,1.2790691907813667,0
19.126020813174865,2,6,0.9335052433896758,-1.0106636588805233,0.48579794022446204,0.13345539431185113,0
54.31817753871936,19,1,21.30312886628857,0.16558258510285326,-2.753375933780883,-0.6412534584210361,0
117.22264721650086,21,2,15.108689743690043,-0.4321785094956631,1.4659861726365704,0.1307242582889356,0
57.889444609386146,20,2,0.25641558844489354,-0.950796662694265,2.0287138335168904,0.3880996570791613,0
63.99863683362397,2,1,23.328685624961857,-0.4056916336563577,0.42462407018554016,0.2342411664901241,0
37.044420838025,8,9,13.020569562554476,-1.0632033194476298,-0.07233128000355994,1.4309588138841496,0
19.744689893560444,6,2,7.8461839752920355,0.6091893313348757,0.8320411851467904,-0.6492935960259755,0
34.365409264931515,12,7,20.969382447201394,-0.4629169463296499,-0.09919585716558511,0.2825718339036581,0
69.41646764235739,1,5,0.7982149637042429,1.5321049291348552,0.02856213366466,-1.6791949424962558,0
67.49708451089144,17,4,16.49956393776576,0.747436340539774,0.44865357145160856,0.3077380509397795,0
58.26366665721505,17,7,23.837324781525098,-0.17349518105645428,-0.3790559956788136,-0.7589075754189337,0
42.476565333925784,14,3,29.285721436580282,-0.3549017797165934,0.11518697760675399,0.2360529067127298,0
23.0644905754581,9,4,38.65223025243128,0.6033212758503939,-1.0495820982323867,0.13600194064877502,0
53.686839960708795,1,1,2.1699803522401746,-0.9267867332962766,-0.4464686139428064,0.9733788329413997,0
151.74791133250727,21,1,4.83750833833161,-0.30141318323376143,0.8698668268571813,1.7709281902341947,0
89.2917291570378,16,2,44.03427297798445,-0.04239216624396913,1.8320517038825237,2.17691875739665,0
135.76518005040424,19,3,15.813738323584875,0.2514907169778014,0.6561631906330855,1.569682454955502,0
10.205048262782501,19,6,21.50129448511915,-0.38480333395031874,1.7699608714096793,0.28485795273659376,0
1.719909132820905,5,6,19.28271271873295,-1.7682149870183037,-0.8277914164666149,1.8449786895460167,0
19.105996874425816,10,7,67.82500070278977,0.6761992971803796,-0.4265053196588392,-0.9452941876218263,0
211.44793478046026,3,6,3.942901969719079,0.16309198246879902,-2.6637760176460703,2.02929658862101,0
35.470770077504234,2,9,3.8244477108318655,-0.9115554470990893,-0.9466504811587741,0.3703652360310856,0
131.78786330428528,20,5,49.42028228882008,-0.043528549976355434,0.6019989525023988,-0.5066211685526256,0
14.500126209745316,20,2,18.428762787845685,1.841438781183466,0.033811696231355395,1.3948783413476646,0
35.04673667495194,14,8,19.321259143719942,-1.1057952313814141,-0.36103359167119536,-0.5935659762624482,0
67.64266202076085,2,21,344.5657073545296,-1.7048748912589557,-2.600478519844725,-0.09563908959104817,1
38.365777162476114,3,6,31.53149455582855,-0.13680756147985929,0.5346329075452277,1.2529842799288673,0
35.35277753840799,22,9,12.877811523570914,-0.23010301361533925,1.044151323948315,0.1953055714817988,0
229.04968981529197,16,1,1.0150270053974095,0.30967527860186056,-0.10117105228341815,-0.10856240627592322,0
407.28330111539685,14,8,5.299432586773722,-1.189548326646359,0.09271581572771759,-0.9359139421465513,0
512.4378304507314,11,7,0.44571390600990185,-0.6767911728274771,-1.56753492869704,-0.26838359729195327,0
67.40184963049094,7,2,7.5989176753378285,-1.554612373150055,0.6824516954183844,-1.087441976832741,0
23.866189604919114,1,4,21.991346579652017,1.188472333019951,-0.4167820532098529,-1.5454483271074841,0
14.883035208367515,3,5,6.090045265549401,0.224877896399234,-0.5904320960146833,-0.8007028341690946,0
108.87942610852735,8,5,0.8571093685953044,1.4397608419895318,0.8082536586487585,0.5012621313657311,0
43.336200527449066,10,5,36.50789895419509,0.1311565142786541,1.5485425721742332,0.7168599814301294,0
14.696001697189425,3,4,4.646528534112663,0.2133835543609739,1.3809929928593625,-1.2657332394869438,0
120.95466643069625,5,6,2.630752387680691,1.423345073582913,-1.4341764688712293,-0.8302387480471334,0
107.12764258987205,10,9,18.181239230621735,0.663088697981206,1.1206302607513077,-1.1317457975662528,0
30.34021525281414,15,1,8.66209816613751,-0.5891401185619713,-0.8802853087292878,1.2003195956656578,0
136.68289968835023,1,7,23.98701817217003,-0.7054094668207361,-0.03448169620325773,-2.332671192714898,0
95.34513607036695,3,15,40.39152213828927,0.43509852066275334,-0.7059920552788219,1.4183721282108066,1
76.42290684383694,3,8,7.398322642977711,-0.8591669743168427,-0.043962277504070606,-0.8896188106491424,0
38.90335456789549,20,4,37.278868223506656,0.6810207681626266,1.0504203970920263,0.05244150773411402,0
289.1813466399394,6,5,6.8031403200516785,-0.05300334370286682,0.059358010090316465,1.0575567159078683,0
49.233293720479324,5,4,5.007461787249635,0.6079211510966442,-0.11501132552450752,0.0634453103320128,0
39.79466459303791,8,8,21.02150182648233,-0.3518629008953549,-0.6531951426711301,-0.6176022574697103,0
61.01736834822951,7,5,4.415644695145845,0.846569279605078,-1.2109071508200153,0.26617580570455185,0
30.618457313465477,1,1,78.8063313051033,0.4040717176490458,0.18515296283815838,0.9337389251102988,0
40.9599939502337,7,5,27.624037819428345,1.0260062486055184,-1.677232005086857,0.010685603031640704,0
17.35057555686695,1,2,27.781100845013174,-1.485769405593918,-1.379336038795565,0.19570010575183688,0
19.21416066800423,0,2,14.114084489313646,-0.3104371299895464,-0.21358762457161445,1.0282521685857524,0
119.419211222814,10,4,6.78664518754601,-0.3422989289251469,-0.2106541759654285,-0.7069746995280335,0
46.0255650262745,0,9,40.52157027601935,-0.16767956644060616,-0.17720073068334455,0.07101576044968302,0
15.971444380412631,17,5,8.253057302863379,2.4194001564768643,-0.8371229071130291,0.0020949993425646712,0
61.35276663518752,16,5,18.770833795166332,-1.179561927312526,-1.2657267984099754,-1.0202278385803887,0
162.2448506501774,19,1,31.530681910801434,-0.7463986234337591,-0.6132096043524977,0.5900414255879048,0
116.60202072891663,4,7,0.5575578416728324,0.7993551178302422,0.5144274550226803,0.06827874005772397,0
2.978747348613773,23,9,10.701328372301486,-0.05521790967287086,0.379740650341982,-0.2937961900562376,0
217.1448883793567,3,6,21.843467241345117,0.17979195529408185,-0.6429613650775836,0.7723335787922988,0
161.25447854965782,8,2,7.637397569412815,-0.7310568910186132,0.5044022413417989,0.21473609370714508,0
33.920423919597724,8,3,10.236886976382056,-0.7058820395815816,1.8651158493917968,-0.4622279910158221,0
20.831441795580076,4,2,8.655031589742679,0.4675944340142803,1.2284675090355095,-0.1935999705866761,0
222.89018122089925,20,2,8.982061270266513,0.11917176293511131,-0.7671119880685074,-0.015046004039790487,0
118.67443617024897,19,8,50.91903511255536,0.4344550903814384,1.0691263204665173,0.005156852057857864,0
116.73247772904398,22,7,3.269904298446287,-0.629511990687511,0.23492336932639402,-1.030829078283849,0
533.2748874178831,1,16,145.3299836375547,1.29210968643311,-3.061233544230304,2.139472793307482,1
15.584945398648635,15,1,34.24244078420247,-0.8404859714511935,0.8087074715828316,-1.6761712561929394,0
131.07413474920952,10,4,5.549889028633524,0.9833532298260631,0.5921211355566937,-0.5761918110504606,0
114.51136900829816,8,6,22.458971052242994,0.6516537238204566,-0.3063553205437816,0.14451593846268965,0
39.835093925891435,14,7,5.303141798643832,0.20765721747637797,-1.014874322037846,-0.36961025097255035,0
245.69270573985136,21,5,5.874448682848198,1.013420721338381,0.7391733124484073,0.7211308414513278,0
13.609659325828332,21,7,0.41918931676514454,-0.4238386057811526,-0.40631867343584377,-0.9879887207391742,0
107.00071613324525,6,2,25.926992336268025,-0.6590177956373005,0.48350672668131084,1.27309781423776,0
1.463223465325212,2,7,19.472644323166996,-0.1889890225397152,-0.6429659768331094,0.05524450004161007,0
57.2874589546323,18,2,3.655397072159588,0.3747538732025073,-0.4544334792694486,-0.8575932269279354,0
74.86890382744721,23,6,9.089440001948013,1.197054118681339,0.28661485118307733,0.7463653790448155,0
118.3845664768412,10,3,11.730327428134789,0.5928556651036779,0.7527431092250917,0.11836457029440497,0
191.25610259077266,3,8,6.0082694303941455,1.2751291979471782,-1.9360535022683736,0.022601296823804653,0
64.98882373693525,16,1,6.320361612949278,-0.41834663823770396,-1.9428097418869494,-0.8800201222371649,0
1261.1044930191076,3,19,47.68309760450842,0.5538848322172192,-0.7103943616069794,-0.01812051157499628,1
98.84280986854621,19,9,8.779515444534665,-1.0827625140531425,2.1545815688196877,0.1408451103190292,0
49.41034746923033,14,5,26.574396412441907,0.6297932145867738,-0.4328277649683556,0.6092776078858257,0
27.754687089001347,2,3,20.906611297480374,-0.2499163850826102,0.4676230044314696,-0.15223456520083936,0
25.551111372004897,14,5,31.31934392486338,0.8602774246253376,-0.19470890023512072,-1.1629956792023857,0
16.1510239682529,2,5,2.0339753508781624,0.25418857898740027,-1.7966766281189703,0.19496869741768408,0
35.94332778318445,23,3,13.53318851535499,0.9062665545652719,-0.5769759436389282,0.5352803807944155,0
211.76339246924493,17,7,8.285039729277328,-1.1415963068770634,0.11827072165957891,0.47375911402487836,0
78.52620436420267,23,15,67.76964013271225,0.5840223543776535,-3.2814877314312447,0.9221794472751603,1
94.01700684375024,8,8,33.28549236299786,1.3548683776052308,0.12669582202891708,2.095136541117706,0
122.33856499852136,16,6,11.841272825895759,0.7944686194799044,-1.775851083198918,1.1089885490644378,0
78.01756949251943,11,6,0.9356449451004787,0.8953956606877576,-0.48491869111437236,0.8567211344643443,0
171.24843522738186,18,8,12.663744060173643,0.7499298364748307,0.2565215729984136,-0.98564916170541,0
107.91252828384754,8,5,5.030640237890904,-0.3319803697992904,1.8679589720200138,0.372696519555908,0
264.7915027987982,8,1,4.162058094784859,-0.282448501560195,-1.5975575795138863,0.014096233541645542,0
32.903353149498436,23,7,8.94772922484782,-0.863293567997671,1.8893312809035754,-1.1606199319994848,0
211.190843368326,12,7,3.463870029218569,0.4391075038239992,-0.5258750757275178,-0.8354895728761479,0
25.06662372899659,3,6,14.618286638898617,0.8324030014630147,1.1178638135667762,1.2401801857544885,0
146.5371985735139,0,4,73.56824383220827,1.7789868348110556,-0.39596895320865916,-0.21230010057028087,0
93.34228768457515,22,7,14.972615083681484,-0.7601284132174722,-0.13133582626405976,0.5528647079227058,0
32.07220270013274,18,3,9.69170476936066,-2.3863791309548956,-0.032392271995639356,0.37906730064687133,0
77.42204060502819,8,8,7.108261426184292,-0.9869346136107467,-0.4094760705298932,-0.44993462865398665,0
20.001050328489786,16,3,1.4823707705349107,0.9403814551405262,0.07934076276584918,-0.2277742356202327,0
45.95746743942477,16,4,18.63137173364192,-0.1927815004750799,1.4184291675987204,-2.247901588680189,0
4.494685532519753,15,6,8.18823516378865,0.15916079508344347,0.44798015929644597,-0.9548917306102398,0
136.2055824556677,6,4,23.564784336141994,-0.6319102914261411,0.8022724734892378,1.0621148004639736,0
28.52475164997393,8,1,7.574212181391493,1.0893683761109318,0.5735795512685687,-0.6528444200625282,0
24.067175760809363,17,3,106.66572371255549,1.1528987721766601,-0.9166860861683898,0.638098604173474,0
69.86284016358803,23,9,3.231825973210536,1.4594162838725058,-0.30507469286518374,1.0476976515400036,0
149.08208320778218,17,8,2.5722941052954233,0.1893567118137052,-0.15032915146632844,1.0271425453086185,0
223.0742428723666,19,5,7.685152636599325,-0.4346760545813742,0.5069089821074796,-0.04444346579769636,0
65.09600787111663,16,1,2.2418347478924425,-0.2734753280281471,-0.017786258456975162,0.4413198177521271,0
95.42965924207665,14,6,7.317533502036932,0.30137967491317025,1.5540424668685815,0.5963755106488313,0
134.76244049487667,0,4,0.002373038994283974,0.39222317587515637,1.1973522679398563,-0.5033315333927095,0
164.36026577143483,7,2,7.600353904975093,-0.1690414440738772,0.8378732282453899,-0.6404863135361007,0
51.90752133934233,14,7,11.335500949691697,-0.05120632400216356,0.41493591017399,-0.8100286750478154,0
67.43202900475251,9,7,16.553294625805293,-1.661991701458333,0.18952723834068602,0.0785947279968532,0
126.61521886901872,3,8,60.09215187829206,2.5133263741906173,1.0816850766734418,-0.4120695350227244,0
356.6849316015023,10,1,7.428140076897022,0.1767533819900911,0.1887250851952709,0.4525845452005443,0
19.44124375730378,21,6,23.80558097141097,-1.1460393226991565,0.5863295230777222,-0.8416503267146422,0
95.56502860264649,2,4,62.59515041703595,0.8648831199424332,-1.1343476081806352,-2.7873563616114856,0
158.26114166972576,9,8,22.401248591101698,0.596458872997418,-1.0317868641905035,0.5423336158915768,0
86.18861766438494,11,5,16.328560198734145,-0.9979664096429217,0.8135737864574804,-0.3693963605065655,0
5.407194839157946,18,2,9.46531478028119,-0.053702178764776495,0.34614931155004774,-0.4347859288161781,0
180.8193696709704,22,4,11.861276500717588,0.6057741076717745,1.2359953949866982,0.06939117039454641,0
108.60303237994574,14,2,2.801807261838994,-4.084630695684418e-05,1.3488625311369555,0.3470297574998866,0
9.25659422558116,23,2,2.436852542383168,1.3019194284480173,0.4584181955150139,1.0809869898038096,0
10.352672481920749,12,4,5.961811384427708,1.0279242808276456,-0.15016750251527508,-0.30932030489652784,0
141.15130559728703,12,8,5.425796502315315,0.7850990313509648,-0.024936116894294532,-2.5520402649879963,0
15.328337803130701,13,5,3.4952752340038185,0.21977433014481787,-0.8887890397720049,-0.9514826602176913,0
467.63512804882805,1,19,95.04344047092451,-0.39659966342091124,-4.773930951143695,2.9882416657106043,1
12.896928666809513,2,3,25.75413608465687,0.02841512684456848,-1.8042416476381968,1.7729522309509902,0
86.90046388519843,1,4,12.362611209450325,1.2292833613659282,0.9199766424174479,0.16043908776017937,0
3.295000476555435,6,1,45.90797801994289,1.0679592267360083,0.2669245702993408,0.34228092559180795,0
41.90990179918333,14,7,7.257030351719884,-2.1057046630870007,0.0934682919063952,0.1763691665672408,0
44.65757975136816,18,2,31.543441121551233,0.8854459893915904,-0.28442122849818324,-0.6343634294361487,0
2.368292784180171,15,8,126.3754630907004,-0.06907812161754956,-0.6277386437387453,1.2820590773316018,0
38.268109191904415,20,5,0.9822330118896138,-0.4172073287774371,-0.7250044758094781,-0.6901765815127315,0
33.87686219386125,21,3,19.607154862116584,-0.10508454426147494,-1.9822048854104144,0.9376772648709945,0
29.44544704110247,4,4,77.85802896381844,0.0060432609585039454,-1.0645123664146208,-0.11125963443524099,0
2.515603578066923,23,4,31.624854903286113,1.3510932562826954,-0.36317609419041375,1.1056937343397175,0
8.017537829100274,4,1,2.941593160113496,0.25199951016018773,1.2795241888363404,0.16036436247280858,0
0.6683796900195886,9,9,17.800210847193604,0.6336252779231422,-0.30107772511501346,0.034344928782985146,0
89.10835520380263,0,7,0.6580796228901663,-0.4335476869323657,-1.1107362510150005,-0.5809632555822539,0
7.895683134988845,20,2,27.855618561327937,-0.028307689300739708,1.4410884637357415,0.0005169397811825995,0
351.5214074362849,1,14,46.935820444292915,6.620090207328901,-1.1667576278584897,2.5882315368632542,1
15.684691215939857,6,9,20.02968908063331,0.9153203567733573,0.4071193004341585,-0.4264089666579551,0
1.4720675666160021,7,7,9.532475022102789,-2.6711982840835735,0.7214579627868983,1.5115622910829958,0
0.5125078893932133,20,6,6.725900080790273,-1.0423006061154738,-1.917152941877313,-0.1912510116671379,0
10.993449930926648,17,3,16.112145317329766,-0.9194239620556831,-0.017753318528466466,0.5991927754586999,0
25.758499116914688,2,6,4.025521038690564,-0.7314490676476954,-2.3841569341398476,0.7230205472594718,0
54.03962828511797,14,2,26.5156601006133,-0.7013362526103881,-0.5886420123018563,-1.0386767842228484,0
12.068072843039776,11,5,30.914350878545932,2.6348778008515854,0.29167679940563973,-0.0861861110033916,0
37.149373136062295,23,6,37.84163586473889,-2.329869943061504,0.5756184825973162,0.7236399191768618,0
123.9484784772451,2,20,619.598599790804,2.2234428826038024,-5.509539259242361,1.1003384462277306,1
40.469042125973466,12,3,67.91133832916964,0.7574045396634452,-0.736476243069468,0.18692781745944087,0
15.425762291084173,12,7,5.24726342885098,0.3364774509704643,-0.4151693481635337,-0.5843158796796561,0
148.7275955028719,23,21,341.8080111481626,4.724571433603185,-5.683679149148558,0.8348217013752328,1
27.113725170697105,8,9,5.178585901040815,-0.42354974855248717,1.7037006383837894,-0.4349147346330652,0
463.3938155228853,2,6,5.05730074206408,0.7491475117922064,0.9344947940546741,1.3930607522729181,0
1.561348133590169,6,6,18.611608000706045,0.10124609882397545,0.8514155902266731,0.8242219754198366,0
47.63716684511428,11,9,45.15294671233577,-0.70094915933648,-0.8429185154143444,2.6026683254062593,0
62.4070204543837,2,3,21.10447223360584,-0.37015624826915244,1.1595875737502033,0.49060432393669123,0
468.12230093255835,3,8,172.08984085021146,-1.7415784260643548,-0.13540493116515,0.31843735341299995,0
98.87530208536957,22,5,49.335340149700464,1.0308318315781748,1.5630178928594602,-1.749991228203813,0
13.466421308135901,8,7,1.0346468810132978,0.24565012711433387,1.3274501797209413,0.9660771194265252,0
74.17990821254736,3,3,7.8058520855929565,0.8407804749845017,1.0100518338781677,0.9082183245135236,0
0.25787626817877,4,1,2.6314981404209488,-0.40358397150289976,1.2117857311517517,0.6771135836528804,0
155.3079562540351,6,2,22.232877114086573,0.39320078173804046,0.26543165609985087,0.6720223259025176,0
939.5826011489944,1,20,56.6467270301896,1.052801871264122,-2.3416880075935613,2.8921972943916066,1
31.477858123370876,5,1,23.824629257204744,-2.000490862575225,-0.6707050057426373,-0.08730732401766188,0
122.30181525681219,8,5,20.554471377972465,0.1155688901776504,-2.083184672900698,0.3219235182213541,0
285.34690327539647,23,15,264.7244945875813,4.214254607699354,-0.09257748918085551,2.7893675663593984,1
10.618283346888443,2,9,48.47861358204126,0.6643974803905666,-0.2058667813703756,-0.6385044816102463,0
10.732832582749992,2,7,2.7396855728261293,0.44218362140268774,1.4185596846908963,-1.3824043410246747,0
121.26710786791996,23,5,60.282604921111236,0.9195058920443906,0.7695445225143432,0.5485240609467514,0
27.086732643629382,21,4,24.121123337874955,0.1921828250348399,-1.1052235593437554,-0.7745263853837987,0
126.85231837861491,15,3,11.47582541754647,-0.13891250934826066,-0.34560432666975205,0.6177649263497724,0
29.07054956734294,0,3,11.670102450192426,0.06564737515244652,-0.7920450212446721,-0.6835451434833192,0
15.52436025664774,8,6,9.693634618638553,-0.1140776434103487,1.1145521953192292,-1.1381133801203684,0
259.92734892054034,22,4,17.666279847576188,-1.7509586051790058,-1.5201497227444873,-0.6270325277584217,0
106.12387470397792,8,2,0.6463741865608406,0.7205938928763544,-0.7971655067192326,-0.22890060650699587,0
335.92125799439606,6,8,0.9880541176587372,0.4990372952691592,-0.2692968706141016,0.1954275925870134,0
86.1691143672821,6,1,41.417356724900515,0.616990015045559,0.4026931776884061,-0.9443433918145526,0
236.18271455310563,9,1,11.987916396846554,-1.3473543376008232,0.7777318490869078,0.21765984235143948,0
68.56507107833977,3,8,28.261778183107566,-1.123514720446395,-1.0918548757881639,0.06554412009923366,0
1.5503071573157041,12,3,0.19713062227234648,1.3897505128945897,0.1301369176997051,-0.5326552732742442,0
27.53783940431532,8,8,6.160182877321432,-0.6671257000033642,-0.3546454230277709,0.13176679441750327,0
164.32284456019187,10,8,4.947740110361628,-1.3536842378379152,1.916096426204912,0.19928691012148733,0
88.02005132945624,6,5,9.792077896775886,-0.2092718358647221,-1.399416599700194,-0.762102371082159,0
11.549836447624745,1,6,0.36974088829990825,-0.6286299340144145,-1.3352250282897309,0.5475448658536799,0
83.90190514422144,21,3,25.67262737005553,1.2487779168261375,1.0760410637645326,-1.187305144062358,0
95.11812016249154,16,6,22.999846149376758,-0.6862340014043848,-0.1776101209156868,-0.25806270374288465,0
97.9999802504004,23,8,70.92983152182819,0.3518751523973455,0.060580623839097486,-1.6884356591749743,0
165.47603169002784,3,7,14.856584437770062,2.0364485829626986,-0.3431142672381313,-1.8940676179848033,0
39.30350358222247,0,7,13.468558592420031,-1.090626997511806,0.3690943134475529,0.3621264432603659,0
185.63876987998134,10,6,21.199882065341423,0.16001548182624548,-0.7286255179974156,0.01605419240771166,0
46.713839066767136,0,1,13.203448088825054,1.8501756389447137,0.11958534265756912,0.5873587641573387,0
26.14265193413056,4,8,15.340589698750035,-0.8339814862600002,-0.4982983125072315,1.765652568891056,0
4.410138316455297,15,8,11.407780226236632,0.6836677841391677,0.6876783594762813,0.9504151778651354,0
5.476457448182414,11,8,15.603192628053371,0.9175870479419331,-1.7873962174846254,0.7215824150525804,0
47.4892629608187,21,6,40.67776337455469,1.0126611287001142,-1.503980559821574,0.2278196670975589,0
68.69617198820481,2,6,4.963056703649869,0.13898450854115516,-1.7342797340808196,0.418230102736629,0
29.660502257794597,12,6,13.822475132264202,1.6148571698681955,1.1091282838962613,1.2782274253434944,0
28.218937595618936,9,2,17.09157941362718,-0.6207493837187198,-1.0516628156363796,-1.2654167985191986,0
37.839608625185946,13,1,12.86986879515296,-2.446986316355763,2.1633922367973146,0.8545765249522929,0
48.00743171458344,15,4,9.547524040031922,0.11862074846403547,0.508512340643914,-0.9991898895699217,0
54.27930341338878,16,3,46.00671939524497,0.37841925848826885,0.12440945825765641,-1.0196607673268088,0
183.05844001420044,2,9,54.915345434895954,1.7732406116684378,0.416379469499937,0.7884837321752486,0
128.6684256701425,23,6,5.708851188013103,1.1458021015617652,-0.3216823685164775,-0.557500555915326,0
53.63193242620814,5,4,6.791765259558463,-1.8419714566490104,-0.5353460699581564,-0.17305169287512343,0
39.96384983069315,0,7,12.551478584037909,-0.5489557791513199,-0.28998459183190145,-0.4749428941734716,0
91.18271890793422,2,9,15.544792460845953,1.1090298945301094,0.7816546679606226,0.2617765443861629,0
197.66922113004242,1,2,6.480838561249059,0.06343650986786738,-0.3988441240774622,-2.1609045911836042,0
54.93613719935327,11,7,2.8443954843533,-0.48810821113815306,0.3040457854545152,-2.0194848548939768,0
20.910099295782857,6,1,13.531573985353596,-0.46922705457864516,0.11115027834880589,-0.06156077842914253,0
329.2238462125562,20,6,14.492134027218249,-2.233946497410113,0.1805638741880021,0.2237972517559919,0
96.97786518861905,10,5,9.874648131755713,-0.014773926453555637,1.722413923135265,-1.487903594328581,0
315.97526330685463,3,4,4.216529690595535,-1.6675410666882504,1.073634816248497,-0.7908029663894467,0
19.356822159403997,1,3,3.3245886549660426,0.808106279957503,0.45760118877227984,0.27984278257499395,0
133.09181783968688,6,4,24.868673373546176,0.7925750927467968,0.17567433203936594,-0.02895651168245551,0
24.068216321746103,14,2,5.688637750869573,1.1407454617753499,0.2793919220472091,0.2905320948398148,0
51.621084113766656,22,7,0.45405470102705464,1.552378565808499,-2.6622736168229957,0.5029482311877597,0
47.35049480688709,6,4,7.310257457402144,0.2724524468575951,-0.3222243450878346,1.6845352303967687,0
16.519339636366432,7,6,57.80510174184699,-0.574281877100275,0.11595475048000405,-1.0149197201175268,0
385.89343604251445,18,5,8.09633175446591,0.764985041763972,-0.32088643761445595,-1.3248396344089313,0
231.2356999334426,13,7,0.8371987976534979,2.034487048286592,0.8032321026246783,-2.1275832025550434,0
328.9075455625282,2,27,97.00136748128214,2.330705682732103,-2.24440190623193,3.3571338620982374,1
39.25910960281196,12,3,30.683264499828343,0.26615482051443407,-0.297225875750449,1.129255192125553,0
18.744724740207662,3,7,3.7835863326262116,0.22632253760682547,-0.35376671425737294,1.6458228486433821,0
130.43885568268382,17,8,24.666983155871954,0.09676159683682146,1.164070626326694,1.3264467275456127,0
244.29436750768042,14,1,7.029984560193788,0.9376498261971018,1.5467678976272308,1.48864969528744,0
331.3668301160939,15,7,24.183964695403752,0.27462597537716726,-0.12423424535768846,1.2568723108972806,0
120.41532891471076,23,1,14.360388110923939,0.8558583822423285,-1.0836107219968028,-2.2333609148853655,0
175.2249778562993,16,9,40.85969771400496,-1.2776120180371577,-0.7694401611554975,0.21151845837859923,0
71.8839594986146,17,1,8.399282536243328,0.56105300351862,0.300285816417426,-0.22932803718849654,0
124.31920109568577,1,3,15.716277748517973,-0.653448673850161,-1.4468300677618335,-1.4217369414503513,0
96.03800189257448,9,9,9.993878565614477,0.7169654772313899,1.4762518484950837,0.2936659369395325,0
165.91324091561563,8,7,1.6913337897544376,2.5065498906524692,-0.3514868033751526,1.1407678434534048,0
18.929207298899883,16,3,17.44358008222042,0.4479005340474861,-0.195437966280811,-1.6915239957925068,0
317.64374858799,2,25,548.4127529755469,4.352496354469231,-6.157610026083303,1.1782879197118596,1
33.461824413522564,23,4,27.523839528174,1.2392902137283803,0.5611852419412074,0.29066238390731713,0
38.12605245237657,17,3,11.85591405150552,-0.8524290497425536,0.3091810769823735,1.801797600833343,0
99.6333831118831,13,3,41.443236072150135,-0.30136353962453843,1.4900877548479785,-0.9731121873260894,0
108.4622017302717,15,3,16.92492538664151,-0.9038567193757395,1.4027593394992461,-0.357504827316693,0
43.00349385606911,0,5,78.78158625776643,-1.6758168102577338,0.2266255912591086,1.0254006375082882,0
22.20900668556847,3,9,75.78632507537301,2.2197252216254895,0.5906651931206637,0.8435055018131346,0
33.39263051286381,21,4,23.525231811397035,1.8538816163387772,-0.8852572875607955,1.0718576320510944,0
56.329389557656164,16,8,4.94530857909995,0.8127196611632896,0.33358473119732934,0.5127338231295133,0
6.972322026692588,18,6,9.390614660525676,-1.045684266598691,1.123806421741812,0.5199254558216722,0
41.2948981103094,16,7,21.483791959166858,-0.9866739735899551,-1.074905416732206,-0.2936815276473801,0
78.12699870454463,15,6,27.02463056448955,2.2030064627717048,-2.193930445557453,-0.7428042465476778,0
53.26287264330409,14,1,0.6227865093059868,-0.5779809528042389,0.9447936048766868,0.4142139437368045,0
87.20974873189697,16,1,16.09809085080087,-1.884598317325816,0.5710548343397251,1.5551373808720663,0
72.06895599104006,17,1,17.055490861838038,-0.5002328163743478,0.9111278461829934,-0.23244640629481658,0
103.55723437816945,22,4,12.612758091472928,1.7915300159983034,-0.7613927066557417,-0.9706212125139251,0
146.03549085298587,22,1,0.9185419762258229,-2.048568578183826,-0.21289907894788318,-0.3764424031056946,0
23.717676807398732,4,5,8.445348782232923,0.5916764983573427,0.8033935605370711,0.17990643332971615,0
64.83986392924965,3,6,2.922446104905953,-0.33339617511134834,0.4313883689233175,0.4102342413875031,0
20.0794379093364,6,4,31.22875319667742,-0.007539541786657399,1.5004077301953,0.49795639705276634,0
27.194925346630757,17,1,41.97086375478834,-0.7478184969187219,-0.14948840201419838,1.1616277792268297,0
129.81819115343933,23,1,1.1429155968731226,-0.369321082367381,1.2982888034262872,-1.2372860454088423,0
105.1912956656509,17,7,22.39964806307203,0.4795657239637626,0.7885313910581517,0.623112330700177,0
37.09841199922809,3,27,159.9127150159694,1.0281729174797842,-2.1370800726544315,1.070114507278129,1
21.76388977671962,1,2,34.723905656312105,1.0795179420483583,-1.675694169037181,-1.3831041287282322,0
44.33948635259311,6,3,7.882701395243671,0.857303790656112,-1.1827881692096933,-0.5318921179891546,0
6.198069504904721,16,9,39.20437117707167,0.8909127260703953,0.9631702178602083,0.00143585868061905,0
8.917747924104921,10,5,8.721678973591775,0.18869976233010707,1.707085107829327,-1.1772065893103767,0
275.01240022698744,6,2,16.009988045610203,-0.8868881342778374,-0.32681834293981765,-1.4174575444574913,0
187.60492183851534,6,4,2.764347935752011,1.117922681676716,0.29948045492492054,0.7013228265636376,0
10.798228574482021,7,2,43.046622009760995,1.4248246689247495,0.40790788007396883,-0.7456022121418358,0
59.17430710218136,17,3,7.450580262905875,1.113560070880171,0.12937594713926415,0.7030116098695269,0
89.30315202043755,4,8,12.558885701332603,1.074797528283404,0.6939410163906686,0.09267462644040687,0
56.58936796469057,22,1,12.111118217409238,-1.1778403199569585,0.4243790699816012,1.6845058270384548,0
285.423851063336,3,7,7.027205720128464,0.6216122552548701,-0.14099576452747964,1.0873172760734866,0
228.22788402232996,2,20,27.06764248246376,0.330981855775744,-0.3304751306198266,2.3632286109837657,1
110.47119423344643,20,4,5.9311415522817335,0.91896482846762,1.1952415709469335,-0.19175896314644333,0
139.92574393291002,0,6,15.409356347591835,-0.7051568730531622,-1.8327194181238113,1.6724942946962331,0
21.404678345413476,13,5,19.68148977440609,0.5232995698435362,0.06498391087769051,-0.48390248130794955,0
5.600547710195309,1,1,53.65604365949457,-1.503339993666152,0.670578634814385,-0.2591932145613221,0
47.880932627670454,17,4,7.741878708132762,-1.1754867348818947,-0.8638851445554366,-0.8217838970262304,0
59.582759978568006,9,7,21.103295861513015,-1.1162034490795634,-1.5663976863643303,0.10193965078371141,0
36.650358596538524,22,8,11.416662922477233,0.3732190152476925,0.1514159078711915,-1.2654644001411692,0
63.072597944303396,1,2,99.29034311022943,1.0036579343720606,-1.2237373653956554,-0.3704262545521404,0
70.04430217622948,15,2,15.154482260366764,-1.4757897829360185,-0.5651024102981823,0.6068394756266543,0
23.83014585779805,13,2,7.463129695024886,0.32611322893978895,-1.437146723619142,-1.337311657145513,0
41.3476301423791,18,8,59.65091538829539,-0.6899549957917771,1.5599860884134482,-0.5116314542187935,0
45.04475175637262,9,7,1.0304130345371605,-0.4161407580099634,0.0868200842792952,-0.16281256724610157,0
181.67793001026862,7,3,13.16531708276713,-0.9378359045514608,-0.3559820973274941,0.300293696935819,0
23.320014118129176,10,4,60.636842922271455,-0.4756027518326039,-1.039512342900696,0.6573225876871134,0
36.825005040028095,21,3,22.772477099504,1.1776416181852178,-1.279937126910598,-0.2764146010895311,0
120.09940323637005,19,5,8.28235413372732,-0.07128274014745264,0.02845173597522627,-1.0445845873350526,0
159.21701775158039,7,4,24.20725700717639,-0.9266958584107264,2.161817941137746,-0.8627985790187782,0
46.96525387543224,17,1,9.904767360231988,-0.915865511735582,-1.3769333702893887,-0.45782303719595735,0
18.276823450485015,17,8,7.776058218928004,-0.3503084063566909,-0.3057670161371115,0.06402213407579437,0
63.248509055112045,21,5,9.352781922867408,-0.048357308325206606,0.055861681003247454,-0.038902305682486114,0
48.0844910370228,9,9,28.526242507427053,-0.07842116711196148,-1.1616359589304501,0.46138444108535265,0
6.40602746435062,5,1,29.314863247510488,-1.742234384757494,-0.79669724648973,0.604058006107895,0
5.894727708547283,16,6,10.678004931244399,-0.514113023143628,0.5058186806913838,0.7273123783797811,0
42.35019458668618,6,1,30.600389662864554,0.38705466463016064,-0.506095977530605,0.4384513916696933,0
22.979261879370565,10,8,5.9070906602170234,-0.23072154127321762,0.6117495829319375,-1.4625850973263559,0
141.5510307075389,11,9,5.865395069939,-0.34675898725786564,2.1910259397911522,-0.9547768125071487,0
191.10887608714722,16,1,7.204132803275909,-0.01745433946576137,-0.17029728242145184,-3.1408937914990016,0
30.40204888454296,19,6,1.216465323137074,0.05779883818782356,0.6741312301574081,-1.3161979847859084,0
5.176156120850553,18,5,15.740454842568843,0.7764709121313238,-1.2695004174871574,1.5041890523576396,0
10.624785864367096,10,8,9.099267561085826,-0.09844826603506647,-0.6363066108978217,1.3181092703402375,0
80.9954313603417,15,4,2.7523512986049687,-0.5265474069719648,0.08229033983712261,-0.8348655121473764,0
174.58015299212119,12,6,1.9735202564376313,0.46078240771441603,-1.0691142250955392,-0.7118683279519343,0
50.5883495666341,9,8,71.92849797962208,0.1772159538884059,0.694642118148653,-2.452082825939578,0
163.81628419638088,20,4,55.272536813106214,1.3082524290235604,0.5362207916736111,-1.483652893919837,0
185.77421993416263,8,3,8.180620896294919,-1.243917019818718,-0.56529769646204,0.9413807607480428,0
23.364383753759558,20,4,9.382476409050344,0.42816803438433704,-1.9795607674232485,-0.15418924102621606,0
34.990069968087504,21,9,2.3917060371079133,1.4590397800956165,0.8423390063444206,2.2262218210733864,0
45.936840331290504,16,9,0.2112719388593004,0.6327189063189486,2.8546831023388184,1.7569044135101972,0
25.356038864831426,4,4,30.09268553993904,-0.03586544686783971,-1.6738625242910288,-0.23962776821867776,0
53.43974616723833,9,3,31.89925918252839,-0.06498204514711925,0.942680399243436,-0.4586932788225566,0
48.182588046092405,5,5,20.80350394126254,0.3231778795162052,-0.6516811924907709,-1.6338206416829455,0
15.594685617985816,2,3,1.0688138140716685,-0.18583991710316247,0.15954357303644642,-0.09406471522818036,0
22.885793623154782,6,4,22.037350696006257,-0.1362403942870801,-0.2812616243367175,0.6733560688689866,0
92.52742296254607,9,6,1.5935596008965587,2.182027162680672,-0.7375759525600467,-0.6557450282516678,0
123.86254344599683,6,4,55.87082515187042,0.5332147536440942,-0.7183248872838145,-0.7770989372371854,0
46.41391295183226,13,6,29.502783618997697,-0.7720020403824981,-0.29444828245302873,-0.4757576344090974,0
45.365721344184905,16,5,16.402116075225813,-0.12050293050626147,0.16236938567966158,-0.8430703888108463,0
184.54195421187416,8,5,12.837117618815801,-0.21175575785098677,0.20757875504354328,-0.2319591994434941,0
9.204369437754341,8,4,14.140072546109074,0.2773365168699684,-0.24964044982656203,0.32198416906622074,0
192.6654319640399,3,16,43.335574678922214,3.101009780972573,-5.410986887689788,1.709226298366193,1
18.496202200362866,16,6,9.0531115110938,1.3636304077042072,-1.9772018112543461,-0.5366286976068945,0
73.30736827935307,15,3,52.090584947792,-0.6019945311681372,-0.48620541321176236,1.5727182680993665,0
65.03821960066557,1,1,31.10563483253296,-0.46084267894988395,0.7365070872331161,-0.7552502325745405,0
76.79151809679632,15,9,30.474493222279037,0.028662478824759155,1.8498621973867424,0.8364447111951504,0
30.309407505925982,0,1,1.4032414399669269,-0.2582190534027961,0.4741181974772932,0.560203866453753,0
49.00336616492638,9,9,5.77960003408248,2.494898079593644,-0.24929661302755188,-0.4149336598713261,0
96.92244096740082,18,8,62.93432111501897,0.7814274487254262,0.17131982015783542,0.0876248258057606,0
20.86744248880517,1,6,11.184301026139241,-1.0208174673103139,1.3394250692995608,0.6645778813355439,0
4.766791204998727,10,9,10.338065313871898,-0.7795403767068922,0.5242553569382365,-0.01203609409594795,0
70.97783915022694,11,4,21.75664388898612,-2.429911455075934,-0.22406490279247548,-0.3019714652350312,0
81.94694984757157,5,7,8.96521000339276,1.0920202154355092,-0.4566354965508648,0.8724297828871276,0
3.867743940194554,5,9,1.3606046245026227,0.26570529103092555,-0.05796619493476984,0.7202781412501599,0
98.27179627140146,14,8,5.271517075481911,-1.0808395204039583,0.8523356830742649,0.6479638649450615,0
4.070996316055902,0,4,16.08910858792607,-0.6242980697453806,1.4319245948545987,-0.4608266295117509,0
104.82053362592886,8,4,24.41703982660499,-0.19128025570311172,-0.9779111503899377,-0.7017686825832309,0
235.13404244073612,8,6,6.57321220411259,-2.2774753487674193,-1.1261280316700697,0.1185006427701865,0
28.265905512373635,6,3,0.5280202538018396,-0.16542856575429382,0.6370586775120554,0.19913812436262604,0
14.269558927955758,9,3,1.9158889386072577,-0.7938154439952722,-0.6744684393584103,0.3144253326656232,0
3.5914167120125624,21,8,3.635601313420546,-0.9676894007946114,-1.4102414529483063,-1.548037103720682,0
38.309693254573666,4,9,20.66495955493685,1.0131470540263445,0.8911761598949369,2.364928834989491,0
90.11723080199863,18,2,16.731998186050607,-0.796273028794336,0.3434493659671464,0.2828319675658749,0
0.887404801722709,1,4,72.16588583255702,0.2036291492697208,-1.3937298228634234,-0.19472296079901844,0
14.23632358819497,9,7,44.230452552899244,0.25484092211145876,0.20795826550092925,0.5169546855253825,0
136.62592643242823,21,6,6.117503150682772,0.6757075185084804,1.435142235581311,0.6012713322925762,0
43.41190818378369,10,2,4.077446440875637,-0.002607526534208225,-1.4632805995919371,1.0722244079706433,0
240.51281049855544,7,4,2.484858688157901,-0.6144271363134823,0.3949470748609232,-0.6215400004140418,0
9.133394815349266,13,9,24.443337950337444,1.2306113342417238,0.6631004857975907,-0.9064786275309948,0
502.00260132186156,3,19,51.49221986866803,2.021919670118991,-3.0455669459938384,0.19509681553393055,1
483.5317748834587,9,6,8.44321588534749,0.9271150585058052,-1.1193804419770295,1.5698670302918984,0
218.33771772274164,3,3,44.42932994674976,-0.37132111139101287,0.2550835567942015,0.9464087129749749,0
156.54853545306432,0,3,8.087196914593454,1.8205839068434124,-0.2634120329245813,0.9786275935851274,0
410.2672078551249,0,11,376.06282387451705,4.381086261817659,-2.2237601981383626,0.8452311446394951,1
182.00985801556183,9,8,6.436473800959819,-0.30355215469366825,0.46150023398292295,0.176516307789078,0
56.34001398046269,2,1,0.7886131363026727,-0.27473996863976763,0.6019444278066628,-0.6359527330598937,0
86.15289885730098,4,4,40.41185178492011,1.6042846481236983,-0.8642716719010296,-1.1570057904411666,0
100.74493797184812,14,5,19.335679317607482,1.3391408533380156,0.18120717280528487,0.057700881976499654,0
40.57811874262803,18,6,89.4661419803185,-1.2823115218791679,0.008688129171636963,-1.5308204981593119,0
42.16627495293069,11,8,15.109900154985883,-0.03878768311169304,-1.1338480326378217,1.8445835381860611,0
1444.0104418093492,1,21,124.12300815433287,4.73660863085488,-1.4147855169887933,1.4598382741184377,1
7.164069685112635,22,4,18.249050058564475,-0.0019539988674459508,2.1447796350832506,0.3262287105048433,0
147.04349809524626,12,2,12.250664556645122,0.6172871541468608,-0.10686416480785614,-1.4030219844521699,0
824.5937543367652,2,29,452.993689836267,3.544681360263255,1.181565302086716,7.031860083749566,1
20.49766967782309,22,6,3.148335612817326,0.6056324251047015,0.37322315903107645,-0.89099177665116,0
22.908900793674785,11,8,3.923524143056249,0.6681551198104069,0.09147571197216911,1.3169126053498814,0
187.67556717977283,23,5,11.207150131219478,-1.6740350047575745,-1.6106782122127568,-0.24921800238270447,0
63.29532764315235,11,3,17.438796259632642,2.6233853457949308,-0.10016961691616427,-0.4763864070486806,0
30.94482349339173,6,1,15.865125797304906,0.7193506443302408,0.3534649212690235,0.35886621458077667,0
19.3863004861515,19,1,36.7132877735997,0.2539914223693071,-0.16204782120130004,-0.22226720892478688,0
45.75699973935092,22,2,30.835631267797545,-1.0574191246283817,0.5835207318720798,-1.472089067485092,0
230.97389449927795,4,2,23.161616444903505,0.016689505641256458,0.6916387050378682,-0.7991105428015608,0
5.518176062552432,9,2,12.359143547321176,-0.9464854575990355,0.6969274644194488,0.30662120873555676,0
74.73389030122311,10,8,39.07800086824179,0.9637922543256028,1.5455265422591238,0.6322186464119748,0
102.45196268190361,12,8,0.2878773298410111,0.419423622174608,1.5435132013826274,0.02000231879914617,0
76.36365027835845,6,3,23.409986331572853,0.43059824701689986,0.838392971982411,-0.6352592788861687,0
241.05235251080873,21,3,31.161125896999167,0.033532049571624846,-0.20133588321866477,-0.07025089576106962,0
18.70709470715455,0,9,6.438787249809204,1.2321152619522604,-0.24853547315560065,1.334722220405176,0
17.376954551922662,12,1,34.95830702261567,-0.4702011785812433,0.4529746550455394,-1.9554095187871317,0
12.52246887883758,21,9,17.40897174143527,0.976359768384767,-0.14272120590753745,-0.6590642017393049,0
107.11303027477604,4,4,8.804420132927893,0.3336975478346419,-0.5927686566869014,-1.1169867347878988,0
62.86615714598062,3,8,6.846862509698994,0.7573266821057046,-0.6476838428608372,-0.5397013397853251,0
164.91571464924743,7,8,4.630394115842305,-0.3722155856095955,0.6670624031106949,0.13794236774494226,0
122.0024045547434,9,6,14.995204639906648,-2.122518200586131,0.5227931332873682,-1.209687970205364,0
14.107613958468502,20,2,6.899308759244395,1.9580374127941693,-0.029819913717901558,0.21300990348142854,0
47.58283189347398,12,4,22.159251476504032,-1.0706982827842255,-0.03050945914073204,-0.6667033108635628,0
100.25981281510072,15,2,73.12786476713438,1.4233577948048737,0.19390180371480642,-0.5454829573852582,0
46.05207933095671,9,5,46.5626819419995,1.2782369230719093,0.4433770443175563,-0.8570202514391074,0
37.86362644461428,14,9,59.72410645957913,1.15315087644801,0.002132733797947263,-0.2759942344806147,0
41.47199030190634,9,1,19.689482789700502,0.4689520021160221,1.486561926816944,-0.5082984960016936,0
88.10124025642962,13,2,45.876888218028625,0.9557523309102071,-0.3909011868845788,0.10708115960818254,0
14.956900158193314,0,4,9.177997120879615,0.607051751075836,0.16219156646087737,0.27231819857329165,0
196.55108221548457,7,5,1.1386464043832842,-0.23502950358041585,0.3407398437940443,-0.31128129712281166,0
19.95588235625408,0,8,2.4260348875944877,-0.1715234530786134,-0.3382690064671632,0.7920415042877523,0
139.46013510489848,10,9,81.01705046510035,1.2175361357889367,1.1554628261860573,1.0597780571069926,0
24.06179387810276,9,1,82.87865616807298,-0.5714133098670565,-0.40796171906930445,-1.6714205066734615,0
25.268117234890983,7,1,1.9394954994589486,-1.0743745428146823,-1.0406724728699026,-0.07957006809963585,0
54.55381363462916,1,27,162.7814887267182,0.6306729264447917,-1.926328382264251,0.38430376965217117,1
90.20479556086043,9,7,24.037563778702733,-0.7809488417325582,1.5383801641789558,-1.3559270830949501,0
7.66727644846688,20,3,33.71066723022044,-0.17806425011790378,-0.3905714050380591,-0.9672408167363209,0
34.87628276933867,4,6,8.265966466449349,-0.03554891745671637,0.1070505298533285,-2.269722478808547,0
0.7391684488795527,11,3,3.2973174269485996,2.70479739071588,1.9212330965910298,-0.15222982048862027,0
17.77305005648568,2,5,46.36780386883327,-0.9446307378795032,-0.3155673607236687,-0.6398787546476721,0
38.604812528786155,3,3,43.09808248972507,1.0673085671082194,-0.5378545040698415,0.8687027451754573,0
38.37087271445386,17,8,6.890870034932927,-1.1941166900196596,1.0603852656451795,-0.4629924346792018,0
297.8845606959994,9,1,10.441914670013936,-0.8350077371559078,-2.446377079991236,-2.244565081571992,0
107.41793491992483,23,1,3.2195522973788897,-0.573979793443263,-0.33915733344991433,0.6657399671493287,0
9.387503970140681,1,1,14.290266374352958,-1.3265094937344741,2.1919873810035284,0.039496647959540825,0
331.2317629473047,19,8,4.673607464618286,-0.2638405400576265,1.478094818837572,0.3379063484987249,0
259.6798617817941,19,7,2.582320852839585,0.5951040767533522,1.2226392519289684,0.273916525691986,0
13.645293542712086,11,9,14.82038551945066,0.9900599338124456,1.2035029447170122,-0.6746744546834699,0
192.3046184627471,11,7,0.5906659485892155,0.6579699230702358,-0.6401474477271699,-0.4897145828286688,0
94.18522293238502,18,8,14.763870772407513,1.703652182925419,0.9339737086623625,-0.5775235808563585,0
40.145612309686214,7,9,0.19864903332435496,0.6372816023521565,1.743767676241614,-0.7239840490903464,0
160.49952495745237,19,3,7.045478792061227,-2.5338712002048056,-1.655066114509862,2.3860961513676977,0
71.31179005319557,1,9,58.21067682718804,1.4251492924754496,0.7721623679136922,0.5202703507528208,0
5.545743648290778,13,6,17.674177633492988,-0.6498471343425514,-0.17453359107316319,2.0171037605068918,0
62.31624673282634,8,9,25.898438968766904,-0.713842037251493,0.0016228648812641757,-0.5470756036614064,0
135.89304272289436,7,3,34.69886901931372,0.4488166414005254,-2.00233592044532,0.5270986425595382,0
33.37059471961374,0,4,1.4920886218432141,-0.31258686613162195,0.19766922351605923,0.5160400578319653,0
39.77255085285449,12,8,1.7633116908781399,0.8924318301643486,0.7514229499066448,-0.2863215374342692,0
54.23317963271273,11,9,10.035309431651502,0.33565757487784836,-0.4764408181769056,-1.5243987799903318,0
25.697070643752134,6,2,80.79150744525359,0.26142261190077065,-0.3069371295695631,1.0604206938538174,0
51.917592407834235,10,7,27.94077743308085,-1.2965981774093596,-0.7483153173555144,0.6204432750596487,0
96.84405188092136,3,5,43.73327253563352,0.3894424479067332,-0.7332044445926046,1.3619599103495323,0
21.632789285769345,16,4,24.724966235023228,-1.5531539996829093,0.1526775573997071,0.25584586869938425,0
112.37927216291078,20,7,16.87142533481665,0.6819392136448924,-1.1819273961654921,-0.7512239351152973,0
77.0324543798428,4,8,23.302119950844308,-0.35450648802498275,0.8142326145738055,-0.679112948876438,0
71.49060241169403,1,3,23.79083259832065,-0.004068313398682333,1.089159144601772,1.2625341384985065,0
148.9141818639263,0,3,46.62525009121515,1.197561566854279,-0.7955838667230621,1.0620687411023046,0
231.69373462995486,3,3,46.34678324815801,1.1579319996017197,-1.0154032973835723,-1.3200533873601876,0
13.194553418930386,21,5,34.56917329792443,0.6360716645231381,-0.329069393654195,0.3921267381752328,0
60.34235281551568,3,8,1.879795969502665,-2.083940814931762,-0.15664037488899707,-0.5658507788323738,0
20.616683464542792,17,4,2.798725375292551,-0.8651243603243918,0.70302326770738,0.7874742003826457,0
40.22268351509518,22,8,60.174577179940385,-0.06436564950264752,0.7838001016942563,-0.9154937427327631,0
15.625615809915669,19,9,36.03065289807854,1.6555134600525057,1.057057168290192,1.2226965215115309,0
132.589960580777,9,4,21.565215081456298,2.5769197510413147,-0.9747057821927888,1.337128461437189,0
134.54790213413725,5,6,5.710929987813131,1.2568636594468583,-0.14753071653672908,0.1800186742390526,0
68.52092644897455,6,1,52.2042554527645,0.77970857598932,1.0136810563328202,-0.7036071394893302,0
34.20966892448449,7,4,28.43002572235214,0.5240339314778719,1.0072035785432367,0.9781563646485314,0
15.991600329309259,5,8,7.195788102915488,0.8841996169144264,0.1552600137527485,1.226882773908136,0
14.064668680005028,14,5,30.553266350002755,0.09006820375243343,-1.725281089153335,1.9701695437072766,0
30.719793931451775,9,4,15.400879256071928,-0.6060610349286599,-0.6402354756160041,-1.0838348587152593,0
85.74506305358099,11,4,2.0312786518546257,-0.5835008381647494,0.02693778763231972,0.45318821613321647,0
110.0983152311874,19,7,12.909148993607314,-0.15774660802541507,-0.5487812225966744,0.08811234740321029,0
33.468487199128894,19,8,10.392940706270522,-1.0843518027741972,-0.6025601774470817,0.7274332781190299,0
45.299487971302845,8,9,7.855602529311776,-0.12206953248426315,1.54580791606649,-1.658732266766015,0
112.91703233143284,5,6,13.266776911305513,-0.311420081505743,0.3898126124842765,-1.1538122445238972,0
13.317564010280055,17,4,1.6897072446495263,0.07285782015195073,-0.24515418412272694,0.14895273142939228,0
69.73152118001306,0,2,35.39031076485516,-0.7649450753355955,1.0256915408079332,1.2372138703646356,0
83.80547091255772,2,9,10.215181632348504,0.4761618799059252,-2.026813088975795,1.023512404302722,0
22.572848042376755,13,3,8.37789097375816,0.12571954344125347,-0.3861965958794229,-0.11924576710261853,0
152.94160890467873,22,4,2.5553080186154635,0.39748217589568424,0.513905929537262,-0.43038171686946153,0
145.85596585266313,14,4,4.599190794913334,0.30183599049436005,-0.2776320514085376,0.09827542495218733,0
162.0825297754813,2,1,34.544618928698284,0.18322065530327244,0.6816308262423645,-0.22604287685978783,0
174.49060555172906,15,9,9.72316011124301,1.3319436651067376,-0.817273213610452,0.8606244271081258,0
100.12782890156268,20,4,15.83138752773585,-1.3554164456914757,-0.5962330998789732,-1.1797450485620482,0
56.29659918054035,7,1,45.30536194588284,1.4154732431894113,-0.1730715498775571,-0.8706929553810522,0
3.2150950824683333,22,8,27.71600603158493,-0.1357994307138207,-2.1763661532619287,0.7207655149873402,0
96.4810564675917,21,3,14.762951605723828,1.05510502694132,-0.4539137829191613,0.9288961465977631,0
22.865891723722505,9,3,8.818708883450434,-0.8263904483334039,-0.11648985205590957,-0.5723811221737549,0
125.94667545739793,13,9,27.852721771279203,-0.20882414499352817,0.7897482029384721,-0.9482821549750821,0
10.94504926773312,20,2,3.4957817815746646,-1.030286402586011,-0.20605857806252822,0.1299025796103535,0
453.00300028843566,17,6,25.247230387448024,-1.0083106167918325,0.09154607399540327,-1.3431737691407963,0
7.274567561396468,11,7,9.278593816945989,0.8233839290908783,-1.2237728137114017,0.8041438950753599,0
23.511106743472112,4,3,1.8372529903289994,-0.09602969659766564,-0.08628315189661873,-0.3032072962828559,0
136.22704851086905,2,5,24.85803197108708,2.0274233851559957,-0.7100170331008595,0.7932029679890094,0
42.31764821759883,6,6,24.696226757922215,-1.2080546267985692,0.8776329922320183,1.0948472251387968,0
24.892655733565277,5,9,31.297795916591724,1.0246964041062316,-1.8785279936070949,0.2565334875448492,0
33.9568460939152,13,7,5.112146791438549,1.6085945138068396,-0.03888163560682953,0.8783856269353276,0
40.13292321268626,13,8,75.11382468327248,-0.9339178025553779,-2.289355121537986,0.8804759571824283,0
144.62141136920502,15,2,1.7411925717717336,-0.7797736290229913,0.9814295531185689,1.7430509349237138,0
106.21965367897671,20,7,20.24802540161503,0.6424954589795935,0.17546386401781333,-0.3987990060286283,0
515.936754251953,23,20,342.7626580313627,2.53857821171646,-0.804025866816291,3.0893152321429715,1
132.07096643876557,4,1,41.17916354811814,-0.016080112660385126,-1.7469911689980238,0.47441563300022177,0
6.914262053747487,22,4,45.23728904182156,-0.07322632487386727,0.24721952226060873,-1.0561554063147625,0
20.952482418031572,4,5,6.82117609602032,0.344741592375737,0.15185141798294835,1.3322226217516155,0
131.46648941852757,8,8,17.48722247705582,0.9116114630027728,0.00740203876501235,-1.8821010410785117,0
252.89627418362682,4,9,12.45294420562061,0.8722960533705852,-0.857441383399875,-0.4206911385002192,0
116.37101247279833,4,9,28.16766779362697,-1.2695243950847461,-0.1768288974329486,-0.08523953001885723,0
287.9391017376417,1,27,21.997319140897588,0.856530547265983,-5.094105843445314,3.582691724554737,1
78.39460043904305,17,3,79.21565062158874,-1.2249306376523077,-0.9945083506839497,1.06124112528671,0
35.00910456993492,22,3,21.38379038017215,-0.7102471846665601,-0.5426565691806071,-0.505238421899829,0
0.9785015527176999,14,6,1.0238432723634832,0.636395166671675,0.2247659271403471,-0.338584063260846,0
122.50126434864487,10,9,6.49585651977878,-1.2583140349801385,-2.3454455956577314,1.6139453557079493,0
67.91355384758451,11,5,27.172441764202226,-0.895333575176702,-0.6368435639341121,-2.4198865454440255,0
16.662832050676005,13,8,2.606993959413051,-0.7226805379144481,0.526559217917296,0.41351054799573295,0
39.74404795647452,11,6,9.245895757602955,0.48209615296038727,-1.3431761658739385,-0.8416822184099895,0
94.99072915113487,1,6,19.116378221695566,2.595096453412326,-1.1710978188487304,-1.3923425802647587,0
69.91876142241141,16,7,35.3447457123974,-0.27461397802995385,-1.6518792662636363,0.9661271003374594,0
2073.4722110857824,1,11,86.70254481877026,1.0816240758081734,-4.3088479004798135,-0.3521778848211885,1
186.19075491041966,0,20,401.3325025760755,2.61112374552871,-4.435045664820236,3.2699410418015282,1
32.27395590193843,10,6,13.569494147775526,1.0849380426391653,-0.3918221523807928,-0.5197633512439144,0
27.668195851690847,12,8,52.85488601401285,1.5169432051679046,-1.12707793754615,0.3756001791832569,0
1.6933934761292102,18,7,19.81124449654847,-0.09674817357507606,-1.6997949327568571,0.4822093867882649,0
9.876433879829225,11,9,11.985696833108355,-1.3564525673180317,0.002105251373172561,0.5600378928561813,0
1.9194643719046922,9,6,7.450361818551984,2.2518899535803305,0.49939513361718857,-2.0068926450517535,0
15.781656441906824,19,8,29.700811440959654,-0.10986940392877398,-0.35065938687727394,1.2128949083467215,0
99.096955464965,8,1,22.768069621169648,0.7319148820194104,0.5358310171616424,-0.4946859343001644,0
17.944907499380637,3,6,13.415435554059274,-0.7369592568116995,-1.421764836391158,0.5705474441176215,0
235.42589895977687,11,1,34.467858682997125,0.6887360064345867,-0.4042359275763098,-0.15011450143987504,0
68.80367970551036,11,5,0.6971002655147195,-1.0678270722779155,-1.1659415845276415,2.397565743233185,0
334.2341276013556,8,5,12.140586754201227,-2.286848210523642,-0.14457836594464157,0.549736187386942,0
69.41696809552826,9,4,10.531416188012102,0.3699573851862049,0.3294971789431741,0.213077546847389,0
25.25850925541328,14,9,53.85506085377394,0.01115969073208827,0.6749225344428738,0.4613957878970214,0
0.8023118691638433,15,4,91.65724864969077,-1.5258412842082374,-0.1886936372530633,1.3532208080260224,0
38.84006514173678,22,4,20.375090249923815,-0.4270231939559154,-1.4419430214801818,-0.7438106586337472,0
135.19174219889007,8,8,1.1830120509786974,0.9207988527559517,0.5052347145060868,-0.22043766055411942,0
0.9755864199022096,4,3,35.721755560297495,1.0985582127853524,-0.5217986847464028,-0.11373480423751701,0
56.61780030170761,15,7,15.420793493904409,0.8294990484533449,1.111228914672497,-0.21031045630391268,0
76.07842192622391,22,2,3.0630659863013454,-0.6740208228231163,-1.1381981804567798,1.0838148699727868,0
58.80822494309378,4,4,13.859519419017335,-0.5044689196514823,-0.9441762097456601,-0.04127624994718937,0
16.31229159112896,13,1,70.49596909157798,0.6511270606822913,1.2883973567655833,-0.9010914410870281,0
29.986883303355647,19,8,39.52430017068017,-0.06954022548801134,1.2180018436910287,-1.3338032174320433,0
4.336666939605238,17,2,2.3280241354784508,0.12294303138723488,-0.5859052014023209,-0.3409469628291227,0
154.86669950686152,6,6,10.688745681695552,0.4160815193483018,0.45715925377597644,1.217944484029838,0
34.03597831454563,22,2,13.577986338924566,-1.1978791783970268,0.6568384839578181,-2.6610227400233164,0
28.80109798631573,3,7,1.3912270487479197,0.5228896384475755,-0.558271472405172,0.47264031659511335,0
49.8446879043279,11,5,8.111216086827062,-0.39238804147479994,-1.7713318380573875,2.5711053063709954,0
130.8175199590558,11,1,4.66590201017939,-0.14028146638495378,0.9050249397871541,-1.1973398528005825,0
219.83137439028383,15,3,32.49299884781853,0.020929202389193415,-0.9573983109138376,-0.6977101468925228,0
6.426339183889515,22,5,1.3798335285209529,-1.2013919388265564,-0.3395138597016066,-0.4864123649469951,0
14.020674778365054,20,1,56.207701783112675,0.8469606592638066,-1.0321374862696535,-2.0101277317812185,0
22.65894307656375,19,5,10.99213858297742,-0.9322430724928223,0.8354381926432753,0.1093578712018969,0
29.251906646958822,2,3,2.516665998976318,0.06264864947787163,-0.7974858717312995,0.3236506616307848,0
1.0653674461099558,5,4,41.182170518567325,-0.7222032811214254,-0.7913565753494521,0.774391264270294,0
42.160315848939696,4,5,19.261820655234636,0.3026841857908549,1.223709993212651,0.020659086357400967,0
31.637924752767145,14,5,3.832613439287642,0.2319972259039866,-2.1836299021918713,-1.5919866212639304,0
131.2748146581314,11,3,16.417743063306354,-0.020094396678936026,-0.7580522808837997,-1.283443065693987,0
11.617442586285087,20,2,35.08047897241699,0.4759515427359308,-0.9581443542621856,-0.6823729297296782,0
69.26957408785832,14,8,44.202395655957844,-2.547392336707459,0.4335040799763328,0.03210155051539447,0
43.75050479588782,6,5,18.713424601512102,-0.1830316598419254,0.24335654805771476,-0.10149941044647998,0
13.101142655572069,2,6,22.40149721715516,-0.7520953204534947,-1.6881995281787003,0.6341670422732915,0
168.18739210123903,3,5,3.002589162684244,-0.5390307447194937,1.178803712927434,1.613633212575429,0
42.37234448731062,4,5,25.933372487422304,1.0576353199916007,0.1356032283885074,1.552014556499292,0
233.67293674117485,1,4,10.846566936352644,-0.8628703095459447,1.4195534596478856,-0.5067860304644594,0
150.2171998899753,17,2,11.633361444957554,-1.0093705181793275,1.0028728318496332,-0.11019354114247872,0
30.706368563212717,15,6,34.05556641151099,-0.6217116559114297,2.190061259041962,0.4433991785079231,0
18.924871916001965,2,6,39.44694838361451,1.0745075698030366,1.3233640593707405,0.5922331986006399,0
2.1495258133915542,19,3,26.201135792611723,0.6045758543227125,0.5186848952994021,0.25714622548884,0
32.651758600744685,6,5,5.2354703399988125,-0.8523975715259022,1.8295398967904533,-0.7807327092691068,0
253.48146746521778,15,9,8.610705873736926,0.34046125697959334,1.5787224073031862,1.9943362928848605,0
74.43885833061886,6,1,70.38869079325872,-0.2417141208058964,0.9931757358184188,-1.7266850455403606,0
18.037044354928828,8,7,9.50084885039894,0.18004594923577422,-0.9714998434720468,0.09462484562699063,0
26.1296964884113,5,1,31.74817457184787,-0.8043702648099079,-0.08344687569022105,-1.1031181639074124,0
299.64633187934027,1,24,140.68887193613108,2.987761990824503,-2.067205594522411,4.4735006483142525,1
29.9393807184042,12,7,8.19839655116504,0.586768572761065,-0.38361496940356116,-0.984048762682328,0
18.60915432664638,14,7,26.659244146937798,1.0289409575280921,0.9135818581457948,-1.3055774832833558,0
10.699499929307073,12,8,9.615251780831157,1.555058613126157,1.2119007738552743,1.715975432315524,0
80.93041490590062,16,8,1.7428193238162635,0.1721173467308294,0.35561094952354266,-0.19194471511279715,0
1.1598463776643422,11,3,26.49646502787,0.8536214191805412,1.599378530031584,-1.164311669235852,0
33.85983258132182,3,5,15.010196403903295,-0.19351770918837627,-0.3240031890937608,1.1898491856992148,0
120.06436350720229,14,2,0.6994536592201999,1.0864916776796774,0.7806911214579355,-1.8652930667376093,0
22.653104680074666,6,4,67.8586720575505,0.9091831241939782,-0.7769268657414394,0.28858718930952365,0
14.013019520364761,11,3,1.7748831263880984,0.43850386948184117,-0.1554658986134471,-0.4004723542259131,0
112.90053268339653,11,6,10.872038724386165,-0.8823266114366619,-0.7978013644885834,0.7461602993227707,0
7.675672237681099,5,9,58.44871673327367,0.43863614589430344,-1.3274862704710684,0.6061209169076671,0
83.03392648609822,7,7,62.14946021518044,0.2610202224313666,-0.7228096371934584,-0.22230461277147992,0
12.4461557449086,1,8,78.62956947714389,0.5832592609665296,-0.31401042114035466,-0.037143563889450636,0
44.63356490578899,12,9,26.885025824059753,0.7562525293212908,1.0249838867982148,-0.2180617585463517,0
5.72362492234976,8,7,54.875163105975474,0.30652404332119465,0.5579250838746437,-0.9920897776336228,0
152.53320906626243,15,6,15.00891304350513,-0.4390456783031338,-0.2035614268732913,-0.039692051949785374,0
235.3731630370595,4,3,13.542186337808149,1.8296079171122799,1.542219423146413,-1.0389823526753887,0
58.95884576070542,23,8,7.0999793220239,1.4757999475823749,0.5077052087773923,-0.5298851200923198,0
44.1626500243979,8,8,6.890930618004666,2.0298134647166695,0.5562955736996468,-0.10862596922721364,0
73.62627382030597,10,1,49.82061168690648,-0.38109590826264966,-0.6089150579477841,0.736174416254025,0
6.041266364688869,11,6,7.418439838361087,0.3678905016262423,0.5726800594006936,0.3941218604748493,0
203.059046056963,16,9,14.386935761381963,-0.35020854762294573,-1.058495809595524,2.156619626701526,0
16.054319099973068,6,3,23.458435531501113,1.1406152191983154,-0.27991051839954706,1.1679311944436566,0
125.84647798916666,21,1,11.198969635060118,0.5119751703567301,0.02845617578148871,-0.2335459141179703,0
0.8845383705357757,3,9,21.990425806591702,-1.4426385054220043,1.027375261178408,-0.6238620487009537,0
272.0673612897645,5,7,0.9771493579305695,2.5162544188267475,-0.31522493113154487,2.4028436566446034,0
56.702758782096495,10,7,2.944526968378966,1.3695101424082816,1.8100117295495786,-0.1331631159887012,0
39.30405537791258,9,8,6.4764750985092086,1.8010091096200445,1.1272443424924565,1.4112675160967503,0
144.84710306064312,8,4,17.830869961832903,-0.39171274911693243,0.3065823167243937,-1.3951663108056596,0
32.39744809790774,15,1,11.688395823578874,-0.3937968561614915,-0.7207833974621772,0.15113738166363597,0
27.793300562931794,22,9,10.187590144602163,0.10203141675331832,0.28514903323826535,-0.3751245122076338,0
11.562882190018593,5,6,14.961573977884665,0.8326201890208867,0.8253692885319996,-0.43208771421257447,0
115.6634169391041,23,4,11.730222626930448,0.8269884095111322,0.9288822014772845,0.6282710994816666,0
10.666130364161909,0,5,1.5309535828407972,-0.08394035019526828,-0.4020654125580926,-1.6770259023574141,0
81.23898753267105,16,5,22.398678209673907,-0.6437688660368867,-0.2352063884535507,-0.17759014346506302,0
41.22736071635937,2,9,2.0342436224847655,2.483252951945425,1.433102775143964,-1.6562372284140847,0
151.87949333656297,1,15,437.0961926995419,2.2054031769135944,-4.292472614198182,0.5456919316460374,1
55.873884917410344,15,2,61.73737544882129,1.819285400934305,-0.5193433735857252,0.3537135400956126,0
48.6540209567696,4,2,11.079346270823576,1.703621837015207,-0.3166933337242733,0.048699572931871056,0
59.45261236740775,11,9,4.135005827311185,1.8625299518752712,0.3140910312005339,-0.10496279845546626,0
140.60622008724266,2,2,14.714130603474198,-0.05635976376778086,0.4092494527202589,-0.19811823610930832,0
2.2597976366977863,18,6,1.2982529584525448,-1.4000619711077744,1.289612614339787,-0.1737445053371229,0
65.29277088511319,21,3,14.437952716392426,-1.2407048977752262,0.41790726787560556,1.4345964610897932,0
17.315666168809752,16,6,24.28979449457009,-0.3733556972208234,0.4753590082327084,-0.69312469233146,0
96.78271218843038,20,1,10.75332645494019,-1.983265590106742,0.48866336582097025,1.0297014039194345,0
193.4640873599302,6,7,17.077054602280707,-1.4178591912032477,-0.0631549973076644,0.1870247133429629,0
4.787809827496487,3,2,40.416051080702644,0.020857893815323617,1.7463568541143693,-0.26573908905086835,0
160.3738968483404,15,2,4.879485506130702,-0.8614551576732709,0.22126227434750842,0.5192397535871901,0
122.93105515176066,4,5,25.50725115289062,-0.5273258780273912,0.8751603667989681,-0.5639284122640523,0
45.29787780027293,5,3,18.7969296539631,1.1331155083576983,1.5828169158208298,0.32200962980915593,0
61.59783874326696,8,1,67.77769423695426,0.32199913093382726,-1.3428825554154062,1.0674496045090125,0
18.099925492149772,9,5,22.693202484396377,1.9921752285712453,-1.1349341006955547,-0.9089718457811196,0
3.1773098662131782,8,5,28.59639509549357,1.0423377349026393,1.7807148677893265,0.681308125809976,0
56.80077200547248,1,5,0.5616095772350846,-0.3828601115204734,1.169348728716164,0.4337382166859885,0
103.38690949522353,6,6,34.435839844018524,-0.25315717535009635,1.0641606537063042,-0.08962744296268704,0
8.528696979630835,21,5,64.23784987037101,0.4130473550179597,-0.5007892997969016,-0.5832754038785423,0
68.86846056739259,11,2,13.253852529396365,0.03278817041999191,2.0799762567951534,-0.7432934496730704,0
46.749953592318015,12,7,32.00977491705142,1.4500836507245265,-0.4290137116911507,1.3800098435881811,0
201.5906854637688,21,6,44.579300919655125,-1.1897144758842757,-0.7781627346831779,0.953310673290248,0
18.229019449073046,6,1,59.087837380761734,-0.5466373028172856,0.7088659177944151,0.5377347482807385,0
63.67796858959117,20,5,2.183937673277156,-0.7234942097249266,-1.5891376049677413,0.10689806540393236,0
28.653636685571104,13,3,4.0675504712670305,0.4350427349344682,0.030347524716023647,-0.44046658166539726,0
8.652795683087525,10,1,11.981013670567524,-1.4149067580901682,0.446056944175867,-0.992595069404917,0
104.26540624653484,2,9,31.859842384936577,1.6521185324905072,-0.1706217535414374,-0.43115214236258725,0
108.35151530244993,0,2,22.11340422999544,1.4324564876142998,-0.5301876924740055,0.6829276630891906,0
172.18567760208003,0,4,53.225399220293276,-1.6239890907502725,-1.013877769388759,-0.34065649328445247,0
231.47459099042183,13,2,10.604288194889563,0.001159563769695821,-1.0567724678080197,-0.4144643921898409,0
12.275348898686795,19,9,77.6451391206925,0.5779987437344671,0.3937057466979948,-0.6290011023020826,0
17.481769957243706,22,2,12.63377772555,-0.23357804502210652,-0.5073725498769882,0.5599569758848537,0
51.63946121177591,22,4,3.723738448578691,-1.1208129968827611,0.785340702417733,0.12871179935109409,0
89.21240082378347,6,8,9.641580264277332,1.0660624993357755,0.19668752856991642,0.6059228057840813,0
97.31056645281903,22,3,24.976911841881044,0.6211013877422087,1.9152827724679944,-0.3963389224959678,0
248.684645041784,11,2,35.32623431862676,-1.8047580962331466,1.4226708322521013,-0.4214483237681777,0
202.93548371031423,17,7,16.584680624821896,0.8572554326435291,1.065694145203539,0.44800676647526283,0
31.739938418558612,3,1,3.2554355931613177,0.2901817179086788,-0.8470913093687211,0.709487873671332,0
130.77594480927942,22,2,45.74320030013453,2.0711748834759365,-0.4939722097333855,0.7623285507415548,0
33.00937902162775,10,9,83.28799163245378,0.6588637955885769,-1.927310398800596,0.0018145291347922109,0
35.03354652752932,5,2,9.845464184475384,0.3025594074423689,0.5795205413682821,0.1497544647319883,0
161.04628499410794,0,2,8.560319021578275,-0.3636693508062154,-0.812112490322867,0.2112278995525605,0
23.494008293334158,16,8,14.316313337885687,-0.5160645184141684,-0.3233260018399105,-2.1334781199218873,0
32.1998274321256,14,3,19.357446199184803,0.30741986082470407,-0.6983794475776781,2.0580376679220223,0
121.97413554554363,0,13,117.51575938651943,0.26112877675714286,-4.9891900035461,3.201892319053724,1
35.201130345848995,5,6,53.42771360699511,1.353408512261953,0.7992945658019306,1.0113502617531425,0
42.450373740547526,0,6,1.2703573110858284,1.701231644378687,-0.9461928026595009,0.7614691075537778,0
251.35284100352916,9,7,19.90040484942248,0.502445494503549,-1.842382028466416,0.656353249994839,0
190.18040737560725,6,1,4.794713915593727,-1.3260632462335196,1.505603713679126,1.0755195895643177,0
37.02280880194958,3,4,5.8972390984846665,-1.3957355060688097,-0.09424621011312337,1.396201814703551,0
69.09338003743844,8,2,48.263993558485694,0.7238889171494339,-0.2425731502991529,0.028306484473120463,0
87.02499147684698,17,4,13.276045294417987,1.561521305446578,-1.1371319509454654,-0.9897190129539104,0
27.283086512958008,3,2,1.6094613065128849,-0.4031538623979297,-2.731841148232237,0.1947604810800561,0
62.173890535343624,2,2,0.0035106252526806918,-0.3052609943515658,-0.02366254592221098,1.2246348825710507,0
42.56691545202698,14,5,36.80144598728053,2.011599300525712,-0.09082671021090924,2.551928957589505,0
60.721041392168054,6,2,3.605193536799361,-0.41265492080542765,0.8764343501557457,0.8903091620255893,0
35.42984114822082,19,2,28.809642109914954,-0.5439330475504653,-1.1101981239674472,-1.3333568609301518,0
126.40011165442135,19,3,24.306114639577054,-1.047721650336669,0.3581289195571451,-0.09400402436845126,0
349.1420374576134,23,5,50.04789488225205,-1.0379804057375897,0.23318195098095926,-0.4109754055648936,0
328.6781070296961,7,6,5.252324035836916,-1.7079270284792893,0.8911286396826498,-0.5315730767577533,0
5.38111447034434,9,3,9.418925436190937,-1.4123031442468132,-1.9015681153490314,-0.13416802245586054,0
70.12191737175543,0,4,0.6354153182017173,1.6865499974459892,-0.19081857375244712,0.8936713589935024,0
170.20370544417227,10,1,26.78144818776461,-0.5917932767109523,-1.0335359854030057,1.3301445053825853,0
21.13940247976522,22,6,22.342042422554165,2.0669080071054458,0.38645587974014606,0.5262485386830472,0
49.814209201355794,20,4,14.720448235090595,0.9724980242383855,0.8402097807132324,-0.12071936094437562,0
83.67527767856575,1,1,1.9663371103850014,0.174288614111836,-1.3888869059112539,0.16131807394095643,0
16.917935616897086,13,8,16.147473420927145,1.4236343562991731,1.0170096473814527,-0.4546178123815985,0
130.35431567963835,21,8,16.69640731845163,0.5623221296376439,-0.20121239564378185,0.47399797673536503,0
33.93465550346107,23,9,10.028866946995944,-1.5213476472910896,-0.8996287284355095,0.49493523673947365,0
171.58828361214515,23,6,15.107890079998928,-0.28402581052113784,-1.2911995331710342,-1.0004129501884442,0
216.15534670137404,12,9,22.24526818291515,0.3734189047945258,-0.35006143902994685,-1.1022596806640974,0
79.78675085891865,5,2,2.0107455363131423,-2.582956520676608,0.09042197884602851,-1.7290261740108024,0
51.102863463637114,0,1,4.329169743575668,2.0723011214267526,-1.2325797443783053,-0.8707744094837409,0
71.65969045276103,0,6,41.69513266123933,0.9577716312789476,1.2025089970562104,-0.6536262569246009,0
73.66542387663876,14,8,3.7541201331289322,0.13086752499528417,0.10900072316230648,1.579655763753859,0
188.6325837569963,18,3,10.103702074048499,-0.04131410291772493,-0.5194885149560845,0.7422939189433924,0
90.5481387413879,2,8,3.5293351458469555,-2.2535626587625743,0.20968625938938534,-0.8779640355618105,0
246.4179029153367,22,1,2.3415516424304577,0.7697013143291401,-1.4747530064510297,-0.2560350547322347,0
112.18151132897356,15,1,8.652848829122892,-0.7278994386541173,0.5926524254057343,0.392826460859377,0
214.77058748689728,20,2,32.97002883604478,0.5498823703916162,0.1621260931494962,0.285817634348835,0
26.39201427644093,0,9,28.179908373046246,-0.7205962111994301,1.7537635840206987,-0.2503708757015109,0
6.823634430106741,21,4,6.463046493160718,1.4957400275269388,0.4838606002008431,2.110107920502215,0
60.919026996430496,18,7,47.435089311476375,-0.4065598871811916,1.4945181479168874,-0.8217649442768156,0
15.303430516401752,22,4,42.61523263497991,-0.07949242236958863,0.5866644094253985,1.508887245015856,0
210.68972032929875,10,7,18.538994962613746,0.4372854895748453,-0.10515324729533243,0.021185634858676975,0
11.037112592300451,20,4,61.53670521819599,0.07610554095998148,-1.0898296309822826,2.9786461869457517,0
104.81238673703133,16,4,11.964254739989928,-1.2790165086116014,0.4248662744437865,-0.19864321536778384,0
19.305261940677813,20,2,46.93290733238165,-0.3087620777110572,0.46796185766042064,0.6992603841274775,0
140.61325113828062,0,1,3.8366648847570506,0.01804887124555878,0.8012135155127206,-0.024590198315291197,0
169.67382531917934,9,2,2.196682408563536,1.061705192888064,-1.3428420924509483,-0.8020080052795255,0
65.79855144805472,21,7,12.258896184086662,-0.02703217600793632,-0.48559753087221075,-0.7011694801021621,0
82.11845285368896,3,2,42.45495194829807,1.46361039349854,-0.5630033883796927,0.1676148845888473,0
34.53498092120554,4,6,42.9778024052566,-0.9526160494151312,-0.054909129956265255,1.077679720501177,0
61.779162793392544,12,9,6.937657409845511,-0.6135656119478741,0.6473972485889345,-0.05825824163783696,0
10.267347333129152,0,4,16.862204348921075,0.9798468531290113,-0.09553719484017678,0.30567714572898175,0
97.82142978955689,5,3,10.297701231172187,0.603573098208496,-0.20352421587153044,0.6514235178403461,0
107.29014286821268,9,4,4.489843901356933,0.5169151546024623,0.20586543358830628,-1.4900139800027068,0
80.12869339242621,18,9,46.74358062966745,0.42128902179860234,-1.151307777750659,-0.0009531339132614878,0
85.48047125984397,19,7,12.552475939590849,-0.5137287729688174,-0.0062405427722880815,-0.5593276521121793,0
1559.8428328726027,3,14,66.51175796041223,2.300641790427215,-5.324653165857375,3.775665479726152,1
129.88738310236283,18,9,43.30569058003008,0.13555776903992728,-0.47496789621787755,-0.21243080072671086,0
25.464939376643684,15,6,6.735417294434591,-0.21692181660991874,0.4955705230414336,-0.959204482989536,0
323.741655594387,10,4,46.17755593074686,0.2303891704082201,-0.0291875753767939,0.4066901275089783,0
49.69226235672933,23,1,4.553142336225774,0.26393805938753934,-1.4732714396262918,1.2632596587757188,0
62.36169069090607,17,8,10.683548152930504,0.8477717435655518,-0.7044109273734143,-0.4155650491046589,0
79.93325992712508,13,1,2.099674507477654,0.07319548660937678,1.4617421210814645,-1.7467023939378261,0
242.61126389430524,0,7,14.55273436347273,-0.9810535302646968,-0.6985206337469402,0.1347469061363544,0
107.12139239001812,22,1,4.919974600728627,0.29384164618383163,2.5456251957790337,1.1400412867499294,0
60.221097637564355,1,7,24.421018046998128,1.5308879349781943,0.7522414078026203,0.6186298630672076,0
118.5573383187102,0,5,15.432234085029418,0.22440212039294302,-1.0721791541112258,0.036025272985431595,0
4.5030033334425585,1,3,24.418613719149988,-1.7684087928006986,0.879309797493695,1.959318410325425,0
8.95271440282888,3,7,41.720437622290724,1.645106955518394,0.6715113507233292,0.1309367183189723,0
30.569594604311725,13,5,22.239433047982015,1.1386784291711995,0.08739103598107065,-0.6987271204505382,0
36.67881467063482,15,7,5.083017522423901,-0.09628558153525175,-0.6279787611187829,-0.41942227561683526,0
290.4155500115473,0,2,16.885006149985976,-1.0723141649873387,-0.43269191316452543,0.44532209360601877,0
16.31837056494404,20,3,5.544049048493819,-0.024335266261180107,-0.4074124186612411,1.1282807303569657,0
22.719757599549638,11,8,4.648699611000369,0.3592117001494681,-0.8290804628397985,1.4914902661650953,0
16.47695019794646,11,9,15.515246562511035,0.5605248502021203,0.1353364096893335,-0.626787919274575,0
98.52727960970499,7,3,3.396258272386976,-0.22224677207175522,-0.4248108363469729,0.3760071828115479,0
43.52302924256411,0,3,23.09963722160066,0.7630106599178903,-1.0338147949970675,0.17561370819880937,0
124.53672259022329,11,6,7.98788662658752,-0.010495496098012251,-1.6165380374323173,0.7902534437381302,0
181.32789029047234,21,9,22.663766444974037,1.36185810044934,-0.12009845290830064,-0.8367784059784193,0
253.8319481275202,20,7,77.48788203336431,0.8657851120123764,1.2175772818809358,0.5154940692650013,0
132.65499757868898,16,3,1.2298411319459024,-0.445603125836545,-0.45826751252721126,-1.558294321992779,0
41.065540537713545,15,4,5.100210670408306,0.9438814507827277,1.1920325985342894,-0.03745698721743875,0
11.296233522813315,5,5,5.7830022888070545,-0.5984713127878097,-0.3922687623092839,2.143242450328105,0
245.2973223259935,9,4,10.376873462352735,0.5594586687670583,0.5185243239489569,0.28522876854464696,0
15.952711848501885,5,5,12.983525959290274,-0.6996672682849625,-0.27162838317901883,1.3698944083427924,0
1.6925074671754152,4,1,39.3433126300946,-0.3647778591035283,1.2404710881913932,0.30780548452053047,0
8.794980003252434,12,2,4.752481816333509,-1.831819607929546,0.8929229762916555,-0.830880311052228,0
98.69016219253334,10,2,21.181944038872974,-0.695902240914546,1.145138793620875,2.027633571653222,0
41.87816278602682,1,3,11.37691619360779,0.780441598133552,-0.20922288381771445,-1.3009824548465903,0
52.86146970614457,14,6,38.03699528402773,-1.398982121961653,0.18157808932713435,-0.7234072088128509,0
73.1955590091629,7,7,106.16219676440414,-0.4764622345062222,0.7012605633609195,0.6922187542339111,0
283.3975938097803,7,7,4.587758719445272,0.0824958301958935,1.787638904716993,-0.8010928266363759,0
142.55916897113116,11,2,2.0066342639148327,-1.1592984381428082,-0.23983428692892209,0.5727294870003308,0
62.67644358808595,3,16,40.632716479018384,-3.906708166375533,-1.650660888536852,2.0973582733891787,1
4.793912008305268,2,5,3.857411045948156,-0.5666254275802535,1.8960832435518016,-0.8497999716267224,0
95.0047210800121,4,2,12.058329834561963,0.10329197385978922,1.4981518918910899,-1.7510008828854322,0
114.93466950564097,5,4,14.155993902123758,0.7705817040471252,-0.48984600383313015,1.267256576153822,0
9.614296364142735,20,8,1.6395848356738842,-0.718764228953969,0.6746787408336734,1.3022656329419728,0
85.5159858390235,4,8,68.13559804627593,-0.2107078477391596,0.1139207438651324,0.9139051216245793,0
54.87247648209511,7,7,1.6561499505487145,-0.1359522276216958,-0.25886915535749766,-0.25558214052697026,0
0.8618495938873099,6,1,11.038497683236596,-0.3035630758667168,0.8157844194919045,-0.9167092497226811,0
679.3267313572746,1,19,256.92331867270985,2.318423447591945,0.45480803469584297,1.7438505962684498,1
11.373456701324756,7,7,3.9250774902256524,-1.3190245348493348,-1.6089048669446206,0.044178108619452615,0
57.2500164850385,16,7,0.2124619580946027,-0.6942641978886837,0.9583104165256728,-0.4355459812026333,0
17.430392857001035,18,3,54.40642822123081,1.6568296206806308,0.8295318964498595,-0.051097059407431526,0
90.43812185269613,1,2,8.406795399119,-0.3589419453062857,1.7411491232969423,0.6537583054429441,0
65.70902882246816,7,1,0.17811634924436076,0.6049148882755169,-0.44411199537838053,-1.626383983655783,0
173.84484320246008,19,6,19.38899037449166,-1.163463248037279,-0.7668301104949715,0.1854852246539294,0
51.70385546332942,9,4,50.11075585500042,1.0819253611408783,-0.8835772192726263,-0.36893944283204977,0
82.88994732381536,1,3,2.013383769888838,-0.08306558718326772,0.3305513495162313,-1.1333272266369716,0
20.70992526692002,20,5,9.01779040123093,0.6354185679411821,-0.5244854351299032,0.7239644665753477,0
137.21388078772546,11,8,5.882531017058156,-1.8898677620421511,0.7667112824326293,-0.19471553509364495,0
62.90685026754264,2,9,12.178589359989264,-0.3905660584932958,0.8162628014724894,0.25319000711096074,0
58.652839472611944,10,9,14.25289726979633,0.4355051407706006,0.24107456998685456,1.204986176883385,0
109.78860413326325,3,2,16.65382579846906,0.08790001035433716,-0.02766986495941711,-0.43415766785777626,0
269.91898019801147,14,5,0.25802394360229985,0.5989630479210291,-1.0339135473141172,-1.2697343361068436,0
33.65280172581852,21,4,24.478921586924525,1.180880574847881,1.0492894182985102,2.4950209607127856,0
31.28702504953861,0,2,2.739723267093476,-0.014060620200704579,0.12969816789202157,0.5238610615092161,0
74.00494606480768,4,3,15.245974513218881,-0.8705308658406445,-0.7643883802912621,0.9533862463913783,0
152.9862025291261,10,9,7.532270350466796,-1.9926284207722151,0.5923626179587759,-1.6715408864723835,0
6.580940825928193,10,6,9.412723646142476,0.5936912896062224,1.5866608623356662,-1.240384179936834,0
40.36654839151046,2,3,38.570315203022794,0.48881119594149475,-1.1664445434483839,1.1595884119065216,0
58.452643359137454,23,5,24.646818360096127,-0.17676781189143614,-1.1990611827835864,1.9596808750420251,0
141.079700078167,18,5,0.07225909950263038,-0.33530084112344666,-1.4516500517339785,2.397312211037224,0
38.957257856796815,3,7,21.905739799469103,-1.3877019486910944,1.0721860109528973,-1.7883189758915565,0
128.51953950608956,21,2,28.840474580387287,1.1902944411260739,0.9936363039331614,0.8525141660155221,0
57.044159404779016,16,4,16.390050708780205,-0.3134137511771256,-0.3358601472414254,-0.20673256439612292,0
100.71656147394465,0,3,9.529198783579565,1.43041749840225,-0.782590049425872,0.04383516663199234,0
12.726550345186878,6,8,3.768349896183279,-0.20370308267240372,1.4241878100827314,0.6243194002245808,0
49.1823596105784,4,2,51.10458535673449,-0.16464869637180155,0.21017451745325122,-2.0012098224234967,0
26.347110252831246,22,3,27.00407788081109,1.0467233522629589,0.8149105393661576,-0.24027283209368022,0
263.7297022214133,3,5,8.892480983282725,-0.5789217226249154,0.3032853373302271,1.0930349981825005,0
8.379202678789706,11,7,20.33079033252321,-0.9975113738764356,-1.116887273779908,0.3285348638095107,0
242.0799965307211,5,8,12.188927722705138,0.4334389957704097,2.008791387057229,0.06892069147245625,0
59.89980447036274,0,3,3.2852965044224773,0.4533786869817841,1.9795673013243793,-0.5394702229650302,0
90.60990227067558,8,1,13.367913182018373,-0.8419033956190338,2.819077614703326,1.4335345911582906,0
40.733187472721085,17,1,2.5242717051026635,-0.5687651854669166,-0.0789219081285397,-0.7080884837305316,0
53.10177607986155,5,4,17.85376393536429,-0.43724079067453575,0.19192811847356148,0.029484220525259217,0
104.30070415478055,8,9,25.374797107524326,-1.8644389546555629,-0.139119474193176,-0.08044403026000936,0
0.4059549641437602,3,9,26.802092624609415,-0.8952830930230352,0.5750777229457456,-0.0424360791392609,0
35.72680193661958,1,9,9.891524441687828,-0.7069078153990476,1.0624923044983554,-0.42397260325712277,0
11.096372877552025,11,7,22.23023697372772,-0.2409888244686475,-0.5834386486750304,0.7370615112245512,0
263.33799779491176,16,2,1.3795387993066224,0.39972390439894123,-0.4720274551606999,0.5597643644423885,0
62.124375291887574,2,1,8.215081308409255,-1.4396981645852094,-1.2813510622068875,0.5783145716082039,0
0.9350868840744722,16,5,27.301681664906337,-0.6279618866352241,1.9884564785060925,0.734333883750841,0
128.5217251168152,9,1,25.74707914353099,-0.9655420561868867,1.2346419122167838,-0.5272450190504626,0
26.786521862038455,21,6,4.5860742372152306,0.184433349640607,-0.6984018562719415,-1.2180783296113524,0
411.15973397658433,18,6,17.11194000876263,-0.4146179445771507,-1.3233778832913181,0.32708112783793086,0
14.228229501384586,0,6,22.013997172043716,-0.12120481394747487,-0.7534866240999071,1.2162753782995375,0
90.92173344175178,16,3,17.54485788161348,1.7874210522016525,-1.3707852499928854,1.6392097596521156,0
220.94451623352953,14,1,8.455079680966945,1.353836045176802,0.40849483045724577,1.39447065475768,0
140.29171615027403,17,9,24.195526273823145,-0.683512710005518,-1.032229135942272,-0.8480405114036949,0
248.29249872549485,0,7,5.53667543440243,-0.22306143849613452,0.030803989359901886,-1.5501453621908527,0
40.54833211473007,14,3,17.013150138815988,1.2207121452171483,-2.058142393810651,0.35489410621547335,0
330.7016423305419,1,3,55.000426444433074,-0.45256981793196155,-0.2710515012486707,0.09942426155217414,0
8.178255787945831,13,3,15.330749361137986,-0.48619734272728654,-2.527678397351718,-0.4860240198618037,0
209.4215332978975,18,8,19.67412327005475,1.014998777884022,0.45259612582547115,0.5638472312333297,0
46.04379946919151,22,6,77.20931648954291,0.4402802754647892,0.04629587286022625,-1.133347421934242,0
77.68734511010919,23,7,53.730652032597206,0.06920824908903256,2.0947977857158633,-0.5943189820822171,0
49.212972873353856,23,6,4.875319029887516,-0.7331608726692178,0.0029006248807657196,1.0541638389922916,0
253.50379531455584,17,6,3.2742308646865204,-0.43580735263395515,-0.830451917288376,-0.7704212513467804,0
224.40755354332657,21,2,1.7950431927374855,1.465933685934758,2.3856448591912827,1.0958806595897326,0
96.2217672702401,14,6,8.720497343093879,-0.5026589806941771,0.16834041446699483,-0.39770560117253706,0
28.33680493885478,6,1,14.904448444818383,0.3044625243623751,-1.7572299828883782,-0.5567057197954332,0
0.3356988417854668,11,7,10.440434136180269,-0.5000480842544318,0.8111786446582593,1.2639529118362711,0
48.4111417972235,21,5,110.82882864440347,0.21166672894748637,-0.3362843674989955,0.6026555009987379,0
17.544643747310257,9,5,16.440319337295193,-0.13769620869729418,0.4587294439370668,0.41380951390766124,0
227.40754444222728,16,3,36.916959284200495,1.0365045175635086,0.7429923433085787,-0.08201131598787541,0
10.278221397731524,17,6,6.998159390374106,0.14800016819292877,-0.06941115165664406,-2.326262868176129,0
16.506677084364014,17,9,14.090867143499468,-0.3598128481341595,0.5160960429629301,1.9249766287438808,0
89.10636313386001,3,2,17.116219296449454,0.2931203056942358,0.6167768567167277,-0.652764019860803,0
21.217251437267958,0,8,0.07238949875832289,-0.7153954143034251,0.5234790540937814,0.5594613180912293,0
64.78975298780925,21,4,29.74625726974211,0.6013563104009826,-0.1543869494166375,1.5413027477069643,0
38.602911837950906,14,2,9.044912275511896,-0.9240830694401055,0.5815981452056912,0.8062968084783597,0
74.82664165196881,16,6,7.663235316898961,-1.3718524508261911,-0.3992624234568591,-0.4507577454102796,0
147.52617130571824,12,3,37.64571754399003,-1.2674208922448567,0.4696850850084916,0.39995241708407075,0
183.38776313419962,0,11,82.3669108719969,2.0840939995932866,2.0497572186588915,2.274652087824319,1
45.711509391748216,20,1,103.34449722599489,-1.109182064403771,0.2270849931749872,0.5899315142713324,0
23.139384991296197,3,5,22.92669863061574,-0.6783690700887091,-0.07664205883625971,0.07485422645790535,0
0.39617783790620925,13,8,33.94572294953017,-0.6294488036554696,-0.23456303718296656,-0.80193654155599,0
160.54118543305177,3,6,8.552707079839305,-2.1670238381151967,1.5736123333808698,0.4455709939124166,0
6.043687162063771,4,2,5.483781490330496,0.7821988212372871,-1.9726839240483256,-1.2052090042956425,0
20.67572843671566,16,5,4.446391174351757,-0.7727314159637813,1.8345337426547195,0.03348310376247782,0
78.284979643767,23,2,2.6961543240297097,-0.2657344640412588,-0.293258546795674,0.9413732926459609,0
182.57186310623626,23,1,20.887432231850227,0.27208358373929276,-0.18337629131292119,1.4852548916525212,0
42.774099930310285,18,2,71.93660936201863,-0.0009401811961189866,-0.23417072277999834,-0.09341819615007474,0
7.669962401504529,18,8,43.643543752334786,-0.759098715872625,-0.5979071437064568,-0.3053212464922188,0
40.77711005219012,14,2,43.21423115592654,0.7019409772190264,0.36952534445748697,-0.6130869580347827,0
32.19920389152896,12,1,9.956211269918192,-2.325687760186007,-1.1002817713472386,0.1677347969634752,0
21.14065239344945,23,6,17.881975510073417,0.1351214858359175,-0.48674886488811464,1.2816643036901374,0
275.84658729606406,0,4,13.575437010204325,-0.9692854361610374,0.08828564833814538,-0.33180807652146765,0
69.98149829954933,15,7,12.482514641614253,0.47958184448812924,-1.2514716539027695,0.6726955070001017,0
89.36604267518467,15,2,21.16331416565159,-0.021557033733795188,-0.12983695061300488,0.14727797360893213,0
74.86901821293918,14,4,5.846371949905961,-0.8240700879449715,1.5528706305584339,-0.6567206228905744,0
15.411259476666148,18,5,55.126997524530175,1.0700197647838483,0.48738048131483314,0.6051796701822175,0
138.31956090938172,9,9,6.9176083218510716,0.6785505539294436,-1.757186456423062,-0.1179414691092398,0
14.078166947260392,1,4,25.337561565712395,0.6236086175333879,-0.029039155857988674,0.4428972950095747,0
167.8666965728795,23,4,15.261521618220568,-1.6846633480743758,-0.026726886163489526,-0.6246960911386185,0
138.3543140415228,16,6,23.11575849874567,0.43038936222921303,0.13163174434918568,-0.08056739537669873,0
117.62912671678262,5,1,16.33531137950366,0.639336604243423,-0.6766100535533898,-0.29145819755744123,0
100.30794302214206,17,2,26.513280239707168,0.03230231081644173,-0.3075613265155576,0.5508173517138778,0
43.386304295605775,10,5,7.444240796552675,0.9122823150627031,-1.3776495218931497,-1.2492606256452985,0
16.01652491869178,4,2,8.837113393204353,-2.232152812861159,-1.7338837675946863,0.7609986115216074,0
33.03151138524066,9,5,58.97945306894922,0.24474468205352048,-0.5537014149624461,0.12303266519189915,0
138.26779473774982,7,1,9.74048934989687,-0.22767014800089477,0.9566175028461738,-0.49129347696921577,0
448.6996984567245,16,1,54.519666372162334,0.08719704827666332,-1.6166864064114945,-0.9605852323148353,0
37.23848875301437,20,3,2.0095322559624624,0.07936944454905073,0.018615463508497566,0.5283071334770392,0
13.199810100024303,7,8,0.25255185406594494,-0.6288830423431773,0.8017916341308329,-1.4942145675341003,0
122.01723146703566,15,3,46.68508267613297,0.6022446962912387,1.882178550606546,-0.23712910454153913,0
127.73201070021861,12,2,2.365163128080169,-0.4305919719940252,-0.3854110127267372,1.3220256685712355,0
52.840063398990495,6,7,16.628491604210044,-0.2986134794743056,-0.6832321086079146,-0.7585146075881439,0
23.956622147254887,17,9,10.885820408601495,-0.6774635898085547,1.004522174790948,-0.8886527937367488,0
8.485526087847074,14,5,10.273791742780636,1.2939343070874951,0.47119830213880876,1.317586111267837,0
26.823599407332956,8,4,21.014926635642674,-0.6714918804125037,-0.46785977419361974,-1.2927294966948004,0
102.68574656809487,0,28,439.35618323854254,3.365697309951878,-5.5525392686377,0.4989648254877723,1
35.60719673422463,11,9,7.048543251306079,3.242832071768255,-1.7605683819687592,-1.3255925843529681,0
31.405007601096354,12,7,2.707686829374218,-0.2007399609098749,-0.38527720003929894,-1.6991910983024825,0
29.31223716235695,19,9,0.889911873521275,-1.1002837666026692,-1.985726747975648,0.35774675259289584,0
68.15978328442111,11,4,9.436899565117544,-0.9237978314205166,1.2218503820413373,-0.19787449797868858,0
64.30237221035074,12,6,9.220404283974231,0.8874003106958823,-0.961304501143898,-0.7075902634358393,0
131.0558656935481,11,7,12.49234215018906,0.12041248525772015,-1.6369581882072677,0.39271507911323433,0
40.46459448852793,22,8,11.939335684466867,-1.6198120064662729,-0.3370533874256054,0.6249786991780228,0
13.240840729929737,23,7,15.612043360922634,0.15717419244408162,0.10578198565056629,0.9374343834877005,0
2.701347656441924,22,5,104.97931429594368,0.8819425348441767,-1.5204038479992161,-0.13296570853324163,0
2.7002095368448575,22,4,11.000298800396322,0.7203813157705953,-0.09881051269957185,0.3532745702718054,0
22.158541271320836,19,1,4.4149218144211115,-0.9639166656058964,0.36892131739185635,-0.22725691847486817,0
8.597230619503481,14,6,23.944979026168806,0.8833109095210803,1.2610089907918465,-0.782708026169805,0
43.83073484171712,5,7,9.308130514990523,1.638629559190881,-0.509407310840888,-0.06669152760575146,0
220.10347766456334,23,9,25.37834000428309,-0.09841325546937423,0.13826999999912756,-0.40728215005572777,0
58.397756973983086,8,5,19.227752146305548,0.3459870829080218,-1.5498808511042348,-0.0629145189445282,0
76.40656612958989,8,3,28.45372418384391,-1.1297895379072798,0.9490826237475269,0.6194391220402669,0
145.12694804967458,20,8,3.056121238596354,0.7447866297244261,0.20443210987133015,-0.5149373813124948,0
200.47167167329488,13,4,7.8446634005192415,0.7461172132607821,0.10255528332718633,1.2820695157249407,0
90.93063663144252,12,4,16.648565773118968,-0.2941457015961024,-0.08704749008278279,-0.08613351727106569,0
29.015294090733615,5,7,15.417652799691858,1.3082259801922773,-0.19761406836949258,-0.3033173453674697,0
29.895938266456326,1,7,6.832369376723363,-1.0342191806144139,1.8858108922488321,0.2911715596160009,0
165.2891260085962,13,9,15.439093291412647,-1.2629216102429297,-0.34909019750383785,1.2011985697192458,0
14.368949297465083,23,6,4.908141706624265,1.2003570920876714,0.5717413857996214,1.715725553054765,0
82.5311201376071,15,3,2.1564111130987538,-1.0016949009364107,0.877457112064694,1.0577683526480681,0
57.45484775219311,6,5,1.6954890333791026,-0.6889929312469696,1.6400510401480142,-0.3432028242609446,0
16.313979036028073,18,2,55.694708785224805,-1.005704736623427,0.7795636838560004,-0.29883626888910486,0
17.982802606862805,17,2,0.4477744089781872,0.17446138875197603,2.3086322237983246,0.5854320577633554,0
6.393014810729854,10,4,7.553802073854166,-0.8881512949211118,-0.9939140497826411,0.14319968071030298,0
161.4114393404591,18,7,3.153183006580653,-1.1296941688191142,-1.1105593834460237,-0.09438018035329214,0
83.60223535877998,8,9,23.914927263284813,0.12479556749588941,-0.6362153983515545,1.2081655080770355,0
212.39600687044998,14,8,1.4815699367112316,-1.1879003788340832,0.7853071371145951,-0.5044875179837147,0
62.865565428002824,20,3,50.50620535271029,0.21129385287513572,-0.12280984137070718,0.2782752307401729,0
58.4396259985203,11,4,3.470586018131676,-0.461558124601412,-0.21465193458312196,-2.211513509257759,0
58.679867634366516,3,7,27.375717716434703,0.050309402244991544,0.10363951283045297,1.0566672219271247,0
28.25430800012964,14,3,3.0040305788298998,1.746924637185638,-0.8271861911211232,-0.2188227133586734,0
93.15087068463752,6,5,34.473596593378424,-0.46239299867533484,-0.6161121400529497,0.7330782493212561,0
75.33020465534558,8,2,42.784361432798704,-1.81359852946401,0.9369517426981504,3.192784536996821,0
7.41243671624925,4,4,52.23659437994864,-0.7933140409169745,0.7754656209996007,1.080999619670709,0
134.91636554783386,23,5,7.464666311193861,-0.806722909748783,0.2978672541103337,-1.7097280959089347,0
75.45597259434852,9,4,8.681566293336676,1.1639678234819042,0.6940884647937279,-1.331260140259304,0
100.23249630604397,9,7,4.818123905658028,1.033386155138722,-0.43274052865539786,-0.9069425775460425,0
56.97370019477095,17,1,14.725353554564613,0.09354072099349824,-1.9430933561307187,0.8398494461969699,0
267.00521296416787,22,6,22.6121468893353,-0.5617971331518308,-2.5788170187606396,0.06500685240253552,0
5.814958302394491,3,4,6.33910901086573,-1.463415730370166,-1.713895547702441,1.182643701914236,0
23.040479130126688,20,8,0.6418089332298083,-0.5707376035423738,-0.18643847918583598,0.5018924500979287,0
69.52304008926606,21,4,4.04950645457646,-0.7362283221725312,0.854421054176152,-1.3064830566239085,0
14.991962622919004,10,7,2.0854315729701316,0.35325300754767947,0.38533284097205317,-0.9977983039547479,0
2.6563417204502633,23,7,9.389237105039735,-1.3457274776092742,-0.6422910194761962,1.3021155373834408,0
94.7204362961981,18,7,12.402207052164506,-0.7763873718934176,-0.406119998499313,0.0160156218156753,0
189.37379793730474,14,1,2.603166032920248,0.8819530415205193,-0.35219706338437057,0.6429095694756753,0
64.87333988397303,18,9,4.378848828592512,0.04101630341014477,0.08598253563249247,-3.0959809909659084,0
10.064889982303246,15,4,25.86906333422721,-0.803495633595582,1.297223539994938,1.332781196944706,0
50.128555854568766,17,9,5.165328486582862,1.3724973372174536,0.12576258122605888,1.0898687769215785,0
103.70509484890286,13,3,9.373565153706112,-0.05752764369617823,-0.1603000165473523,-1.0609406571985052,0
36.84267584949915,7,5,21.33746792104681,-0.44543193949312554,-0.4142370201834556,1.314463558997442,0
94.35085325688863,10,8,16.965133257801018,-1.0496882522707833,-0.09885463926676984,1.8714762875734527,0
56.46067910845418,1,2,22.961465928473267,-0.9686208812600632,0.5538353283032031,2.919339308887127,0
14.51742365653078,21,7,3.0738224974754687,1.3000444024812607,0.8567083150145297,0.12467564859135548,0
106.97781268557124,20,7,13.471945089549447,-1.5007614857675047,-0.9770779352848461,0.9314034051815542,0
70.47150944751066,12,4,4.811778202554583,0.49712765735620673,-1.8139424184166886,1.182734416142765,0
191.94548397229448,14,1,2.2251766036505005,-1.5013440544332204,0.14620225876121962,-0.44854252723392074,0
39.8650199757956,22,5,12.793289834743703,-1.2383652311271205,-1.0865082815938811,-0.6338879404889071,0
5.851745052905073,14,8,9.475364742437078,-1.3453084020868817,-0.02008952681572024,-0.49016622223112194,0
154.7362426892527,22,9,0.6050559928702638,-0.31556129000199384,0.72060801015708,0.6998981708694759,0
25.33146152868852,19,4,39.68550835072114,0.6245745016663711,1.1886814550340055,-1.2731382447344883,0
25.69401412680743,18,6,1.774330513874105,-0.385104031362601,0.3038406929390422,0.9537561022932101,0
235.2411588145207,22,1,25.77479233684229,0.17104592992903947,2.0149634105027356,0.28777463077262094,0
364.5510473782894,12,5,16.050768427382867,-0.7617032474900233,1.2197949947918638,0.9058291384396058,0
21.28489327675974,1,6,4.221906231223215,0.3904836064827788,-0.5587846714287098,0.309116324308994,0
75.48885801119327,7,3,19.605692418153723,-0.41315922614488004,-0.7568214094360196,-0.5409713430874705,0
162.03063353245014,5,5,7.719367732956234,0.4955123572164233,1.3314865231490116,0.7627353124405692,0
109.97401554850805,21,1,14.055953269018818,0.876333562288382,-0.1522872155329039,2.472348974227823,0
37.96453766537073,0,5,19.158284379591265,0.12781853712859367,-1.6548207042711882,-0.5707795589778067,0
7.534028869180491,11,4,5.513806373020533,-1.4635902602047355,0.14899589182541867,0.028627424822157316,0
38.519402754162314,5,7,28.29651511409867,-1.3908848043143895,0.4383042424142693,-0.03886771156847338,0
31.385567242868756,6,6,29.5191102159489,0.4493300328565434,1.4571368114195673,-0.7926394382904735,0
39.35482741691252,9,8,25.76454420063844,0.15578378265654164,0.07584540003641482,0.6504337597562696,0
293.1968098018054,21,7,3.1712603483926793,0.7364011201888471,-0.3596883361998649,0.02044378097216317,0
68.24008603393993,6,3,3.5527202913732694,0.6252860366614064,-0.6091179503575874,1.0400630259475743,0
41.11807310995524,19,2,6.723738111347451,-0.17781278489735028,0.6910714744381143,-0.20559247657915647,0
175.6126748533045,1,7,3.729031379826187,0.10260598237770323,-0.3986818511545833,-1.9383448851776455,0
49.13808442737084,19,4,6.256758257235122,-0.22710423633347135,-0.820074527996615,0.5168525729189418,0
99.75636287939386,3,5,0.4043540092704201,-0.03578711264144432,1.2098595309795737,-2.661996527477353,0
146.18095503913185,15,6,24.319899571887866,2.116332343726838,1.5269641809141228,0.3020819011494707,0
3.9508523561233595,10,9,29.045108489891977,-0.1698486254258538,-1.1308130916682129,-0.025600997202717447,0
164.40368294994698,4,5,17.203450049749552,0.9536069175375231,0.16298682101206916,0.6738896735930777,0
160.8538854107934,7,7,2.7457884911969375,0.5660560248227133,0.7396687899282307,0.9577729551708736,0
75.02715424301867,6,4,9.939504891107735,-0.7610988183104346,0.44650609658162493,-1.7553992665286173,0
206.57989370845405,16,7,3.081911895151663,-0.41351975275847724,-2.241739612146377,-0.637126727462839,0
51.167505325376695,3,8,0.9969914071818831,-1.2076297942436878,0.9289154738552565,-0.3938873280762631,0
1.1429430251965091,3,29,34.8461624295172,-1.9212372444454626,-2.300108814442284,2.066478024608674,1
23.2615522225247,8,1,8.609774531630011,0.32815039070446006,-0.9146986059719833,-0.15418415237614644,0
78.17859770404671,15,5,18.882163832646736,-0.4853943910939197,-0.8637670439560963,-0.10395210679861994,0
87.85426503426476,8,2,9.202678227758426,-0.7973829658007962,-1.9443643423637074,-1.9205681549594957,0
13.27106340718607,5,1,6.259914061265651,-0.9113534014698267,-0.30000131606415736,0.42520953481070484,0
77.98849620432301,16,7,44.02364875033832,0.04903711378095517,-2.5155471255965667,1.1915665665072168,0
240.90456707015034,16,6,0.17905481250543648,0.5898278659346153,0.42290565892879955,-0.031099121287819893,0
87.30378110290657,7,3,48.39710928832484,-0.9780663415107361,0.77317168497832,-1.1157079566961692,0
46.67649700290802,16,6,22.80199661850283,2.528722324923687,-1.7728338809708708,-1.0766213958161743,0
22.754697156569797,13,4,5.20198868424396,1.6584973401983896,0.5159714791596014,-0.8268256090092054,0
67.13623341167218,5,9,26.226122394964637,-1.6836949679556643,-0.4037057761189581,-1.243908509762105,0
2.336401714567575,12,6,1.0216617590047368,-0.713450508814009,-0.05171129946267147,1.1351025147862992,0
81.0466706397456,18,9,16.729479326120387,0.25488639900310345,0.4578250557951102,-0.6931781932631417,0
47.23319899165668,6,9,27.423424552502112,-0.4199463682354075,1.5295137363015376,0.141318122708073,0
113.96898028777288,6,3,10.456785392807133,-0.6213205465351812,0.3209324851629386,-0.6540268813247058,0
138.15862718263185,12,2,2.330209718549017,0.41520972600426465,-0.9757028231472883,-0.5248906948740711,0
176.76988845883426,11,1,50.40459154195232,-0.400167637831526,-1.8911409619755957,-0.28122835075569724,0
134.12563211881317,8,7,14.875817568852376,0.8282669786085132,-1.1355401732097514,0.666396823460308,0
47.795642383422575,18,8,26.328217919557538,1.215861120944657,3.114749002777726,0.64527861266987,0
210.84187658655117,14,2,17.491124645763204,-2.154966137185688,-0.7061721556939115,0.13080272707311655,0
108.85270425285933,5,9,5.834931917475407,1.0909950714331964,0.14201966130105315,-1.9254918962122012,0
94.30572065619323,3,3,21.394905928570065,2.6563122517896995,1.5518415845685862,0.662277699089721,0
95.52595402413385,22,6,18.47374188753051,0.9738850533228717,-1.0703731433576047,0.15414889278571212,0
10.500163510774518,17,6,15.412570111298066,1.4179894827678983,0.04835780365576957,0.7593271903819645,0
71.90356193495352,1,6,72.84133213418633,-0.35142472436612604,-1.7595929513669326,-0.44093272431824787,0
35.29815996238961,23,6,7.911559396330581,-2.202576657059786,-0.2548422547283249,-1.1021051817147836,0
64.3264722459922,4,4,0.9083688739836822,-0.2461095952676766,1.791700059654988,-0.2830404850114728,0
241.97962545616411,9,1,7.790688880296789,0.2271104955242303,1.1972539842394674,0.12074423712745046,0
176.68470434094004,22,2,26.47464610348674,0.40614995209292865,0.9107275596088462,-0.3491863364670767,0
27.13293364559088,10,6,8.540853196572733,0.126739621652954,2.351543668050695,-0.607540428972066,0
234.59615687540506,9,5,1.8704193062140082,0.36312079833503397,-0.7485343850026929,1.709234683597743,0
27.404355242217665,14,5,31.63318653912357,0.8732375673576148,-2.551661017355576,-0.5072935378585542,0
118.14197056331167,21,9,36.01993063674796,-0.219931703801438,0.15875395660142597,-1.4745127505256739,0
45.617175190650705,3,4,13.468467850589267,0.46210166145346804,-0.1470150566233853,0.5254591461621086,0
665.9168896229195,0,28,96.30942780539311,0.17036108504802927,-3.9481871089705525,0.5046888212706615,1
90.39357105504453,5,4,12.961478929233243,-0.4052486452844039,1.4235315286551513,-0.03804505162927726,0
51.27624917622509,0,3,12.104997429005822,-1.452775877954074,-1.3029770432900507,-0.5136520525696074,0
56.83497417073521,19,1,5.7673387560743095,0.2874585614568295,-0.33142350063558984,0.684893176990932,0
82.659503796162,19,5,21.728730167268644,-0.3288681583662116,1.3891039981039754,0.557296871021315,0
161.4360037894332,16,8,3.2659078693034456,1.1211847896703022,2.695378139261392,0.2304703423609813,0
239.3390820026749,12,5,10.292416792927035,0.6947328548927422,0.13868962486203235,-0.22711216701968134,0
28.678727586975555,13,3,4.2670658337981795,0.43479956102382417,0.14478648953144524,-0.1750976324124397,0
500.344086124305,2,24,87.91070486175545,2.0990710002542916,-4.441775039628023,0.3188078937618495,1
62.41934304716102,5,9,44.47394623671989,-0.7207640486883067,0.3511717779564911,0.5403157706865543,0
65.61307657102998,5,4,11.326147266895463,-1.1158742350492263,0.8626472844452608,0.44638507487994644,0
129.96496542815447,18,6,4.064624118477588,0.438455878592935,-1.0658032505660275,0.15407084078666314,0
24.026100171782282,1,7,2.4505637700100715,-0.5017757504086257,-1.0239529455465468,0.0408770414857723,0
84.97299108277628,15,1,55.72148979506669,-1.1085575059426975,0.1587155967502687,-1.95318532006985,0
12.666804386375002,21,5,24.181032066507854,-0.23904274338182402,0.6668707230375281,-0.5294088325698418,0
61.39995408211572,4,8,1.6137420171860777,-0.009060335189090316,0.34961636134527346,-0.38939848922259684,0
43.50207147979952,21,8,8.825090965450283,-0.10862066595157159,-0.1705389004188832,-0.7246893563583545,0
34.662598344523076,18,6,26.560240253767986,-0.06439378215112698,0.5820984052128879,0.7250332743911355,0
43.43009730048056,7,1,55.58371378489899,-1.291822959100439,-0.45452015463420314,1.233049176131866,0
225.38043643097214,15,7,15.657155133995257,-0.9468386450542855,1.0175387312417188,-0.514044146979355,0
36.15795991735699,19,4,19.664655205063525,0.3860334434477609,0.08892533051357349,0.549344625812299,0
7.136882319191783,8,5,4.513380686329525,-1.0543752050743307,-0.8687609574181827,0.43751527176325133,0
75.53016517676242,12,1,8.956059195708303,0.13912340458235925,-0.9010863285190891,-1.0726971569211796,0
105.4086223304379,19,1,45.18504903966914,-0.9074689430425155,0.6774457870721661,-0.29505843946190435,0
79.31193411465762,2,9,23.751452279588932,-0.7384172505417148,0.2798162437940741,1.7707108066224935,0
64.62684123255882,13,5,16.19251142108576,0.6880558221772682,-0.2925143233104326,0.6192761899380926,0
15.963137223234881,4,8,6.859975321761383,-0.9967410520821429,0.04147213620823346,-0.8121882301271663,0
193.84291511877208,1,24,73.16251997524017,1.113238629408458,-0.021377136199550506,4.815348913065021,1
29.88500411166404,18,3,15.400956971857713,-0.10787471540948565,2.6366621114692643,1.4783977370508414,0
8.933960047871354,6,1,7.211094041650728,-1.3377496017043928,-0.8073723439720433,0.8063026160650256,0
146.9588056382243,0,4,27.144946558381605,0.9032306211273866,0.13743971571293204,0.5828828464008985,0
34.317599783950456,5,5,41.178614970819325,-0.2465257720042056,-0.3234339340220389,-0.1394892514960646,0
8.916877961328353,18,3,8.784418795274636,0.796452387101133,0.509487426329461,0.5569651939939492,0
159.94025534855714,7,1,39.3923717134346,0.8103581250910127,0.3741706948163813,-1.105631945143854,0
1.0469750717028001,21,5,42.83473462129038,0.6671273636680194,-0.30597561428164965,-0.7730670627094298,0
14.078601685465467,15,2,7.20923386957552,1.2559707377468838,-0.7336331953725639,0.6744955323473998,0
7.283060608336125,9,3,34.286750617392805,0.6681722881789726,0.5117855004458322,0.609373610377312,0
2.988858240758619,14,9,7.190205281417301,-0.49783532917804824,0.7220573893687386,0.11909585404849073,0
140.4969393375709,2,9,43.07797995653079,-2.360447499755531,0.9214059210056198,0.004605214708357668,0
8.825781550390051,9,4,8.548932946048941,0.873942280471957,1.0075369632829758,-0.576320258557324,0
257.0931948230018,22,2,23.00842697962726,-0.16667504810669073,0.9275106795760463,0.12428482232200287,0
94.88943306673673,14,9,15.234528335428674,1.001127553106606,0.9485118022193901,-0.162825674933711,0
249.02389800033643,19,5,8.149060267398832,1.3014023903076917,1.2447625213365057,0.09312465301724847,0
28.644193314259184,8,8,1.2000491905926134,1.3035618924237158,0.6720808406014694,0.30875298500253207,0
158.81227939445432,9,7,16.10378078813128,1.4761902785396457,-2.900785082299867,-0.6963328752102403,0
2.203462290950522,4,7,86.17071408424663,0.010074066103018288,-0.3693427461759773,1.2429334159010637,0
1189.0752945350841,3,27,237.36354058875446,2.070158217816444,-1.0312965970544288,1.2922842176954699,1
72.6760986735065,17,8,12.419625936344545,0.0910743838682278,0.7310970973763342,-0.43778606197715936,0
20.784412553391522,11,7,7.047822399417494,-0.924684921955287,0.31068363200833465,-1.4662330306465494,0
11.914494849969156,6,8,6.732913083733401,-0.8871282227947399,0.4463434124687629,-1.0799039919092852,0
8.02092984293352,15,7,16.123846592599847,-0.5741430711865415,-0.10335651471869607,-1.1303788438791154,0
3.1789605289774245,13,6,7.324358716539478,-0.2824862375735208,-0.04459429538646311,-1.4163409309014143,0
3.7025572549465564,10,5,20.626846215968207,0.29222322852598326,1.6546879332179514,1.1125984305558294,0
118.01716208348108,16,3,9.820018107326172,-1.709259330697319,-0.4344305607574841,0.028028350914875422,0
215.19908293530017,16,8,17.435217656346392,-0.1886510209238506,0.5339602215589898,2.31817397793312,0
17.431700875236,19,3,34.358445132141505,0.41131915322783275,-1.2634602560741597,1.0880632023322807,0
245.44677643675317,2,16,237.53793850581917,4.422438545365731,-3.1544430178539615,1.3054235649023758,1
191.27009114589214,4,2,11.27964971212629,0.0890497819039576,-0.187064966672466,1.0514829612327208,0
138.12411605041598,10,9,5.605906991006827,-0.10033439213529119,-0.16210586025741738,-0.777158345682303,0
394.8812593582488,2,6,31.506693975880804,2.2852086216609058,-1.547472950405885,3.0802481490706928,0
2.7405212182063825,16,4,5.917163896657395,1.1609596147382313,1.0451968434918042,-0.3285343725606886,0
16.15341183836939,14,5,38.893854754081765,-1.7571240201654452,0.24430012993797645,0.18913820496787648,0
55.4963524957471,0,8,6.01167480866387,-0.9515137518698867,0.06794483448650403,0.7962087476369814,0
114.50024534620991,7,3,32.704911948703156,0.2677200982785203,-1.724222857104935,0.5844971005179205,0
56.440557982183975,23,8,20.51358491151398,0.2813498930989341,-1.4283407575495208,0.8142466034067165,0
181.1394119428985,2,2,35.26340667836959,0.4083095897035167,-0.3433983788460269,-1.5015036284169125,0
229.28283070241565,15,2,14.398558431176928,-0.0184139138487231,-1.0081047077419967,0.06706950001361274,0
104.50214708491666,11,1,22.766257931028584,1.6348119241584238,-2.1939530213398726,-0.8885869563620131,0
14.214522036485185,13,9,72.95490964643336,-1.9229789260053816,2.912281146582346,0.6898002792252581,0
71.38542001146442,9,6,2.082879486378163,0.6352469083884124,-0.5446058207656778,0.7477794793130997,0
20.69493969115051,9,8,5.377289583364179,-0.7445084396357567,0.4466665821901814,1.233022230341927,0
31.029157124579964,13,8,38.1891795439378,0.7378251234532532,-1.5349286413736518,-1.9060046998993518,0
95.03340499363709,21,7,0.6276900813962111,-2.0973734334905765,0.18269631896479988,0.3863689986577886,0
54.11808107274648,9,2,3.9750205849577966,1.0640875612646588,0.015844667710381854,-0.14184873807949142,0
60.00745539896581,17,6,0.845298110727814,-0.5862551027686633,0.5391771907141926,-0.23494055072640704,0
13.349663076851026,8,2,8.572356013764033,-1.2782423025791885,-0.9671931329367347,1.790428921885757,0
176.86198854480946,7,5,12.736436560772383,0.9979359437029085,1.1975479030735794,0.09929778021891145,0
114.51267845891863,21,4,29.73777455248448,-1.130416258776733,0.6401411739922973,0.31268380602172857,0
73.16380339685128,5,5,0.9064270754761086,0.4092583533774868,-1.1489099517900572,-0.8635020334711321,0
14.880194977784097,0,1,35.47264799937923,0.24413977086617897,0.798743441737362,-0.08279806259241744,0
88.15195682489721,19,4,12.264518169314982,0.7058290183247603,0.27167484963851035,0.00760608716302333,0
95.23166275971104,8,2,0.523772229499521,1.5510059369254308,-0.014829958409310555,0.29643166690362693,0
37.50700660418317,7,1,3.3411739112479246,-0.024521117406713908,-0.5407777376429495,-1.523730961884024,0
72.97542803324576,7,3,21.997424696299813,0.09305747239490735,-1.8535052301015995,0.29032729767776694,0
42.95207876722983,22,6,2.102035929729019,-0.7594851410979632,0.8476614871207809,1.9821198866780685,0
1.8180471582032092,3,8,12.29849815032268,0.059263162290103526,1.2452242922663435,0.6821079903638647,0
42.387624812240226,13,3,44.581186069246435,-0.7066751788797128,-0.5345968355095788,-0.2297960931843597,0
137.914712476717,0,8,16.655188697933646,-0.47796979038926446,-0.9570143299339748,-0.8904947899409765,0
0.5605401547779569,19,9,21.91866287931721,0.34155531443121917,-0.2502457029878814,0.010745699861794574,0
9.495441711222766,13,3,34.01630461792754,1.156730415255911,-1.1885224003526682,-0.3627738297846138,0
48.582809223022345,0,2,41.328941068091744,-0.9592735226096961,-0.5829120424501955,0.9091912448680948,0
18.341106782967074,5,2,32.72372823440242,0.6943560651639931,0.21377154754883568,-0.8816609710987913,0
115.8138503029505,14,1,2.297620299446529,-1.4779086448200272,0.03340782037497296,1.840616840168011,0
25.640138405350502,22,1,0.4439613196895687,0.8345893681522774,-2.168577998606795,0.02978668078180274,0
72.15983444845475,13,6,17.267033503427,0.8640274079795606,1.0969188633264015,-0.35382469897796737,0
78.42024425214616,3,9,17.51208870894886,0.8670715831467409,-0.3350466971250485,-0.26529576871673494,0
43.57969188361735,6,1,10.94139447048321,0.587381858287929,1.0793529600707414,-0.442875960169273,0
95.57709933987039,10,2,15.184571260246537,-0.9358388726584004,0.596421747713349,0.4329589130903457,0
217.8175180769651,2,3,2.9131178757114498,2.664673659972791,0.08078758206858358,0.3450864560884774,0
247.8482798845045,23,7,7.92792544690168,-0.26530266485105386,0.03611590377245073,0.9818849845440805,0
63.857252491686474,6,6,12.206858600718224,1.7023432306833235,0.17711332015328077,0.29388225549059155,0
17.36959013188104,8,1,8.70579631056399,0.9234803567323722,-0.5526891304726463,0.7833560286321593,0
130.74222137411508,8,4,0.4157200926934067,-0.3448913920557536,1.554153243303498,-0.7700506857573334,0
37.660335711776135,3,5,55.84303804263324,-0.5480834427226999,0.12540336055904477,0.602204328725248,0
25.87237930464816,5,3,12.7100254916743,-1.4777113193173255,-0.38552182181233074,0.6960560561591387,0
38.21522758239199,3,4,25.486568569229302,0.8881681309154673,0.6041774821983296,0.2749944807089782,0
2.078124315361158,11,3,14.526995634974611,-0.5446387440707355,-0.5387732638157791,-0.24221213294084618,0
94.28430689132257,15,6,20.282471374847493,0.11760464420079242,-0.6247672093089672,-0.2661204638983249,0
29.193155929613184,13,2,18.58958425500895,0.01631233934210837,-0.9264910034023438,-0.6276774936941314,0
34.82758797432937,19,5,10.231358866069032,0.24712239910551378,0.3145514805933845,-0.7588188450510414,0
7.115545574985671,14,5,0.769809700341846,-0.7505968622627588,1.3133308847368192,0.7026438059505513,0
41.79245459636778,13,6,14.58964299565192,0.6565088007653083,1.1274714240093238,1.3709849278201254,0
81.40520141840823,1,5,10.820269927619897,1.21934949028985,-0.4353040378776534,-0.6791617232429228,0
8.909680567265966,16,2,45.13290120022149,-0.6508753647002049,-0.13229120314924112,-1.872368979418372,0
97.02326500423823,6,8,4.693852974818057,0.43543992673092885,0.5048259796790453,-1.7801301191103274,0
4.132902817080391,17,7,44.34956755755472,0.46118452594414405,1.48574309549177,-0.7617548726351966,0
6.877844552190297,22,3,3.03739056104264,-0.5059790800926279,0.44984914638560036,-2.390111335909775,0
37.564710477817165,20,9,2.6047392784575525,-0.3554976481263554,1.4996877797463672,0.25690765880591626,0
94.12304856798522,20,3,19.308767570844022,0.48545813990871944,2.3949226324514634,0.45740845086893955,0
125.45563329769189,4,9,138.3452398760793,0.3852578168535799,1.4001030637157852,0.26004310293846317,0
114.94055567275373,14,3,17.682248851772112,-1.0175857811291997,1.3597100599946965,-1.8516384721448034,0
4.787101488694454,14,7,16.66210665083972,-0.0034370595637672674,0.9394783196805842,-1.1898008058943277,0
332.8499330549787,15,7,30.32256190508646,1.2187799076190962,-0.15235100994117431,-1.6096356054783871,0
55.86340385731156,23,2,14.899816599635239,0.5779282260853302,-1.2532165733101892,-0.41972837048701556,0
6.787900046424965,11,5,30.863350813136563,-1.6247234204515963,-0.04243865700470066,-0.7316349737122719,0
135.9918087732415,3,6,47.26137958515285,0.4505799664826285,-0.9847456353740698,0.5261820817580535,0
279.1247731301372,4,5,42.851676452153725,0.4703447416588323,-0.7495462387472462,-0.875827294026199,0
98.39275072166274,17,2,10.960360522265123,-0.6685370593613871,0.3977995626997834,0.5415302238780412,0
33.14924735376011,6,7,19.856876878460067,-0.6422334940420632,0.32828082645487294,-0.1034313911265204,0
30.989839271571796,10,2,2.312641749169084,-0.36373858126993985,-0.6871364683532399,-0.6204912448425741,0
21.68524157732902,11,7,19.69922605687946,0.2225759228273703,-0.4772638556031463,0.435228640819133,0
158.1034722730243,7,1,25.289845676431234,1.0327252240024793,-0.7379492867421911,0.43165715561069246,0
94.30452022560154,23,2,9.552476895170646,0.03836929706751542,-1.394122904748622,-0.3574607444514995,0
93.10892785069268,6,6,1.3587436282832703,0.1130620290436339,0.4701629887731125,0.4058337516422198,0
13.392590392950927,10,9,10.045808565594353,-0.7105950928838916,0.28127782866182405,-0.5306437977710988,0
126.3197207249501,20,9,13.859262217868425,-2.151020018537055,0.05116755914510561,-1.1808682727327702,0
18.2560689009251,12,9,23.797798593485368,-1.5264912063468214,1.059516990372666,-1.9564422921225724,0
42.52033375061294,23,5,5.843940855036822,-1.853004822265491,0.8672328732470054,-0.03578971178333035,0
55.98879375129145,16,1,1.9510982085422617,0.5066828478480739,-0.28877649394296867,-0.8261474030540512,0
28.311699920261187,16,9,23.376900298824133,0.4435864422649429,0.8388037955354571,-1.2443052551335885,0
33.12372078490591,14,3,32.35522539415152,1.195511163471549,0.550362439231904,0.4174977254575965,0
31.684737983280517,1,6,6.597245163467548,0.0790634675369142,0.45177908995469984,0.5127649097682754,0
132.36583704069145,10,1,21.40054833502331,-0.10162421975429613,0.7539917300711074,1.0256917893692405,0
48.028963873963434,13,3,35.0379865325401,-0.6941174036451351,1.0580968406787352,0.14000704127928698,0
62.367479751510416,9,4,5.657110331301353,0.45005063750665686,-1.5193663719158266,-0.2585402160712705,0
29.167849755808174,23,1,44.3912942837392,-0.08942655808509162,-1.1085866705083027,1.2405269962318763,0
58.93383409622053,5,5,5.116712430265209,-0.2696799617245212,-0.13592276441435178,1.7410236688962146,0
18.115181643999364,12,2,8.022909642758494,-0.187508572530489,0.061304013614819935,0.40079766996256205,0
131.6697046452757,2,9,11.809066904962664,2.5201276100204684,1.9947500932263276,-1.3426410810267104,0
36.30805957497593,8,4,5.183458311112908,0.7856062406612739,-0.3585596015307069,-1.3151337339621199,0
200.4999994269738,14,9,33.18274818978951,1.2095423196112614,0.8053661016207374,0.8635880266216398,0
57.50472807904501,12,6,5.890519259718207,-1.1535548314688453,-1.3421651882152448,-0.16675971225333458,0
102.82044639976547,4,6,4.141533483626578,0.11862320920206633,-0.41412167001532324,-1.317958428823486,0
84.26809085497892,11,2,13.879880525953343,0.23857109228894183,-0.6910172781421334,0.928924428678931,0
128.075994584679,11,9,2.740581785871835,0.5278138846035769,-0.5627771900269007,0.4332835953075614,0
8.121385722120761,12,6,35.81843493149529,-0.6182364245068216,-1.0192476327720337,1.139017419426271,0
4.9095914865573045,16,5,32.21219336675604,-1.2548029990409317,-0.5427972493120694,0.9787363276896499,0
89.24050026783885,1,1,12.948460196397898,-0.44977423019038104,-0.534685507354756,0.5288933700454637,0
4.269638854320642,3,4,44.20270879753042,-0.5699920500855108,-0.4948842349411041,0.5043491157196414,0
51.829965115025864,1,5,17.173676388669282,-0.9376605802485322,0.12496618995494319,1.097118031812074,0
7.868564915872839,21,4,13.041015767595711,0.04539094466742414,-1.0982440340618214,0.9182216610514036,0
9.691715486049613,20,5,43.489407072972426,1.2189684317314358,-0.1502365074945477,1.575002872296389,0
126.46699904886367,17,6,17.99052693304941,1.6315374109636902,0.021554752160186798,1.1724441828386103,0
77.84723802824684,13,1,1.077732935194334,-1.1240703656469495,0.7555095749795006,-1.4928368618038836,0
159.8190447061435,19,6,2.205729145539169,0.5410268875067894,0.21583277764475112,1.1194129134834017,0
159.99657456293937,16,7,50.77485587999173,0.1729778135199101,0.28813190461146315,-1.0282427241487722,0
59.96040917268025,15,1,20.72047189024901,0.4611383849039776,0.9695042333974171,-0.055791591111509775,0
294.45119823120757,17,8,3.221468394638236,-0.7520035068567679,-1.2645432261812706,-0.1097732843236449,0
78.73009646256091,20,6,7.65675725338764,-1.2262597531785975,-1.3797520012154274,0.20594241829038004,0
89.3058863942805,17,7,6.890384874678873,0.5139517590915159,-2.0955863852637826,-0.5633049376576641,0
762.0907493641621,23,21,166.2350678229669,0.9871749938822454,-5.9169307308066745,3.0876452826730127,1
422.40398152397654,5,8,7.726487242458519,-1.1949066163245392,-0.5098439892985847,0.5537409205186783,0
95.26604782063498,2,5,41.75477682867731,-0.8020492462583342,0.364538112429236,-0.42108856297275316,0
59.09228706232125,7,8,26.40431001058235,0.4083400536993086,0.6894056709329646,-0.15369510384957796,0
43.85925485149901,6,6,14.167663181453083,0.44871641103484805,0.7873383004385003,-1.1014533410643959,0
26.506708984539085,17,2,75.38567243313103,0.1246064423859309,-1.420601177518306,-1.1787016298949613,0
36.908785117657715,4,1,31.511425813430577,0.6440482164216553,0.04878123829776235,-0.00796649302422923,0
17.197697176523512,18,9,28.949561537738443,1.392481468870347,1.4440457295191318,0.9636608057686246,0
3.947223459196429,8,3,5.653548365191636,-0.13099290482614936,-1.6457035794302544,0.39690750269985065,0
6.005170698596461,8,5,22.41396301294821,-0.33434806578353604,-0.859704019061751,-1.1657666492473877,0
4.488845743051883,10,5,11.214925348141648,-0.7050960566855677,0.3783792587452512,1.4137483420890837,0
222.40482142343737,2,5,19.32996075598701,-0.05462333372487333,0.20768584881707702,0.19707727478188444,0
20.351711029675513,23,7,5.604379716283566,-1.442441997986841,0.777024975577672,-1.1592830870174535,0
168.3207173944763,17,6,38.97480559314915,0.15916190142315273,0.8150182206705578,0.6906832485656128,0
25.705289818733263,1,7,23.140312528006067,0.4390982004450238,0.2083334443321681,0.45266418435976336,0
42.35931375348491,23,9,16.28224448799829,-0.46239341676422757,1.4024877941075933,-0.7691531580502472,0
14.621755814867745,23,1,9.852613264757936,0.26814136609721806,-0.8116105203395907,-0.03509722220273701,0
51.02853152362174,14,9,4.373867089723977,-0.11079995222011184,-1.0659502819370918,-0.6327386948746901,0
13.950645908090468,21,1,4.75175438989604,0.09692685296363293,-0.7612114981518925,0.6089981521499223,0
30.07420362350718,21,4,2.1873071534680815,-1.0907165845351372,-0.3211037903770391,-1.123417691155676,0
14.025265288335923,13,1,24.49183022793929,-0.9641765049072287,-0.7226110243155114,-0.327991387057241,0
53.10309260361873,0,28,195.6428130691762,-0.22008519875185995,-5.140698263089611,3.5271972262770745,1
6.54701516864698,6,8,16.93591487749252,1.1017560649693177,0.1775200649524931,1.3242049144763646,0
6.975519495836581,9,1,8.506764762489697,0.5718870333881354,-0.04129386130447428,0.5943468014406925,0
33.401231274577384,9,1,21.02408157885636,-1.4147640150617324,0.44216307312589215,0.4652335667379939,0
211.86340756347423,2,8,8.509511874871688,0.3298863241197922,0.3955958391860224,0.8021037664941206,0
18.422241516472283,13,4,41.49099648171217,-0.36141930126207383,2.1308123916173325,1.250166352953691,0
14.548936403941786,14,1,41.29647554414322,1.663041645456297,0.8299788488789844,0.3994989862464177,0
91.21170773372066,6,8,5.321532495586866,-0.1475918803023206,1.5410950893770377,1.0665280887767885,0
166.93658186364274,2,3,1.437476155573001,1.9615487232440085,0.4716880650131197,-0.5134978951532319,0
45.202771950638564,1,1,17.22703063167986,1.2364207818062525,0.020483649495564783,1.8275562992415268,0
19.661051937939863,7,1,2.72215657080114,0.2310489986027734,1.5698933830756918,0.1567148628542664,0
75.90425346466344,20,9,7.850406786516069,-1.6930865775325799,0.01131542146563345,1.0380524024172735,0
85.59152804927551,2,3,20.758485427174776,-0.27127301299702455,-0.15219150218763836,-0.10620961744171466,0
48.46621048695428,19,4,8.086519899178032,-1.207172645831838,0.15225902275777226,-0.2179517734540654,0
102.98054343257286,3,8,13.768978335975955,-0.48435972594724036,0.5578395020187228,-0.3763283737554219,0
20.430746351887286,22,4,5.143270655507351,-0.47753768863612,0.9002931403814,0.33591378143575845,0
25.219971079100482,9,8,3.9997323853098083,-1.6414416624295376,-0.5898097683382819,1.2019829007846676,0
239.75779065506285,15,1,3.9350941316560255,0.3433639012966413,0.2934053105822367,0.0920982881435279,0
123.68077043645582,8,6,0.8130878971101827,-0.8148785462354293,0.6843935168768712,0.4219266515193206,0
4.151739488784988,0,3,2.862227573402456,0.8234529529662017,-0.21169366186052385,-0.6058362531372272,0
163.96234128771195,13,7,17.964136606879425,-1.0306866688314031,1.4452017284428524,0.4629569359583177,0
128.10977842154773,15,9,2.8578587425476822,1.1768463427649425,-0.3552898000160094,0.5446478614058341,0
70.02195982158125,1,4,10.008280479085876,-0.9207399664417354,0.8167713629582687,-0.22957481549257916,0
226.25510963182376,5,8,12.152545865587577,1.7057323290852113,1.2584066175927568,-1.5768691170558384,0
32.918325523394316,4,3,9.333992065251582,0.29263888622965634,1.4289595324054982,-0.8331932932939624,0
30.56524603718652,15,8,37.78152680338761,-1.0967268500851892,0.3157724762410729,0.9483370697065443,0
25.753086674934437,12,1,28.839501964746557,-0.6494110233293583,-1.6691664931637509,-0.10142843464157845,0
387.63312421230887,22,8,15.784638572528939,0.10734950518109865,-0.22974837826803274,-0.14331895468340247,0
6.8683665528086415,7,2,4.218819518033612,0.7564180506704044,0.5514796621906507,1.900617195099336,0
66.39428581833089,17,3,19.503632565947083,0.16840091945835717,-0.022579435563610212,1.8575854273221604,0
173.79014197284192,18,3,9.232945279405339,0.5542796420387394,0.5141960582218651,-1.1101061232531002,0
28.527375192123678,12,5,15.474141836497452,0.795771392366951,0.5270832650891976,1.6669237566497943,0
12.34461236336955,17,8,16.266738521206797,-0.06951213868289843,0.7638631506475352,0.6649912387519749,0
18.868642396659205,0,1,70.0045523022703,-1.757133968368063,-1.4789907391470045,1.3525180551115263,0
100.15020929355403,6,6,23.984447784097153,-0.32296751730691947,1.5194580798391901,-0.8540543987335911,0
100.6531927301688,1,8,15.149309756090707,0.44227363070019904,-0.3998732723643757,0.7400813113614706,0
75.37488103334776,5,5,18.609050905299696,0.7558977360557239,-0.030125983976861937,-0.5592909159908852,0
21.99694951108077,3,9,22.217816849047708,0.5490226345384278,0.7707374977524812,-1.4172564753411208,0
121.07401841035724,14,1,43.38937219836011,0.18523447613099234,-0.37990989893518035,0.17253420634233288,0
274.7674248947433,22,9,3.0933109172948976,-0.326648159141735,0.09742511500666713,-0.7926974040206068,0
131.95662743768588,6,7,3.0033998990325705,1.5483423286085456,-0.8130773379721395,0.01212582483973606,0
187.77294270067256,21,3,2.8566684787474426,-2.42340957442348,-0.12243452236905353,0.8286232112623612,0
102.64540894990886,13,8,3.106022552222187,-0.08819042526735152,-0.8753709952874789,-0.33072795927701326,0
30.191736703607987,17,8,12.630417770259514,-1.073256615717288,-0.6378867915099083,1.345980104930535,0
11.341645177920547,10,8,4.052349784254771,0.07072224340072077,0.17480150272950462,-1.2725770436801334,0
64.36332699198638,0,5,10.181816822602345,0.4108458261054168,0.6898322710184597,1.0159215079501986,0
48.589880735625,15,5,1.5003806340444068,-0.5955043934654708,-0.327848947320744,-1.2128141407813349,0
154.49838762322838,5,1,26.849170117315037,0.9861087070812502,0.5947735791395514,-1.0056248516955257,0
58.95940329573722,12,1,13.425213613892776,1.1098143652301662,0.13834292133272177,-0.2993370592927352,0
19.693277048939546,12,2,21.141326992019565,-0.3335098292083788,-0.05018742382766929,-1.4059666304759701,0
156.61573895646825,13,2,20.374534000271826,0.5272091659284216,0.9206541087078166,-2.0759212412459607,0
10.849453249763588,18,1,25.375136884355122,0.8926124608442958,1.5510970302826588,0.8839864813041226,0
130.29558952977183,19,1,12.277684409668106,-1.382850781231949,-0.06356558473395592,0.6881967115905235,0
180.75707171442,23,28,386.1640258818828,1.238182031606804,-1.8729688845462016,1.424279131024356,1
34.612852678747416,21,5,9.79635068470705,-1.0353218517000293,2.01734256571862,-1.4053140414592573,0
78.16518788973846,22,4,20.13363856416371,0.2882204784217181,-2.85985166219388,-0.8615333768296236,0
26.907890259854636,3,8,16.926357366877387,-0.572860973071444,-0.7315278645456227,0.3304015861032041,0
37.54144719814873,22,2,4.209156564430705,-0.82496250180947,-0.7577399157445576,1.1600912960343976,0
21.111733035303107,21,3,23.4853754092075,-0.6856681666613604,-0.7326458912726003,0.4853643258616669,0
73.17530593713455,0,3,2.593496463454501,2.801410378219178,0.9831963712545014,-2.2198450482751553,0
199.37196926276397,22,7,0.7602802257371306,0.3632047345275736,2.7038535280496245,-0.45102054455424195,0
184.77027836962998,19,5,29.78906660413314,0.7691888160095851,-0.2977091462199684,-0.010575624997132866,0
17.47693394460354,3,9,19.934318592098258,-1.775502045750634,-0.357891382554305,-1.3104628468657296,0
114.1711567932633,2,1,7.679565368909744,1.4308784525230962,0.0942107955000839,1.2621207085061612,0
55.695017521279134,3,6,3.2171691797022146,0.3926096281078132,-1.7151981256717654,0.991347953336998,0
24.1054677240551,21,7,13.551993668304528,-0.04774360166566425,0.9520023763103763,-0.21188804185454613,0
164.93054379315333,9,7,3.035750060002365,0.7999656305060626,-1.5698603005816048,-0.7901032189733046,0
156.38713257329994,10,3,11.267142168542488,0.3166760916466345,1.7731243365699705,-0.5121307350476816,0
64.13145415191033,23,12,184.16225601790063,3.806689935357081,-0.7327258560346344,2.3176764905683047,1
43.76556606552193,6,6,7.143879388500732,-0.19099717199523067,-0.09673323116985713,-0.700186690794623,0
106.70684910469781,5,7,0.1440059679007961,-1.0212675273113634,1.2794217795968468,-1.6837978164353384,0
139.88598186279182,0,3,2.4594584680447165,0.6089398811182433,-0.276005615074908,0.5465854498621195,0
4.505451939463503,15,9,40.93292412484984,-0.19693217727735496,2.1217245555939606,0.13822934437987988,0
24.635835964287224,19,9,16.654897374130783,1.7936946422806523,0.9143053146445108,1.0273283553120405,0
132.11885680603842,4,5,2.8469928225293026,-0.2776668406367784,-1.2334335628753905,0.5172743834201601,0
136.82417717661832,17,6,27.060297314906006,0.8283267247538593,-1.7381225961760554,-1.0311270788265738,0
66.45158933388754,13,4,18.825552315799957,-2.5602168076606837,-0.02314337691571386,-0.3598037811406606,0
71.577102946326,21,5,5.4605677366489385,-1.9232937211127745,-0.533211453533817,-0.17799988120915672,0
106.80970437988262,8,4,18.74948129575887,1.8831379637864223,-1.0076164965503476,-1.5961109179746098,0
13.358422784892184,3,2,13.100782211317233,-0.513404135704601,2.3106061844756463,0.9515082792583993,0
250.80211889758314,22,3,8.780525196586131,0.3991860595063511,-0.31372917815402895,0.23969979472733427,0
68.82717051351071,4,4,2.694701968953632,-1.8860917478630723,0.41793535058384546,0.40354485892511693,0
95.45243267519308,19,9,23.510937808170564,-0.33911561112491934,0.5514417084565505,2.182024548474946,0
121.26323932412218,8,6,3.9074779755467333,-1.1749092011886322,0.4084252077169317,-1.47028972012771,0
64.71823431549792,15,7,9.32828860482198,1.1846930666980497,-1.5327850183662346,-0.16855414865054538,0
32.231495255941255,16,6,36.02821569721546,0.1396973296170067,1.2681152044363047,1.0217457831011088,0
2.438881396961881,13,3,5.674381917814752,-0.08887916371822298,-0.17524213644486517,-0.7398964663195894,0
165.8592801839133,12,2,11.539980356563158,-0.26289073698394533,1.989357420612601,-0.11945306505982671,0
3.1347293395004843,17,5,27.915700498432226,-0.9847775858490169,-0.3309217502479668,-0.7808594191549978,0
5.43617525074167,1,8,13.787905213478345,-0.5020194919384566,-0.4292968784622097,-0.151071234434193,0
33.28817101043837,22,1,20.843909822308863,0.29994536725017934,0.22195307876885503,-0.772149061280659,0
92.81942123558083,11,4,4.168753015312976,0.2816030374179576,-0.7350635805028088,-1.1641524533622902,0
40.9678561019937,9,8,85.9927863208288,-0.0807170021792766,-1.9654747341855676,-0.35608600566107096,0
27.56400427230872,13,8,3.43144504398792,-0.5054074061747799,0.024190203879403016,-0.5557940051406344,0
4.625252227836399,19,7,26.801088783711464,-0.25240147201900065,0.884150491882346,-0.91570190455731,0
167.42069145838173,13,1,15.26032217535096,-1.0339657399716506,-0.31258560990007545,-0.5018748012745475,0
2.3746809234417614,7,4,13.229230039217668,1.5182119185138458,1.5643243397148088,0.4205760771130736,0
126.70533605098467,8,7,9.389607798129774,0.5082851775830173,-2.370033867822029,0.051749203491914954,0
10.216769739986375,15,4,34.44231875421187,1.7253085998267699,0.9283169372121234,-1.8523808853932344,0
21.298781990890365,0,1,23.906047465634323,-0.7777812114585814,-0.8747682145031836,0.6711519228447927,0
63.2979038385438,6,4,16.765113985704442,0.24820901942347595,-0.5232105456493122,-0.710007098043681,0
65.43198717825973,14,5,57.744328345127904,-1.6086740580945242,-0.9982162518546935,-0.29730359410439366,0
60.84377985032623,15,4,16.673962181126132,-0.6635562037674121,0.7444256906670998,-0.9152570482151281,0
70.71384462970988,3,7,9.72106301667447,1.214712092260623,-1.541562453319976,1.195827771584274,0
20.15185031216661,11,6,28.977835372954537,-1.5709135756469907,-1.1997072881221829,0.6574016330747002,0
64.7262791285591,7,4,14.609953612658174,-0.15095548286889474,-0.3523547316496788,0.7919814937044316,0
85.53891747002464,20,5,0.6989395661824997,-0.008113170220361435,-0.05355604405512669,0.04019332031070782,0
189.55964869677013,18,5,11.381691413169237,-0.930043229075509,1.4151891788008713,-0.6387790693209986,0
213.83244058393385,22,2,33.67186595166475,0.3021104711748872,0.870896913917049,-0.08212940861894026,0
16.526511119873458,22,8,1.1900388982375478,0.08905601423178976,-1.158494754808896,-1.2223640660197392,0
93.28408565392698,19,6,4.164701540847554,0.7070501619246817,1.1747398570335101,-0.37002424014667507,0
86.08047824875266,12,8,9.608161412110151,-0.5603856547100459,-0.4475161804769566,0.4955861331394673,0
13.496240540876439,11,2,20.537358213532748,0.4297142789125723,-0.09914542588554924,1.0869665113474634,0
79.0461543147861,21,4,15.109790325778512,-0.20172939796137787,-0.7529294496119068,0.31671234375821283,0
7.467918363441744,13,7,22.31962276814933,0.4330191251005383,-0.6069569680151266,0.6502662369590776,0
114.43142024614913,15,1,19.703445131015652,-0.8254140616423656,-0.6786393560981759,0.4608507263182336,0
62.918482306792285,4,2,46.692356364895495,0.5998754206000281,-0.9883065220819606,-0.7342867510527791,0
110.38820423166088,7,9,20.86608736123211,-1.097374581893,-1.3227853432197574,-1.4070606538734796,0
330.8791676800226,17,1,53.38851976495511,-0.3502078928894233,1.150125354806254,0.4150074977982147,0
39.23594510100105,14,9,22.973391867818684,-0.0323658376118751,0.8318333655074657,0.2835663474275689,0
21.696851898558233,16,5,28.599284267056568,-0.707388357062587,0.3834531796349783,1.0222722800552344,0
166.92250261935584,20,8,35.65711719535062,-1.8978721559381528,-1.2373215261798731,-0.985062497815506,0
82.3751014200188,20,7,2.3722012864533877,0.0909920952337064,0.47279499976945333,1.1485236355549444,0
14.29721591724144,19,9,6.109356857422328,-0.13251772398110415,-0.7782118603923054,1.5862805402969489,0
359.63742616942284,21,2,19.73925207624307,1.050254687716908,0.9686938672950384,0.42349057487189756,0
266.0030377519821,16,1,34.563425947043235,-0.5645164696500872,1.061667798263905,-1.479305946067261,0
69.93647513756537,20,1,13.566423854124182,0.7379727520802429,0.8303246638786058,0.07409040151744717,0
25.157214890099944,18,7,4.2255386692845605,-1.117042660761549,-0.3283853086351362,0.353820297511314,0
52.521177683052855,6,4,52.2180453380058,0.9842302175110447,-2.8026107904285382,-0.04747699139257641,0
16.845370277032732,1,2,16.930285102412256,0.2111172377208752,-1.200093334930599,0.9222700258450941,0
40.57238169166074,17,1,10.644959963714482,0.5369370928369298,-0.05738020941602489,0.1775704175980357,0
74.68450534504206,5,2,11.159304526298916,-0.6415044164751993,-0.5811597653152378,-0.23290104527811922,0
135.3530402389052,11,2,14.219741309639772,-1.2572343028963733,-1.3521868679980316,1.7456079383123184,0
113.74222420982247,15,3,15.530643751633889,-0.41641930253145876,-1.3001062023696894,-0.33648836997433884,0
6.777525000315061,18,2,25.856494579276408,-0.25196966554679046,-0.22762178474240263,-0.2522635185869,0
381.72420389076103,11,5,33.249655596063526,-1.024005403938165,0.5469949335156379,-1.1285774105967468,0
152.3856905801023,7,4,2.203777577510883,0.8248060233191439,0.2662599624659535,-0.16667523343363894,0
80.64916288327296,7,4,33.411189338186276,-0.18687734646489637,-0.15851300446994213,-0.0010601546175955155,0
221.46031414710149,21,3,47.913535775900435,-0.14573269458700738,0.5761069193999334,-0.01458273328842209,0
35.83742192589248,19,9,5.652690482585764,1.3293945867479948,0.4552235428558975,1.8139671249546272,0
0.6073294825132551,4,1,4.790873118063153,0.4409020023082627,-0.9844975140430924,-1.15373247699038,0
95.52817859545578,1,5,36.24792744997163,-0.05039617354495802,1.3102260644947752,1.1592156772725801,0
54.20022247964245,5,5,11.728167491212302,-1.6958810957443906,0.8668157461306383,-0.8025896169599832,0
67.8666956968036,10,6,10.38042218534509,-0.19081870533231263,-1.2058847366391576,-0.7850466218841721,0
104.45303270303992,16,4,31.739336836942933,-1.0320573133873856,0.19380117521254323,1.2581062788651298,0
161.94676535812084,4,3,22.280689661620006,-1.090693244701401,0.18666647392645697,0.8680308569107241,0
98.00105199739491,23,5,52.92149403323971,-0.6730019204499683,-0.5065899725711563,1.6277131861328367,0
90.54353475290793,2,7,4.816979725261806,-1.40403145180327,0.30244710414739756,0.0004575562960060949,0
89.70061256536545,23,4,11.250397633804495,2.1495897580445225,-0.4205545959598308,0.6081455590723108,0
174.13739336125477,3,27,688.4454808550672,4.738208376414016,-3.1154149632969554,3.6377203004816834,1
10.363275040396188,15,5,44.2459590181263,0.4924271223078624,1.235890309899062,1.8579185627659338,0
20.093387062065958,23,5,4.298017560479779,-2.1100227801871223,-0.8186509652236411,1.180026938957729,0
220.82750542434457,11,3,36.89794667600573,0.05750673941180935,0.5706429036844619,0.2561692598886597,0
3.063606056216182,15,6,41.87078711132165,-0.9503302900090438,-0.9632938553577924,0.56645166114748,0
11.418208348003347,6,7,6.256386504829639,-1.2919415856276668,-0.290976007012481,-1.4779763825698502,0
77.23275042591703,1,2,6.878186710825869,-0.013419987260984877,0.5014691240165955,-1.1173317627510855,0
28.464949704781922,15,6,5.770828968617357,0.6715049425061154,0.10871526871946373,-0.7859107460975012,0
46.30052327386664,15,2,22.564755627981413,0.8057123528415266,-1.353075944633581,-0.4511735100981264,0
127.9250175560853,18,5,1.1324221453535857,-2.861492372713099,-0.45920103380525334,-0.7342322935664766,0
21.306303669435653,23,8,11.38249438885861,0.48615364534605005,-0.22272516483171967,1.283164572781286,0
44.9598406883205,1,5,26.63585748291868,0.9794247439285899,-0.9312424073266211,-1.5353877181982234,0
10.284497079468203,12,8,104.79779630639632,-0.3100917164852351,-1.0079857072882774,-0.012060264633447428,0
92.92909157279907,23,9,22.625313913163364,-1.6442912861836747,-2.1902151146133058,-0.4336192606620852,0
123.03488088247295,9,2,21.099570970989827,-0.8819447232566631,0.4078938537894058,-0.940316100049891,0
83.05796892974894,9,6,24.58321345586519,-0.04166176814667201,-0.2317088238154259,-0.17928533794649815,0
387.7138190399205,0,20,525.3707388672658,8.46778085504527,-0.5532007240847261,2.6632399832776597,1
0.42621139083785625,16,6,5.294427894244183,1.2436806593486955,-1.2187324150457206,-0.9957625696706384,0
85.8729578925001,20,5,53.83203390600889,0.7665376787459598,-0.33841234440653767,0.6116507319544343,0
20.545931764396613,10,5,16.96547471800538,1.464879914623797,0.43344596808055014,0.5390883298497756,0
84.18656323282113,23,1,17.053296996029186,-0.4459851174797216,0.31786964517599453,-0.7289904579723071,0
138.0148683046865,6,4,44.48804851343915,0.16111888877094604,-0.7112998965496992,-0.15372009861315092,0
113.45454782053706,21,8,16.885308084021908,0.18708557513209015,-0.40687235982995595,1.4867315203334983,0
7.775999659088799,18,1,9.074387745145861,0.1936858467348401,0.22616135016361244,0.02197596373242144,0
2.4686654187124155,2,7,14.299877307223749,0.5463551292116606,-1.0280225285901765,-0.48321648115213167,0
15.215577024018,23,5,1.9913441771910059,0.8162047350565086,0.3597162296126595,-0.31768002635011605,0
75.44091675416398,10,4,118.78641207025048,-0.20655692255874594,-0.05759099189884128,0.16685902986154041,0
42.303233362534165,12,4,4.3813590180653685,2.1357227571923354,0.832334467408352,1.8867123668198047,0
378.355574887425,0,3,23.332461806652077,0.380053899988502,-0.26761574108497815,-2.406110677549733,0
59.23551465448352,7,9,65.79701285559085,-1.5403710209323687,-0.28283391640636446,0.9803213466917043,0
126.88400888254945,12,6,17.06229600465912,-0.1711915843919336,1.4080416167044494,1.3194800156989013,0
140.14976789404616,15,2,9.63000325065138,-0.06776601216229733,-1.2821078662390244,-0.23996072361331117,0
72.32485214984779,9,3,15.095614567579887,1.4918569328368507,0.02419149553651203,-0.09841224736984873,0
129.14827808500144,1,4,35.835463847074735,-0.79360423322339,-1.4936448668529372,1.3764168987949865,0
0.9186935283410844,21,5,51.13656865998188,-0.6154045012148928,1.6503282472003318,-0.9970636732036584,0
82.25055971797158,19,1,11.62786245866538,0.2626506046327416,0.0029468885659415384,-0.38470051233610336,0
163.68267688126025,4,1,21.252931161427696,0.9687754254764691,-0.6697747756685017,-0.006609289019293244,0
43.54057141548401,20,6,41.157545966766484,-0.9158825671043479,0.4088620138321296,-0.30014900245486337,0
19.96442151124201,1,3,13.822225296621491,-0.29755294446159586,-0.8777758682019124,1.4998452107250295,0
72.94910243670087,10,6,17.44403236465843,2.5501289817533888,1.3545328652753694,-1.8711008027314793,0
127.3437788624892,15,4,0.3242154773201116,1.647186189539654,-0.6018827103416117,-0.18206596131559358,0
73.16323855771925,21,6,6.107425752731983,-0.3962151572777621,1.0040648314991318,1.030270073235074,0
128.78342551213987,23,2,15.255760863400766,0.4018288072128814,0.1319655566019052,0.1930477714533798,0
98.06359516092796,1,5,17.411676583653442,1.575955302750435,0.8222484242869706,0.3149269263517133,0
15.803484812796391,15,1,6.735137666726876,0.20511006877679996,1.2444997498059318,0.2298565494822603,0
25.08502968086662,22,4,0.11828791289258636,0.6847526745858722,0.7447945132703698,-1.0055115098027958,0
35.21654077214449,12,3,5.3078226587205695,-1.9245484407660802,-0.24059835751095096,0.05165937364420053,0
18.826428517463338,21,5,3.4970155839170274,-0.6675675005360322,-1.3601032381215123,0.17391766139895823,0
73.93577649090864,2,3,44.45073119027421,-0.5864713428813044,0.4458410295374525,-1.5407947815996723,0
153.81412818155826,13,2,25.37230168072682,2.1608310283151573,1.4829823406769742,0.5810747741515437,0
904.290072982506,0,18,802.5917705843035,3.0621590364745237,-2.231141683613203,2.552097406620412,1
52.64280691718771,10,2,18.74672563807398,0.706689907122386,0.9500208050951454,-0.1163625993360597,0
0.10836341554782518,17,6,7.680255793260711,-0.6908587718374298,1.1655574668673507,-1.0546587139009365,0
63.68700689983179,8,8,11.492311020364262,0.15189850728487087,-0.29875083418183607,0.14205039935125624,0
96.9830044979592,13,5,16.35487146705144,0.30486083250897184,1.1942574043995204,-1.6111257656392939,0
20.356022380228428,12,8,3.0470619749572974,-0.019136481784908635,-0.35148799646045986,-0.04159369012682956,0
205.75148676385245,0,22,29.324985389147606,0.468080352399336,0.28325634685389245,2.933641069291644,1
24.59106728072792,18,3,5.301823316276558,0.09627737439952937,0.6568198794202251,0.10868390994101583,0
82.79361097781134,23,2,67.19834648059697,1.7648800321706606,-0.4202037869701699,0.4720050465351554,0
102.42974676427295,17,1,8.81901169664199,1.8827415048739973,0.32757566213246353,-2.3958783212483636,0
219.2679986920786,11,5,15.39244016997766,-0.0232439850351388,0.4344438068220476,0.30640521392676934,0
156.16736921146602,9,7,26.364868753209535,-1.2845652339710558,0.7352385494145565,1.0534619373590681,0
12.298312173844689,2,8,15.28205766807622,1.5109436807628616,-0.40741610469488754,-1.072551216929792,0
233.13174381229484,12,9,23.777120906830245,-0.12561996067613454,0.5531111434887582,0.5601483167586685,0
33.94811886857126,0,2,4.264106403843143,-0.16075609590843024,0.3937241453291293,-1.0708260288649696,0
9.458750108536908,11,3,12.851523181382978,-1.0073474271649419,-0.9200969721941274,0.6903205461476243,0
4.962147478657403,19,6,14.407199602696537,-0.20554271013922737,-1.0248244275303857,-0.6729355304279562,0
15.355546448491168,8,9,16.989214515191446,1.6821607462836679,-1.2233244691156073,-0.4715799657749884,0
3.176639497109332,15,9,21.20532636616453,0.4441705088041939,0.9608241735891331,-0.7417979648519565,0
76.56598697318125,17,2,11.171842268820491,-0.4167817884178211,0.32553420588185894,2.4468937794857903,0
371.11721913836703,13,5,24.331268569966014,0.6395629308544326,1.9894123825740788,-1.410588812603178,0
77.6792804110609,20,8,2.7936344679242335,0.7283442253308534,0.7358858009462605,0.09773688855806409,0
391.58428126675943,23,9,1.4687011906364102,-1.7916609535117811,0.9993754747489685,-2.001089103942168,0
129.6386876619785,0,8,4.511383864674082,0.7093476093488155,1.4686564137609928,1.2258387708885818,0
59.28469158283548,19,9,34.83674651225972,0.43479736198759744,-0.13778781330127948,0.020336395176270283,0
10.492627540184854,21,2,36.865994647201404,1.231909515564442,-1.2315136500324815,0.7297491091018217,0
0.8695958434411772,15,3,2.6285116334894627,-1.5573299962417084,-0.41794062056527065,1.4798416093801885,0
19.334738537295927,12,5,46.223402780835976,2.107631328702607,2.8315503513995504,0.7865939693286693,0
129.9046328852943,17,2,9.823611278998797,-0.5548134515972051,-0.5345329946738723,-1.1826406005992451,0
40.54594424073117,17,9,16.409925072288495,-1.1909074306403862,0.045823116017654236,-0.13990797250789117,0
128.7564257123234,11,1,5.305382324374612,1.0437870512435294,0.8886628197703732,0.11511398864156527,0
215.9000954557107,15,2,15.821796658984633,-1.6036871455773145,-0.43790737248622563,-1.5585626973118376,0
12.1405589896868,23,1,1.2297977752405718,0.6548291712392367,1.4722915487827855,-1.2309174088258796,0
12.064656928943961,1,1,42.44124046443651,1.4407026919712949,0.757700368449407,-1.4676509537622684,0
225.74763228683156,9,4,14.37805990830462,-1.014711404594256,-1.0939263595537794,-0.5615954454569035,0
22.113064650747653,1,2,65.79504047974973,0.2770112029940243,-0.9256315064847639,-1.225314760409151,0
66.72746728279789,2,2,56.46300543077779,-0.2938012623669021,-0.39374052298088025,0.4213030145191309,0
44.828448755372776,1,8,12.82422532918308,-1.7150328325693582,-0.5832896025942761,-1.1836404451326332,0
289.18540290230203,18,2,15.641895617576155,0.250890916588367,0.015361801604540922,0.016365613172522255,0
224.4997007974314,20,6,25.674752538477343,-0.40747237319230695,-0.6044046787763676,0.3137597733312108,0
5.13776099792582,15,2,2.6869752809950445,1.4516222443932378,0.4924565353286228,-0.4727412085028888,0
76.80791332587742,14,2,0.7463885437416409,-0.8971094020388409,-0.08127508705208868,0.0711707963667153,0
47.42108817941042,1,5,15.961500657609731,-0.23036591077822352,-0.1194801408907421,-0.4279904484254867,0
72.67430719900482,21,5,13.627562891244239,1.1856347082423253,-1.3890927041506131,0.10869864734076093,0
80.94272917633043,14,6,11.249491784710921,0.4797658631275814,-0.5895869784482418,-0.5140917818986441,0
78.25296862015226,22,7,50.1218316675361,-1.2355700133092584,0.7323252427629862,-0.19415443737439758,0
32.14550410010408,20,2,14.13613626342076,0.16817442900652796,-0.582190852097541,0.8731763871853987,0
1.939011040740029,9,3,46.642933649943934,-1.0915904112552386,-1.3295167792458398,0.4034407793656098,0
53.69486167835801,18,6,3.2765176606101742,-0.35272222827955074,0.46119392108150864,0.454734557538383,0
68.99935771504421,3,7,0.2437939804621583,2.056337344431889,0.17261041424163426,-0.5278670848740821,0
31.656396204135405,10,4,6.239359359993516,-1.2012156441390893,0.5373905621860725,0.025584763305460407,0
52.628744210300084,17,9,37.176001242022714,0.4773638739913284,-0.8032398782203716,-0.00812624750717833,0
54.56396772586848,18,5,31.517240875171424,1.334192814438585,1.1753377129586777,0.4089372092006892,0
19.50166480037767,15,5,1.5685966891377836,0.11885501044116001,0.24077556099496927,1.07976773884591,0
109.54987690824352,21,4,43.327427533734706,-0.17259837755227408,-0.7733799529429677,0.5940650057256627,0
6.807596122968177,7,6,59.11520483553055,0.9762012206851699,-0.4901627448232876,-0.8435540937340057,0
190.73703654151106,2,8,21.26543652760956,0.5774160915866582,-0.9170790957952362,1.5896421669004968,0
196.78465863170527,7,2,5.264020465656346,0.164590820459079,0.2943437277886872,-0.23369685646177268,0
44.09546406043282,5,5,0.5471163507954175,-0.7167216046624241,-0.08037742525263601,0.6099233332422137,0
6.407628071075711,7,9,23.71478382901563,0.48713974487993383,0.8382186612061595,-1.3640711962016525,0
80.03126180142785,4,7,10.17104203172963,1.5105867748075572,1.6858592313369318,-0.17810004646524297,0
95.82911055302316,2,6,6.666639661160081,-0.4735721099392094,0.8882776916553047,1.9829582385537083,0
23.204903599376422,21,5,32.117884564547595,-2.006894018844693,-0.9249415882099906,-0.7892257239096072,0
57.85838952808945,22,5,5.904664329184665,-0.10796303248281396,0.01676627742101143,0.024129725007556023,0
88.17780142499095,4,7,2.478374588982572,-0.6584681223187635,-0.8605967491761027,-0.2880325339078762,0
50.96674294315693,1,3,3.820599506361046,-0.7136091010375778,-0.41302569571544495,0.057286435144017434,0
52.404410994847275,14,7,51.63858613993269,-0.4027571048041882,0.11767139777915904,-1.164975474273437,0
335.2247630945901,13,8,4.232107709764335,-1.0542252860029182,-1.5511365508507453,-1.398907662948742,0
76.13966912886977,8,9,13.707434018337787,0.28103530634665985,-0.989654214759941,-0.5242205412685028,0
70.01013808891578,5,1,3.569519809444286,-0.7828377291793682,-0.7688270653922703,0.2517389401509484,0
58.74478883388121,2,6,2.5695009973282734,1.2303878131020307,-0.4842096178162646,-0.7491290427192506,0
1576.622441498102,2,13,334.6939844288728,2.7470210861548945,-3.1321873505955073,3.436267232484748,1
87.20147046661516,5,9,20.063324924035484,0.371550765476065,0.7055444674621592,-1.0397642556455942,0
165.6481081642498,2,9,38.51317991312498,1.116056655280451,1.2538583195144113,-1.2603158328373525,0
79.44460587807379,3,6,27.157313050646913,1.2701520617476976,0.06183674605394426,0.1551060496903945,0
455.5898720595467,9,9,19.442263516474192,-1.1152549257506315,-1.696361788520517,1.4170806526856117,0
27.717834291011776,18,7,8.611116305440992,-0.840713753121399,1.1974236620224086,0.06539375388766261,0
150.9341782429628,6,3,9.23076825772302,-1.7071177241521869,0.34259629507740774,1.6659663234305249,0
32.68217606870281,13,3,23.094321858113428,-1.8113474857237861,-0.858743287059547,1.2899740476665065,0
16.049811635023374,16,5,1.7271076401225713,0.2501230629059395,0.3925400087998957,-0.5694449249574914,0
20.562546407650665,1,4,60.53581068344893,0.9695568919343804,-1.6101717090603433,-1.0226342596315035,0
37.89319878419776,12,3,4.655901944950097,1.1708551974828183,0.6178910065626476,-1.1839089639313372,0
82.97150822623112,19,8,2.513458615386102,-0.04210067920349573,0.6799818299505277,-0.13156464763465395,0
28.20572316844407,6,9,30.82314584997743,-1.352724111809922,-0.8318515637849228,1.5352551493861117,0
116.37521557411486,12,5,3.6591662968620327,-0.32388556381498834,-0.30972973296725786,-1.3891215279788207,0
29.90148637519043,8,5,10.229205831290994,-0.7303412341746409,-0.022093251811656223,0.17703900324393204,0
138.29401403279502,16,2,2.312459823740389,-1.5982054861727337,1.3615913903270374,1.175155553774873,0
190.04856599222222,2,3,55.03739026037664,0.27146118700108685,-0.2569514118504875,-0.05458009210868496,0
6.686183645180783,19,3,46.45628651732881,-0.35152942789106273,0.11488374642525874,-1.0898199341643116,0
22.171585084778094,7,4,28.205786632155743,-2.5203484743370237,0.6742648473791474,-0.1526290758291013,0
159.342310021217,9,1,1.538840891467272,-0.833791063052777,1.1236285580930745,1.8812490586389152,0
30.02431099192338,23,3,3.998592271697401,-0.31419727795685704,-0.5294432884192151,-1.49280252040983,0
21.083053201414664,20,5,41.04909568303809,0.3462601926067215,-1.773210521442536,0.6246333441643661,0
43.09747381310159,22,3,0.2588181526329812,-1.4358789074934766,-0.999406376951102,-0.6863437907454819,0
90.07775030162101,13,9,18.13636330747014,0.650728326754757,-1.6226763423941772,2.124881183619787,0
27.0104528251618,18,6,16.41443698921278,-0.38336299933215967,-0.46186421816977946,-0.26949398329646007,0
12.005953506457242,4,4,44.7978408146415,0.2181572693420262,0.06679714578250423,-0.010965102760897367,0
143.73111491947208,1,6,5.51798059094033,0.8105786903209016,-1.761796372731792,0.49631679815722596,0
107.1378855257514,1,8,12.117513904756759,-1.748961085289554,-1.271730186906965,-0.8354152270171262,0
72.36938377033171,1,3,2.1530803219156143,0.16700477422757068,0.2725986312366406,1.5612645611915126,0
115.73484394558278,11,8,18.436543808724156,-0.8414972028397323,-2.0606979814645436,0.39264947599803274,0
167.87393622433143,3,4,18.578958327149063,1.6460389914092888,0.4109312444289278,1.8638451807020433,0
84.31109071888216,12,2,6.999150286125975,1.2918685505975795,0.11114624892777974,-0.07150857146497039,0
143.49002172850453,11,8,18.491180455957025,-0.23603539546166377,-1.9778973101852588,-0.343656696495351,0
49.42808911971933,11,3,65.29355167919631,-0.11938070188623857,-1.2649932578340288,-0.03747268708005391,0
263.9962671981686,10,7,3.3995741955141847,-0.5178301912043859,0.28132687994837363,0.7418899869635346,0
137.29653974231425,2,7,8.946680018370744,-0.3636812720778923,-1.340372540955091,0.16044341062594777,0
64.48219451745389,14,3,15.34999519806577,-1.0920282333363716,-1.7714596261398783,1.7491848493948563,0
122.37151546932373,14,5,21.80255536978493,-0.25209754338880846,-0.8653922617287539,-0.19638580131181332,0
250.41771331270812,14,8,76.25402003042612,1.7311505808644736,0.8389602555248797,0.5338364213757206,0
54.73361813304549,4,2,26.461768995939078,1.2805101696754135,1.0482660389106544,-0.7112507646577163,0
130.57339963931238,13,6,42.531306693872644,0.368569696631492,1.998278353999209,-1.1196079402171397,0
113.76242948394787,8,8,61.68560132654345,-0.9533639169279947,0.39513045982463635,-1.9181618678787808,0
136.46728204479726,19,7,30.526115966767932,0.7639499073071464,-0.7847245909880806,-1.5724415684947104,0
29.432641089275396,6,2,22.804097268839364,-0.9474439969062218,-0.8773272090523543,0.7309886084503139,0
117.89199673173877,12,1,41.18581969464758,0.3059263576088552,0.1324075386427835,0.22837430565025563,0
114.77096233735644,23,8,10.08766060662342,-0.8616147313794714,-0.45219226460212275,0.18843321138644478,0
72.27931537009673,6,3,15.51777620513726,-2.195717806608188,-0.964177376040175,0.2778950985129418,0
28.810990074223138,22,7,6.604080622450882,-3.4198151794120912,-2.6506117487978527,0.07484649049139419,0
28.141805528370817,22,8,3.656201274328641,0.775661124366797,0.31928149780529325,-1.3021993816448982,0
113.93382434412436,2,1,13.612156753905445,-0.42587537343176873,-0.26220254146419103,0.12537536870606872,0
85.46440311322434,3,7,18.236110897298897,1.2614264627281928,-1.5415075949166677,0.011109168874605219,0
90.28780351035913,8,9,49.00678302359072,-1.0580909242202157,-0.26654975500488537,-0.1282969854823272,0
141.2327907297726,8,8,18.070229779954307,0.9301662288815993,-2.314001121223259,0.5490104850920987,0
167.88869103206355,5,8,13.227596972140983,0.45039185815499777,0.351162007814965,0.6543209927013732,0
50.089481083779745,15,2,9.1483117495919,1.1804985618607264,-1.0077910540877386,-0.30310037992887984,0
23.860374394315112,3,5,4.0525171040239245,0.7643059123528986,0.3712422091816074,0.6139843787390781,0
285.7922013454383,3,13,61.92434316822953,2.432505637884178,-3.887693511157307,1.4536380156435857,1
0.7978712366522174,8,9,62.32126904196326,0.7250162033791778,-0.2646368364939186,0.9322511593974687,0
44.715062164244905,2,3,1.4411270456918115,1.7074659125036433,-0.8297150831481912,-0.21406271473237976,0
17.49420468497793,2,7,58.67366614917987,1.4206371277798835,0.3996403444335376,0.33795777916145564,0
9.298996335615401,23,8,22.966198897496575,-0.6088973190837463,0.790483628481777,-0.2624776274776282,0
36.78942947664106,2,20,6.672956384945186,2.8873522070133397,-4.245323133999628,0.6408306904664129,1
22.73136799838367,7,2,32.80335345882733,0.8901134004564039,-0.1682022131908305,0.3820438854976179,0
128.69715631439203,23,6,21.086871071434455,-0.29440126648216086,-0.803015439116779,0.6754283116384958,0
32.22525356583347,8,8,1.8252985122985297,0.12503287162949525,-1.000068347455666,-1.6837806198025809,0
35.63938738519593,1,5,9.560953576424117,0.6053486830451628,0.030913882374932908,-0.13590701331613964,0
26.848467857235722,0,9,2.1195909081898234,1.0046920585296186,0.6546407274555777,-0.5652205698697504,0
52.90127296105525,3,5,55.743826579439016,3.059706271084655,0.15919736699312714,-1.5420205873702058,0
29.17705490790858,10,2,0.3977145792858758,0.0799569867657609,-0.9443551412333039,0.3729526775893696,0
272.98537891224663,5,9,19.98745163892152,0.16342741123551757,-0.15283225140698692,-0.3034827286931895,0
95.6463731497587,1,9,18.238445394247154,1.7009483575989648,-1.6557700604523522,0.26494959390926565,0
137.0173230927827,6,6,4.327236018852807,-0.336120598002291,0.03315330446521618,1.8306982727430745,0
14.652027105844676,2,9,55.12057685476104,0.7700170441952867,0.6764105247761434,0.45347184306748956,0
40.32617250468232,7,7,39.471517644359466,1.8106372892143596,0.8001144980269537,0.09138338545658027,0
128.2191440080729,15,7,14.856694520764105,-0.6835656869173884,-2.640622585122709,-1.3793410826195633,0
15.378255236729721,22,6,3.6807993948009403,0.18855880342153764,0.26813157665718573,1.011459004607758,0
41.85419746970135,1,6,19.376325872999193,1.1930395472034865,0.08608166908600347,1.3273524453237369,0
102.43114969959278,3,7,9.492626917281136,-0.3878498990080281,-0.48219347773586296,0.9756811792713247,0
79.0874952293837,16,9,64.48088676627623,1.064634229172203,0.12712194506899407,0.7330224635999503,0
36.27925492471134,21,5,2.0633349319937357,-0.024891358958867175,1.2652056916478573,-0.30108718353954705,0
52.08231049694141,1,8,43.904878680403925,-0.6672125933768445,-1.5626704447345243,-0.026569150911233526,0
35.12810964183926,17,5,11.284541597935364,-0.10360829420560745,-0.8474073075538474,-0.40143270105310913,0
98.68440552748872,9,9,4.452561079118601,-0.975348036896983,1.1524891164500897,1.4066059098829744,0
25.855848792782375,23,7,93.40080620916034,-0.5820225300390551,0.03567928375794953,1.837102216685389,0
67.52898691485244,22,5,11.42180985996443,0.27535997923299943,-0.6101225402274167,0.012843255201171395,0
461.44652921206074,13,8,94.40115914396786,-0.6439016454725994,-0.7770637030293992,1.9555843270270872,0
5.123561950247869,22,7,3.733935199684639,-0.6159704530855945,0.1988375150504223,-0.13961536624247053,0
2.5303239276444,6,3,6.149395180254762,0.13606700481355624,-0.5207012548939999,-0.986676270607882,0
42.00115999282119,16,1,2.811838885830362,-0.839356803886984,-0.6159041494897133,-0.40965069151573147,0
35.98288756391443,15,7,0.249747171978906,-1.4461970802115134,0.11656482788611816,-0.006488354455653602,0
112.56459621300685,17,1,3.9843216069516108,-0.011799672576654577,0.2509863685807407,-0.18255425482709142,0
52.93507067997149,4,8,31.850724717538167,-1.706548592558585,1.314435335329367,-0.6627919716070985,0
70.22606894446045,7,9,3.035855318025482,0.9754137319288797,-0.7139877137974017,0.2430091296823373,0
22.70617260319331,21,5,14.29433898603676,-0.4787793601858425,0.8671104020229147,1.3845425698509561,0
110.32450141032896,6,2,7.458983731244656,0.1797701936002887,0.2505186821325862,0.4720965471028648,0
160.89846915839516,2,6,6.296838419095078,1.2602998877195846,-1.6783896940860958,1.2770217333787868,0
125.44763406655434,0,9,85.09579201356962,0.4481042354580357,0.9443264138700055,-1.1780526365604012,0
124.58288130152626,21,9,19.102060515053758,0.1211780256124466,1.4342056856543408,1.7997354864006105,0
55.00100900892317,18,6,3.4940564357235218,0.5631792268736323,-0.37384779515820077,0.059258072729135164,0
142.87660566436483,16,4,26.532004132446964,1.3036571644017645,-0.4353859533194196,-0.5026250802987424,0
6.859592596554887,20,5,39.004643604810234,0.6590453151355288,1.0695436245027723,0.11471785936995442,0
40.50517049678915,12,8,16.1245918661276,0.4118920772174834,-0.6827189495699696,-0.011661648684102417,0
351.64467339242634,12,3,25.913464172325263,0.8827070466881332,0.3379981206959357,-0.28857148260390114,0
0.7263651080723428,9,4,71.17178512733233,-1.4456137659036266,-0.4671995148738043,-0.9762191766577395,0
137.80331642651566,19,5,0.06757289496282866,1.4220867046552985,1.9361971968418243,-0.7937937576125098,0
13.844354460831958,1,3,2.485688670307428,-1.3220846721149107,-1.0101424148375322,-0.94861986775502,0
345.3746124183547,4,3,1.0731567795987418,0.9917502361421581,-0.5310818020045925,-0.15819515281039317,0
81.1126105067646,16,3,53.128448850781744,-0.5484646272376951,0.6597418430381006,-2.18750067620184,0
45.589922602667635,11,8,40.35287527550434,-0.32141996860288025,0.26486271603812284,0.015672831838933546,0
341.50191516815875,12,6,32.43206088803968,-0.14757516439719412,0.9777382355681574,0.6744934610580055,0
21.02092631607448,22,4,32.404353932122596,0.07064940806056073,0.5438331667430307,0.7930743720183999,0
63.63006003601253,6,5,9.977936351179666,2.3874963228742714,0.9112747053282689,0.2614465985817695,0
62.59752809565106,3,6,1.389326703771589,-1.3065258917695142,-0.5094297256533595,-0.5844161452207307,0
11.797417386711142,2,1,29.360171336779054,-0.3724121364247545,-1.722300099627042,0.7830721518306724,0
3.1807481344436765,17,3,54.69411334306605,-0.5824565446669256,-0.03829772997780065,-1.2215087528086097,0
735.9997648939625,0,19,46.820551206284414,0.6900315996346671,-2.002127770949964,0.16749277432434928,1
8.794884688109825,17,8,16.641064488404172,0.24475780256009652,2.494369707553231,-1.191295290589005,0
113.83842119278782,12,8,19.791028620301226,0.5571241472949836,-1.3732127114027275,0.36926531753444225,0
83.9050447574848,5,2,10.361371123343165,-0.9254031381399691,0.15059696661528926,-2.0863241335833753,0
27.5527322197929,9,2,6.243504745061577,-0.9928703665748838,2.0551319656319547,1.1422471295475496,0
653.7956478254466,18,5,9.136493816767736,0.17699221092223072,0.8408724096995623,0.875069941336684,0
89.27300878543535,1,7,1.321896429707448,1.8858287636997786,-0.5935911403691042,0.19548671402813794,0
251.20597357311865,20,9,1.6286627104833067,-0.5520833474133564,-0.6324975461251405,0.06891916492721675,0
23.936291716483986,15,7,12.34962799326672,-1.0738631778357464,0.8504904518915329,-0.12334388236551146,0
457.0303909439948,1,1,6.727613196395471,-0.18240938346211924,0.1281904981813234,1.7693277891236254,0
3.208458408001234,2,2,7.755095651569274,0.2792738409045304,0.41900460041790044,0.40495284810308807,0
57.72200224578569,15,7,25.464897201195242,0.23371494729471268,0.3145803641541037,-1.5086125895073559,0
40.2194576465094,5,7,6.523664979168672,-0.21435171131020575,1.0138192368213195,0.48127435339060404,0
46.786215420799955,14,8,47.31211663479194,-1.5952928806215314,0.27830405077078463,-1.1643393073072192,0
45.511930504185905,18,6,7.760017909120642,-0.31565123822287544,-1.3022452955956918,-0.33307433653386603,0
89.35097965809035,11,3,5.283188379596766,0.3996792123555951,-1.8209685057697313,-1.2913797457834093,0
5.673181886962966,8,2,21.918436852044678,-0.11155967713193052,-0.17599554412824692,0.4776326425809135,0
7.028441733488407,11,1,12.265506637451754,-0.3849825379558891,2.7124859466953093,-0.7545708576489529,0
2.875990184924336,19,4,20.251674372002036,-0.2759394224963439,0.5860804903131819,0.43777249755360137,0
24.052830356350732,21,1,10.189223267608135,0.11448615840724041,1.396359944381337,-1.2010753030023888,0
0.04784941372103085,7,1,4.388885204431636,0.13911132052009756,-3.2387898203173533,0.6288510872755013,0
32.06388883773714,13,4,14.474616400580443,0.10645441032767002,1.198087963489708,0.3100728667188213,0
91.43469541009361,7,6,59.43903082318461,-0.29880450484864224,-0.4980527198284851,1.4114655945067667,0
88.49936885504408,23,2,0.46741304050517063,0.8283619575238471,-1.3061927972269274,-0.9660779634638902,0
90.82292093597462,18,3,10.547438529081345,0.29693954520150534,0.17104885207594267,-0.019934110089417485,0
182.64656080531813,14,2,8.413913546459561,1.0389986383065721,-0.4290255519602415,-0.03685003819488654,0
35.16387821782828,4,7,17.75825270797518,0.4200289711022757,-0.5696612480187717,1.3225339563793967,0
238.04405124638083,9,2,14.590814037715095,-1.4028068334989374,2.157081802205351,-0.8372587366005749,0
4.642157107586897,4,6,16.118868677220682,-1.1912106247205203,1.4295557130065113,-0.3038887470450361,0
93.93700220541753,11,5,1.7868301889086193,-0.3073649645717757,-0.8384172907556593,-0.5827551380045656,0
25.949070375408677,19,5,10.777558064819573,-0.8431051007320463,-0.3784273757348716,0.8445864463236791,0
76.07142594503443,5,4,19.83428240984092,-0.45495145259747405,-0.8748623906746194,-0.6018041637466323,0
511.6907310847524,0,17,394.36130013928124,3.674482923006416,-4.756094645507701,0.31959927402955945,1
40.40641050393438,2,5,20.029314607852516,-0.018754066225753496,-0.9097516737141205,-1.011987779342337,0
33.10325147240247,7,1,8.69329994040465,0.8412967992969753,-0.16138189556420862,-0.5391424414440781,0
150.3884857062938,9,3,8.305543239479862,-0.3238180125248743,0.09413964555729154,-1.6415649950205202,0
41.10357558846016,18,7,6.8418617887394095,-0.8500508456830119,-1.8761626207804942,-0.7995043827045157,0
280.32893891617454,0,2,12.223761139233403,2.0674448838346406,-0.3870602071674683,-1.1845916063199422,0
49.075719386322774,5,2,1.6508248490249946,-0.7530408892764614,-0.7254148045088507,-0.7434524459337296,0
27.649557433463947,19,1,36.362557125877196,-0.41562117996792225,1.176735539315917,0.8561718363230225,0
33.85166027887087,10,3,31.096316272099628,-2.5250067911737077,-0.6297431692719763,-0.7436625349208,0
27.45609063123712,10,4,22.87682082639889,-0.6364159295539596,-1.1236830131700797,0.2576508858964005,0
167.95326512695573,18,1,11.246528744829796,-0.15238426921112008,0.4329509187663276,0.3863760308251943,0
18.848227060021056,5,2,0.9606720685224983,1.0624952635468503,-0.7221004670785612,-0.28217658926175887,0
93.407490487745,12,1,26.7756117436743,-1.9681121813520805,1.224222411573981,0.14794850437541363,0
8.498026838530418,22,1,4.304336652967721,-0.4276492938756928,-1.0882700594733754,-0.6752611750644743,0
47.30785031325402,17,2,9.7132851809864,0.7137843046417697,-0.13174264069731725,2.2249652031617932,0
52.51096726058542,7,2,32.14006796161858,-0.7790305264093323,1.2232092282211284,-0.7674663267653105,0
15.282695726094826,19,6,4.431312534599182,0.25814288105297384,1.0411979357532817,-1.6366379762940841,0
35.75633940202663,17,2,48.479085512511226,1.093069259916797,1.0620435153188557,0.5388249451661457,0
86.71019438389116,12,2,21.91222601935024,-1.9596457271507892,0.4571496048613624,-1.1292658984089499,0
17.805742277511467,8,8,30.76487134345517,-0.48170030101762323,-0.2585709675425242,0.7837360565949635,0
87.48637471373385,15,7,22.604184432984155,0.9845038055734302,-1.336285131838213,0.8130885072214493,0
44.61472633427451,11,9,4.782362563323369,0.6256624033360343,1.3236541021775767,0.1842925521335891,0
42.349190192502626,2,1,18.81839878047732,0.24129669833042966,0.12350510714418059,0.765294923938275,0
43.88112401575361,14,4,8.710688576528621,1.0522414109439173,0.4814284032964965,-0.3047133786693015,0
0.8270197427262761,1,5,12.680769257967679,1.3866024558025023,-1.0837254282664195,-0.7794188840122352,0
115.34992524390623,16,2,8.163971090092858,0.2767964393450264,1.7969191439300536,-0.3837915479234253,0
317.85307743795266,7,8,17.951498674211823,0.24066468585728554,-0.3096596786545934,0.6033039051590727,0
240.51567031248817,15,9,9.474700422422991,-1.692426913931632,1.4239896387675963,-0.2263121064688513,0
264.83377768077105,23,7,37.14110800881714,-0.3790697055835647,-0.1466783136045462,1.2455849926057558,0
3.3969386400841355,5,9,3.076941687157715,0.801811716526057,0.8141702653039851,-0.263353874955315,0
5.892383240578889,17,5,50.63040226200167,-0.48628990383027526,-0.06730568503169038,-2.2873069611069843,0
36.79883620473361,23,8,0.6464462879411299,0.5492750256382672,0.40360244634903714,0.3233511193290266,0
1.038509142786831,4,9,4.293700635392049,-0.6951691705089916,-1.1456871703659177,0.036997172999523535,0
595.3378327763525,1,7,0.9071497149524068,2.72200009345846,0.1492475590032183,-0.7884548888969781,0
2.0571318986117624,3,7,46.348205691352874,0.7868558024826998,1.7211612446841134,-0.165787815731049,0
84.93601684471403,14,7,22.720358420079517,0.33943617604086196,0.7695633694540893,-1.0915815075869173,0
46.75452178975722,5,9,36.08692762875581,0.6234639256691021,-0.7702856814779829,-0.30344053577101987,0
52.54866882158357,21,3,16.281381584203107,-0.3931515789766409,2.2932057632140337,-0.8916464469762176,0
72.0453582858757,23,8,41.210382091977785,-0.18345185387836582,0.6702018609200677,1.289935733070701,0
1.0544755860527382,13,5,8.285282725361855,0.3008418923161398,-1.0490761747878792,0.06782265598414258,0
11.891629644307379,4,8,14.10777469732878,-0.9015281476102877,-0.49229540048168086,0.5718129037291528,0
313.09224780644735,3,3,8.786706609194615,0.8746543051845657,0.7115968031001441,0.7011223580986167,0
74.59951575724716,22,4,30.041597914964612,-1.8571969111478615,1.0773834167832856,-1.0513153534154869,0
147.62967936495772,3,8,54.36060675102334,-0.31378070423789584,0.21967224611500796,-1.1158039600630405,0
60.81490248497679,17,1,19.99113528626315,0.21284816860377934,-0.5989009966364829,0.3757449124332505,0
178.5490416657462,6,9,3.0392460512179746,-0.14174699680728078,-0.7203335303278557,-1.245235721500435,0
180.46134034644908,4,4,27.9505783573564,-1.4199544720110575,1.0609205568874012,0.5396005626195278,0
223.84037274808432,16,4,12.100530512395158,0.03091209665132714,1.255833568237457,0.4081141660640866,0
28.388479206391445,12,2,13.561655875839847,-1.6916548995665759,-0.5423582153127526,-0.7161128984345744,0
80.30702617101106,8,4,6.713903598441585,0.012468437786390818,0.6151928223481803,-0.20724336040283786,0
13.899929631614663,15,7,13.16627769533426,0.6969977639624532,1.9832418142218982,-0.7456816900506652,0
37.54248638038652,13,3,35.736891565543075,0.5663826480430008,0.20823114628346232,0.9556206429066346,0
173.99191340529757,23,7,11.49934737443785,-0.3442688839979391,1.358194822887162,-0.048944619260621665,0
25.934147450292066,16,3,27.449855427654526,-1.6326560065470286,0.04555877746710435,0.06279584939544171,0
89.62910740758699,12,8,29.26351738452109,-0.6058724027502305,1.292873101930983,0.3972296096556172,0
57.98688549582168,11,1,2.4571854437651703,0.1243304840879506,-1.44877732205024,-2.203611423345644,0
89.07530268152817,20,3,2.530301507655718,-0.36394064334738935,-1.278511501272209,1.0654929744875785,0
176.8803795345167,13,4,59.59083479835981,-1.5700590921244675,-1.538210790333714,-0.09316378027957956,0
1.1167290051390102,14,8,30.705553329205607,2.101241111469776,1.097815483081691,1.3671203890579573,0
132.82667984310376,4,4,39.76541598762466,1.4780327551149253,0.35576655112013317,-0.9624193810049976,0
73.51838088602106,20,8,25.066657192807323,-1.5648747928615192,1.6008608123314565,0.37819689038167037,0
48.43781907710979,17,1,3.863052007957473,-0.27359720268898297,1.0762335295357706,1.028848175526143,0
46.68705227382159,0,2,9.752647911806598,-0.23934351348120195,0.012407841005039368,1.1814717478739227,0
8.681915981918605,4,2,27.67277219857005,0.6107468718442357,1.0023389237220184,-0.14261187433919545,0
85.40673525473673,23,4,3.6370181924848244,2.189678641719767,-0.42560933873483586,0.3201659379977185,0
1.6220288600251611,17,5,48.561138821614726,-0.7106155194142298,0.1338598744336225,0.9689278294203088,0
197.26550224570872,22,8,2.3961843638954674,-0.7146485164153702,-1.687758698862264,-1.4901593086731695,0
22.215424260852267,12,3,74.47114007548548,0.8974096356414422,-0.5421749228749163,1.2562330360079226,0
42.86763611208074,17,5,10.036382699913668,1.3707737239243805,1.7139453605305517,-0.946143429380259,0
3.204900569818139,5,2,21.00454325299478,1.598149104031678,0.013081252905445446,-0.6044230665306409,0
4.244111043404931,17,8,14.773375868341434,-0.9107877831597694,-1.3144636599647854,-0.5118801458836034,0
68.94294727517159,1,2,8.030541100538436,-0.4622942418887698,0.9160884721512306,-0.5785818928110454,0
5.157221833326931,0,7,22.22162527415496,-0.06079314046862492,-0.2481995487283746,1.7817836957426894,0
160.85035339951924,2,3,13.419838302522905,-0.09666282176479102,0.3057620107799515,0.720280071778333,0
74.98470580532798,9,2,46.73273664295806,0.6259589382482353,1.7918887816181848,-0.03592422735934994,0
112.28011607962735,1,4,1.3610857137094206,0.46462520567805127,0.8885843880708155,-1.1407678283749456,0
53.46562637295332,18,9,16.94642761577027,0.2493731796799451,-1.8534763834475565,-0.9075284125098663,0
9.643129711877542,8,5,0.636456038693465,0.23282306213007803,-0.7891681373287791,-2.7878428691753356,0
146.19776063238507,0,6,4.890744968470333,-1.5224892349115635,0.021842630432228838,0.5586329210498886,0
64.63554681569411,8,7,13.791538698060277,-0.3806513124560578,-0.67535089297909,1.4795571345519178,0
23.714155806692112,0,7,8.537587836207273,1.5877553788292071,0.6089115549031106,1.0537747135630808,0
67.89965940730502,13,8,9.830193603129931,0.8026583881083518,-0.8701596157594107,1.024492925551009,0
49.52596149331008,23,9,35.60343822888579,-0.44912997550759676,-1.8184182836023473,-0.4907736926100876,0
58.8773564238629,10,9,2.339990733612662,-1.8045641367983745,-0.7585358815209579,-1.8077708115407969,0
5.154042722054748,16,6,17.56504618606995,1.7593395350618295,2.3013244093678478,-0.33793656744306133,0
157.08662497233763,12,5,27.85051925351821,-0.3316684212374049,-1.5110334291579897,1.8285907155426342,0
80.53716142666207,9,9,0.30141987273034526,-0.2567450232526448,0.939686404909751,1.4932863956119635,0
78.60529592818514,11,7,21.641785441615255,0.18532165889781335,1.1726872478345105,-0.34968190602067173,0
10.109400759144558,10,9,91.99491862928632,-0.3323459259382978,-0.7839959297340083,1.1841294749599731,0
106.24963997907696,10,9,37.55395524858375,-0.4553334889862657,0.634616742533975,-0.3577824936021369,0
432.95425911832695,1,21,215.73075324674846,2.543374270561502,-1.1953097031509041,3.8465868550333475,1
197.06341882022502,18,9,15.068352222967592,0.7896730670157065,-1.2118694582601663,-0.11706667750041706,0
26.123849490491644,16,9,41.88428711846008,0.0331261847123887,-0.6296091911894043,-0.4393552977355351,0
84.7119796873776,23,3,2.8929981947623533,-1.9234372407919207,-0.04547256846378479,0.6070406874463314,0
35.06770756107266,20,9,34.8954349159131,0.7250373259923628,-0.0901462888877925,-0.49496974724235526,0
167.70461007603592,20,6,1.7880924265184772,1.5699943507399552,-0.870017223388556,-0.7387286246703452,0
79.56031993959081,9,7,32.33459142403148,-1.0665151103307813,0.021640703695693462,-0.10832674310601818,0
72.20608380314576,6,7,36.853422833082746,0.6075467236359323,0.04151115264154473,0.13735753992580815,0
83.58300696794744,5,7,19.427052825238412,-0.7781587161623965,-0.5761297822881749,1.9299262795631809,0
1.1534983790409217,12,9,23.268293270332197,-0.46301780208395865,0.8895063928254586,-0.48583960312185565,0
28.86791759858504,19,6,27.125461996715682,1.0175517381656227,-2.102670242939629,-0.1672309439355046,0
28.113175178584445,22,5,14.006730336922615,-0.45686243415968675,0.6496343575310342,0.44894736661820966,0
30.3144500483241,7,9,108.36753432030878,-0.7038124391958426,1.7974179599380784,-0.08314894783943062,0
22.691078516166495,11,5,0.33558910351138105,0.3643783412933413,-0.8693225800425791,-0.3287036402429336,0
0.785511630765058,1,2,12.571956254130505,-0.5358802788344833,-0.9054170547503619,-1.061388491981924,0
18.386563429707,1,4,44.94974655994439,1.2663378568988877,-0.19108732441870616,0.44005351080385263,0
56.88763449746472,11,7,26.10778598832651,0.5330807403753985,-0.7826647732737368,0.10907015906121705,0
10.966052958430797,3,6,4.686805830837287,-1.1589142743238858,-0.21075399027435418,2.8458482096890783,0
112.93021790229844,10,9,4.859053455938119,0.9869006655501169,2.4127215260317305,-0.5446768517461054,0
2.762841883536945,21,4,25.082659094741864,0.9972546280582426,-0.08914911430899343,0.5409118576614518,0
80.3467421672282,20,2,12.780632155795992,0.5583084961264511,0.23074691429680175,0.5994012242127051,0
16.082968318308232,20,1,51.90873390950721,-1.1153793604061024,0.3274728522515789,-0.6198920086583627,0
396.54628863408266,12,4,7.022226617622556,1.3744688734311037,-1.8728678948339816,-0.20981413504933114,0
247.3194391782738,2,8,13.753532916033603,-0.6611922556725204,-0.3345550199391874,0.6729653597194395,0
28.89232320412401,10,2,16.51732455634718,-1.6738404373688378,-0.3338603259187658,1.155891410631561,0
60.39169451843716,19,2,8.252499224766588,-0.4382827221244085,0.2463571061262324,0.4795479335821979,0
13.82805309389225,9,3,16.731776685488356,-0.8620970437447922,1.1798950714788932,0.938047167947494,0
146.27644513718292,23,5,0.6531678622676464,-1.0031984649030776,0.7898785257568142,-1.3123152241818858,0
11.200973526098474,13,2,8.43713082789241,-0.6683282980682599,1.9410195856333146,-0.6494955726916601,0
47.732432952488146,21,2,43.89408340303227,-0.9102737224880452,0.4181540432253344,0.9993200520879085,0
54.225675404283926,3,3,23.89495379084089,-0.4973586539216688,-0.0008053586669072449,-0.40941565076610587,0
37.84956526541897,5,5,23.859604462497487,-0.482740126875358,0.5216517809784946,-0.03879403846078679,0
127.14196023135119,23,1,16.937947554572766,-0.9595721873504685,-1.7143442633905823,0.5418414316121155,0
64.54317138332539,5,1,22.996237176580664,0.1672222680732984,1.7932417139921888,0.4529454047163297,0
16.06440689669004,6,8,69.71660267422368,-0.19345205725102613,-1.2537779233677009,0.6559274242115021,0
139.29183303555814,0,1,43.54067286465154,1.1851713884967752,-1.1544608213292546,-0.043410373011896104,0
11.770435905561602,12,1,18.81802439225478,-0.09963760438463885,0.4379985914318535,-2.0764024642238916,0
91.2118236220295,17,1,15.948953943095937,-1.4062471045815133,0.8575995345098767,-0.7447918122198587,0
74.54781620708945,11,7,35.379305599424754,0.9776135772825246,-0.2379903088307421,-0.481628802967682,0
34.47805128584595,2,9,20.821684858576308,-1.197232060875088,-0.16112947922645485,0.02242659119955621,0
6.761555778844683,20,7,9.899810801911487,1.1591538084272444,-0.6597755595450697,1.4944204074152139,0
160.53240023540778,16,4,33.90515004240549,-0.5979934563046999,0.7920953303626079,-0.7599558971047305,0
28.511201912896563,17,6,3.8797270253437555,-1.4764288614680332,0.25609841978533415,0.18975462857514402,0
30.494577609070653,22,4,6.348736349053958,-0.4304355740914681,1.3944156701254897,-0.7201575117230138,0
33.3922202997467,12,8,9.13044871901137,-0.8944842395445749,-1.2110585173479005,-0.26662854431953575,0
31.482566944246948,20,4,30.415737642694207,-0.41398644712492055,-0.49251189056523076,0.5115988544966338,0
5.905354960242102,1,7,13.093807805595256,-0.7251306674374006,-2.5232849262050348,1.459081847740695,0
55.17316930076876,23,6,32.97299699388762,1.0424710589570811,0.031061747459672547,1.8837427725801008,0
308.98671743810576,3,8,12.14909286089476,0.49528381637637364,-0.7192801431286939,-0.429597538820943,0
558.6858736010948,2,13,97.51612672255241,-0.8489091937259055,-0.8919088583204928,0.34562829535208994,1
19.698020475274667,18,9,40.07174592615742,1.0897616974248518,0.2605316145415667,-0.5020861504840796,0
79.8475654178968,10,6,4.443799209668694,0.24002417488554262,-1.418894613875017,-1.033270153286358,0
6.770519746255596,7,3,31.096554954621247,-0.03704953080571096,-0.7118719099978182,-0.891063713519443,0
71.08072375393999,16,9,13.146217187911816,-1.2732472888919533,1.3946006704953677,0.2200678448689127,0
25.622506288223434,13,6,34.748754641892596,0.161280453312941,-0.6161337466807963,-1.9735967316199197,0
123.4714225500469,3,6,2.359813556284482,0.11995293025969034,0.5216441831576897,-0.9199910111788303,0
64.81058885492064,15,1,9.91466343361687,0.29384537061159527,0.30754244986083173,0.21119301453266817,0
99.87468250149331,13,3,42.04915188755408,-0.6092185896490773,1.5730822075210518,0.3125530388271029,0
55.10253912391136,19,6,4.136769574927463,0.045195679104027796,0.1525876419256268,-0.24420096669130875,0
9.767354184225383,21,6,45.8703188390968,-0.984848643997843,0.02509135489195859,0.06573092361009397,0
33.52300389186217,0,27,136.97355127094787,4.524363166397852,-2.1679804466446098,0.40230965524614404,1
4.293827063665924,14,7,13.189275963137066,-1.4140823972663514,0.00831510522813468,-0.20486729699039533,0
5.16861508509313,14,5,6.617818134548784,-0.5250693223141331,0.7644330250807124,-0.4686109932583853,0
152.0766020482131,19,4,13.949533017024248,0.4511950852769127,-0.9078507643978491,0.17403018413438848,0
139.76321280828128,0,9,18.74596536281769,-0.6522025030919919,0.08198166331422499,0.6052253401267543,0
288.9847524930341,6,3,7.7731098721748415,1.4136239555584724,0.44060121758279136,-0.035470672798276086,0
12.177449803705825,22,2,2.0332310202016233,-0.16086875733179734,0.798438364859541,-0.1368237186963647,0
5.364174280854549,14,5,43.840709268958406,-0.022824755855237834,-0.7925048708050512,-1.4060599718086115,0
276.71628554450524,2,9,24.270142717617414,0.5065494350018731,0.12934947166948788,-0.3147609383672276,0
66.38939775013779,13,6,8.541699307570891,0.7924961373644691,-0.13305971498643523,-0.7802953752955407,0
87.20500201176792,17,7,15.011678688465285,0.06381038788646871,-0.8726960322414474,-1.9235206708868036,0
57.50259850308396,19,5,92.92304091197094,0.8783390455905801,-0.017804440271034408,0.7364167256067159,0
69.63624546339548,0,8,34.76849711311552,-0.11656215519923845,-1.6035851583870422,-0.8279439502969239,0
85.1930000958896,14,8,7.646612124626505,-0.7065712846963044,0.5104343327693658,-0.2571206522302642,0
25.390408948349755,0,5,11.899230340998159,1.3274299567492625,0.49413537879833375,-0.07244928534566028,0
1.3101451339472414,14,1,10.048841075255037,0.11933637902614841,0.23926614116266792,-1.1459137144776643,0
23.514323219918218,17,8,9.085176892543519,-0.12582150713764562,0.8066809042333004,0.22812792457386152,0
2.934680448906168,0,2,36.43460674208854,0.6520012688077619,0.12145711088441946,1.058777736859005,0
103.21091497763021,4,6,4.640461542279622,-1.2541386676831436,-0.2872078797860543,-0.2227297744725816,0
94.22557141806581,4,3,9.776865541127988,0.5019934306743351,-0.5414839139113727,-0.16624426827205085,0
58.2930541049263,5,4,7.2005758601370395,2.3253820566823906,-0.30062318480831546,-1.3680290793119052,0
262.99039386148814,13,3,14.891498950957796,0.24103462214212115,0.6270658410707851,-0.730982503583159,0
35.93494085675924,22,4,7.301577680692661,0.6074578004205566,-1.782256904852561,-0.7839919166878987,0
3.2110733127505786,5,5,9.817156328282099,0.9008745611707648,0.48066026400516504,-0.5854832758482212,0
33.226081045485365,20,5,26.15040299606455,-1.5302552181118851,-0.15878827957021457,0.08756094436591162,0
110.52885555870581,18,4,8.532055911227644,0.4112890045259721,0.5125874113196797,1.1059903962856572,0
38.24016463264802,2,7,0.8568559974242396,-1.199611075235539,0.09238465776835848,2.6302854098027537,0
297.95640185143026,7,2,21.919224329985852,1.7520697995709342,-0.4403190700947759,-0.005054430618108133,0
100.15582661058693,8,5,6.809460400016134,0.615640716846235,1.0837975762442966,-0.3907963319343301,0
14.205803503880768,8,7,4.275634342211601,-1.0764787463713237,-0.5372771868759041,1.1401601900965082,0
118.9745704536798,9,9,3.561518426265045,-0.2405964387800553,-0.10734096659751288,0.40257539344530285,0
110.3791445735801,21,3,21.428115417103463,0.46993888005285933,1.1203230601972243,-1.623821226655129,0
122.7484660982956,23,8,3.3406189666275043,0.4053330239987285,-0.7418902202792426,0.8884818156753843,0
374.0401768629642,23,6,20.010989613424176,0.4811350531688068,0.014448510471436525,-0.24904501403030516,0
69.43288438922166,10,6,17.45509171630585,-0.24728049894919862,1.294237397528483,1.0806067077644848,0
35.14156893837996,14,9,7.8386387877546095,0.35889016101162935,0.5063290722731925,-0.24934425102874958,0
37.76167996953005,10,6,2.708571615385244,1.030749665696823,-0.7073249636081914,-0.4366326117551472,0
28.058167401894476,22,4,33.01551126571879,0.10345193771048697,-0.12504309797265503,0.19504796954392745,0
0.712223813782819,11,3,9.756218411204653,0.2874923602288157,-1.6856367185159162,1.0047929959925423,0
65.99794702332733,23,15,74.43260943734018,3.696159767396984,-2.236678032548819,1.144489231349022,1
421.0251145591436,18,5,34.660334525690665,-0.044900129443378484,-0.7523469523592703,-0.9721306973380454,0
82.46617262759855,13,9,73.53105123001792,1.4496969872133603,0.35380878843840763,0.7827697644979106,0
28.986288952096743,13,6,39.2240101537417,-1.1592761814685033,-1.3980821466115734,-0.28484109129600604,0
91.97361020777991,5,1,6.095144042668515,0.517242071002436,0.449749371181105,0.43399485169145924,0
55.84108612910466,0,7,20.047248148198822,-1.1030467902546464,-0.5204879444060165,-0.207700237399793,0
21.941697464650822,5,7,12.264737744952514,-1.1080213621838009,-0.4990667685646405,-0.9395881542860609,0
312.84324581737746,5,9,28.730439419795054,0.435453342708006,1.070722281959013,-0.1588291913865086,0
128.26980184185,12,5,14.921649364282686,-0.12736985938927653,-0.4076569684631906,0.4853740148282616,0
27.64124096019218,19,3,16.25750302758895,-0.9568805396457304,-0.2522873448561816,1.690482293772696,0
17.987978694869923,7,9,22.216343018411745,-0.12652544129773519,-1.1757648683315356,0.5377442932299797,0
35.72002096156136,9,3,21.384829667770475,-0.5921599665711079,-1.4944674448275723,0.4783105685081101,0
91.8117383619504,5,4,15.924633986901737,-0.38809285028116286,0.12155713586255774,-0.010240179840504971,0
13.983079125864272,19,2,78.70498400064429,0.0299154251312936,-0.7432943306993709,2.2493694375615343,0
112.5634075629639,12,5,9.362989735509537,-0.10517941679242337,0.45556326543500025,-0.6160350725136987,0
302.7605373686003,0,2,1.4710680952790023,-0.8881626463743476,0.9216332138214193,0.21077825293112737,0
248.1950715038525,21,3,16.215820225863723,-0.5753338188530707,0.3826470676976861,0.7727362139487892,0
10.002098560596501,7,5,38.361673815654925,-0.5249485431770329,0.4367223348846712,-0.12483092595152831,0
9.365333566452918,20,9,160.3067408498448,-2.6482073801879236,1.3135918834839824,2.1255366780118816,0
81.19114871408159,9,7,24.05988937770443,-0.08273653177863621,0.5231576184117009,1.2564509040777,0
48.51938152736076,7,3,11.293144222395327,0.3359501370394546,0.8237283807622707,-0.49297249717633346,0
55.51598351906804,9,8,15.512133407025331,-0.3654341171290954,-0.32588083360310477,0.43564321315908117,0
37.67494309820451,9,7,19.23702452825648,0.30589978178254956,-2.0892965595656845,1.3183684546661576,0
109.64781740771782,14,5,26.180098129633805,-1.3593251711915326,1.721511165662398,1.6516418623566171,0
84.4353185708199,1,9,35.021749522540205,-0.6880733346813395,-2.49725695209291,0.26877811322060347,0
41.88372321989335,12,7,21.098099194611745,-1.8980610545810734,0.3395615171751751,1.1366302803756376,0
15.845164862411565,8,4,5.934127374257684,-1.3433967896236871,1.2363874376588089,-0.23941117272747336,0
17.37719162601908,15,6,25.083700957455022,-0.995557248420599,0.31574045109384286,-2.103193382647173,0
6.344170781604065,10,2,52.17387449014335,0.034376479661232355,1.3955519164770673,-0.27259746481839503,0
15.130281369057318,10,8,31.1814048902794,-2.5201006813190334,0.49133396678316094,-2.0174125395798668,0
8.288891655970206,12,3,11.19738255514011,1.0963410141079386,-0.3241543372560745,1.3034266682386955,0
7.88467704595692,3,9,25.6849696584597,-0.0014749348400341813,1.2544204116724655,1.7320210738754256,0
25.247459714679646,20,2,56.001948542086666,-0.26868682417359124,1.2730129989007062,0.37150422422945933,0
3.7378787201872967,23,8,22.517271150057127,1.6307296654757086,-0.24945581348201804,-0.30598845507444783,0
74.46664067737674,4,8,1.833682691102336,-0.08042189836282479,0.2094658311746796,0.3352608995493788,0
189.47831965252954,23,26,207.11934980838544,2.216233940758098,-0.2748669975052396,1.4645626966605128,1
25.927140328267292,16,6,63.33922041500543,1.2309151282545694,-0.8175938278465102,0.8780799511031713,0
72.51715661031463,8,3,27.79242688281426,-0.1861587042653708,-0.14761014437612355,0.11321760847515483,0
31.650197583023218,17,2,16.863626185799564,0.6546606760964981,0.6812789013254376,-0.4036399014330134,0
249.97101321583477,4,4,6.496168254491723,-0.6791880471288191,-2.220689098423185,0.9452296108252446,0
77.27839757410041,8,5,3.5830535311439378,-0.36526183841896853,0.6008543223560889,0.3156270137872471,0
81.98753669899126,23,8,52.999925762607425,0.09587290686052864,-1.0867603448008627,-0.02684132864091839,0
20.908532194500495,17,5,1.6246067308613092,0.8847229011577468,-1.5171562087000081,1.4538411562163904,0
66.29817488594017,22,1,39.72631624884076,0.45248522226196325,-0.3988859423418273,-0.44486384646248583,0
51.8292631355189,21,5,26.18748039954198,1.5206300794706045,-1.1774554266550015,0.333481046503542,0
226.5814083585082,0,3,32.588641002621,0.5743903651572851,0.38770920636098366,0.8448414420541736,0
7.320685366363604,10,1,14.928886027266623,-0.051606782415304926,1.03481382351985,1.8158941618926654,0
65.09203375237938,17,9,6.414643697426296,0.858712405815314,-0.5474349688316263,-0.2837428333470112,0
42.16602886378601,12,1,21.559572055931472,-0.6435927021155332,-1.3563993562513321,0.08270714991521044,0
74.01215140031564,13,6,6.973848808118886,-0.8466680512192789,-1.1726958498872477,-1.0232436902272415,0
98.31508301249742,15,5,27.90827319190621,1.8160378663629906,-0.7070395012429778,-0.8545916200920491,0
5.774792405563546,23,8,3.0945205007183416,1.617166713161997,0.04318114735218325,1.5146031166692002,0
1.547306317831321,19,2,7.928378767158634,-1.1925445137535988,0.8220626561369309,0.9320657751905326,0
26.939342230321472,11,2,7.124694127851901,-0.18655097100588122,1.2625801891613782,1.3029300705980102,0
26.387418071900676,9,4,10.603047498235165,0.34029240987810266,0.35335731445630053,-0.03605399336350644,0
74.56372398599925,6,6,7.61784952699323,-0.39907515566515794,0.892128365299519,-0.8357500332683835,0
108.7544978261621,16,1,14.388211201809462,-1.4206358980488523,0.04618989443453159,-0.4138703970816294,0
125.90949075647394,8,5,12.406522313186485,0.1290550439787666,-0.06798972767216127,-1.324657246805357,0
190.53979061695316,12,7,6.4136774399748315,0.46131477944828,-0.6845423311979185,1.5029528739919042,0
23.206695940752795,18,5,10.950473291991191,0.3519264099556772,-0.15271923705827659,1.0182358008276973,0
38.35789598064769,4,9,10.229645265585791,0.36171831000273014,-1.4298702400154155,2.003740615336109,0
280.296684350077,18,6,0.2385225519405087,0.9447350533449612,0.23630332373641597,-0.7661725482447991,0
3.676084974534619,16,8,30.721621653374743,0.45291359112637125,-0.18681381655177867,-1.8730391102185782,0
7.3506495722412035,10,1,2.8926309057425965,-0.20400815090390817,1.5683917060033605,0.618890240563029,0
83.03654064164859,19,6,30.22618673385891,0.6279324133919456,-0.9316591427992701,-2.311122735241925,0
156.34698364102636,13,1,13.299568603977146,0.5919918209184919,-1.238858595890728,-1.2557905879189015,0
61.41846562210105,14,5,9.612753783153693,-1.4511668062991991,-0.3526525992651431,-0.7163124835486309,0
69.53331532290903,6,4,4.756790882445735,1.250144816780119,1.4921190952280756,-0.8917916657015759,0
74.51173379457327,19,1,60.7175992025038,0.7994169002374837,-0.4465296327588276,0.7626326505418723,0
80.4892900044176,5,4,47.00159163241288,0.20095995033433628,-0.05955580025955538,-1.018708780195571,0
101.30277950651127,18,6,28.41014240427979,0.8931478250869747,-0.42281213529379247,2.4022823592377764,0
80.91217238998836,21,8,8.772083719383335,-1.3517972778927883,-0.31964168198286225,1.8880235638105962,0
61.62066906358581,20,5,24.41695679516327,-0.1603714863793627,-1.3196580669101148,0.9472078938417337,0
493.886967042175,23,25,137.98056906207222,2.65832394876704,-1.6888592863995067,2.8669276735160767,1
23.34608259028116,2,5,19.376366598838167,1.8591597201241183,-0.34336272203483004,-0.756891234138721,0
5.750732424252561,7,5,8.398979655666173,0.29587961697246684,-0.43476357650214403,-0.7987937559964803,0
265.6747879450351,3,13,412.3897610374682,4.147287586273169,0.9369868087242565,1.6351353150613508,1
178.4650724188449,16,1,45.31100019876508,0.46592102129723084,-0.47306568001134647,-0.10061974824726504,0
63.60007049297879,16,2,38.90998956183583,0.07304581748623219,-0.0416683140165066,-1.4612543253990884,0
26.0420999714636,16,9,45.80138390976843,0.8042276995382526,-1.3294001321582303,0.9804810284644196,0
141.4721897283926,20,2,17.713116292861272,0.14812646694701967,-0.7991628280082879,0.07466979852460526,0
12.71233632995463,5,7,0.49603537186160757,0.4384093855392614,0.003542052301990255,-1.3333916268067152,0
31.364483398731686,22,2,60.830199469684,-0.44861885347185215,-0.6451346946859593,-1.719894766796426,0
22.842336255707053,18,4,12.712953233471572,0.37062376612547643,-0.08092601168428296,-0.7707409259384977,0
22.520002688035262,2,9,26.75299367815898,0.5355541283499521,0.8520780663440264,-0.4640524190598281,0
5.159463095006672,6,1,30.450548334846896,0.2651769532837814,0.6840539007399987,-1.3720329503057322,0
132.19002930930017,16,1,3.601029952466202,-0.13902812071358622,-1.9975369184657306,0.2845399786502963,0
20.090102378440776,18,2,0.27837240494664456,-0.3465548738231512,0.5852159654626119,0.4018038272375167,0
140.05284672948906,18,7,41.55228224945716,-2.0553716339283614,-0.9819605838894737,-0.38542912279065233,0
111.20485104789392,18,4,15.652572307107226,-1.252471496982334,1.7606679093652005,-0.6330678408779763,0
265.9775990809719,21,6,13.796044010901703,-0.2992718001808317,-0.9178534260155604,0.17286473457932028,0
38.682410153426986,9,9,16.307398069923813,0.3282165385545002,-2.0736817156798764,-0.546807114701246,0
4.685058646209695,12,2,46.703885805853304,-0.18782291164028053,0.14815946373779823,0.16835310438993084,0
222.84395567274993,1,7,37.630858349819874,0.09615678998629515,0.768235554386366,1.9513040162890434,0
47.687266521950214,23,1,42.75590628471192,-1.1250735552412374,0.9191424123375328,0.21385830292842495,0
13.118949097714903,1,4,5.718173809738597,0.5124740178218848,-0.368127485555317,-0.8173866211848619,0
115.4096303937297,11,8,31.001833214852844,-1.7435532044459714,0.15689644296199168,1.4189346850459086,0
10.910370442245668,7,3,19.711582264302052,0.8121147921827788,0.6022391451329141,1.1252245740701357,0
31.616786879828812,6,8,13.332702380317695,-0.42310943579308,-0.16093494231504413,1.3059938474833759,0
36.992326098640106,10,8,34.40864756399208,3.267220176251814,-0.4240356553124804,-0.7028578608400228,0
28.313294645133627,16,6,43.38221061338107,0.47039827551170843,0.7247378181811813,0.46876811175230565,0
60.60112342671551,17,5,60.25417775385978,-0.07800746185270237,0.5941950787958651,1.0526913601893417,0
84.36766871007917,23,6,5.018406131769072,0.8909629637523213,-1.2651917782365876,0.7246492300794078,0
118.59675411917439,1,7,33.437091402842306,-0.19768049272527757,0.5691988492778154,0.13673937809451592,0
96.57667773224799,1,4,14.803026470170181,-0.3759075021724968,1.150622868673746,1.832464817747529,0
124.86341548514089,20,3,19.899241210911907,-0.4256051339618582,1.8169973476941095,-1.0545858222537927,0
39.03420218801497,10,6,34.629921817951946,1.2396784124805658,0.1868287944921853,-0.5190250123061511,0
48.95481576399991,5,3,27.158390219353063,-1.0547781737618227,1.8138096652664966,-1.2960871855984026,0
55.874825951101634,20,9,3.821946265480837,0.10031029957813004,-0.419130209940556,0.9641700317756366,0
5.073215608859129,7,5,24.234355613214262,-1.2699837799011895,1.043939636738504,-2.3415713782271568,0
27.336097135536967,9,2,1.4180278653255438,-0.04742218062696521,-1.2760455353219458,-1.7300578825078547,0
10.860484199586981,18,3,13.422851773774864,-1.8143904863805826,1.0555480632740144,0.18378789598129797,0
0.8717445292140382,4,7,2.12022914052001,1.1825805424146174,-0.12772144021734488,1.0852209343573531,0
119.55023346706973,2,1,7.675128791658113,-1.065453972639344,0.429775834085381,-0.6594459501506414,0
104.63006271661926,23,1,14.522955567787664,1.030822372431733,-0.13593362565153377,0.8872214094702963,0
12.875752344814407,11,8,6.366413793235236,0.5546148354529468,0.12487765845756654,-0.08837297625173626,0
72.56069122302455,4,6,9.821362509942407,0.7957746932131636,-0.3434084434108057,0.39943304194088003,0
56.41076467278541,23,9,2.7478601765536226,-0.9535711835379523,0.9382110982600723,-1.1266869701548154,0
68.80818331217759,15,2,12.303048732153938,-0.6333693909065526,-1.0076271432409794,1.6042878426662037,0
28.14778436483678,2,2,17.57316130940956,2.5233706176635486,1.6201552819334566,0.45456717730060225,0
44.75337115221929,13,3,21.75483801945048,0.7750141057814985,0.2650771949017668,-1.87448554867162,0
19.059971548325,5,8,17.358197314414767,0.5564382193601043,-0.3888372088998196,-0.9625256821088916,0
16.92563438470527,14,1,0.7001873231873479,-2.094400023706706,1.0690273953698266,0.5837075489797872,0
35.5114137932986,17,4,0.31682796028659455,1.9189167415960504,1.1506125369295837,0.6809641494135227,0
142.40553234613915,0,2,2.452173358995448,-0.35828499851475887,-1.008091665264177,0.5890441157848298,0
55.46109645847302,15,9,0.814932838961031,1.1419564938691233,1.4444046737840512,-0.4539056221577272,0
33.29113666658466,12,5,9.43487766293024,-0.531864690022896,-0.11929161045290924,-0.05341168598985933,0
0.0024575453772647596,19,8,1.5508702129701901,1.557951757430567,-1.356089165196907,-3.158857410746657,0
7.402997520406384,14,5,26.398520561289875,-0.9565246721319457,0.16473019303699832,0.8272748310077457,0
5.8858862796904035,12,5,16.392141034998357,0.25318353678873656,1.5230437319913035,-1.207781949695877,0
26.75663973309937,13,3,50.707346413894086,0.24817955462068808,-0.9973489879003351,-0.42854938264524367,0
66.72985968759957,4,4,11.9984577892391,1.4692673150373263,-1.8527465292302485,0.3179759693964149,0
40.23644267061657,14,8,27.13123712551254,0.6932723798411258,0.20274813916391604,2.9307803734755353,0
159.86328935465758,7,7,5.645592884385358,-1.2470980333303519,-0.07508410794654673,-0.6201670010472504,0
26.199931150299783,14,3,4.530189257343765,0.22618989855612748,-0.19335912204273714,-1.160776265078479,0
4.742536515899023,2,7,18.34861198928624,0.013650041270063236,0.612705966739795,1.7935025095316364,0
37.219512956938615,9,9,6.445691737840956,0.6771812227278482,4.147895050333843,1.6662792435304936,0
197.20976910422775,2,2,9.761297328902183,0.5342328475489487,-0.5580977170200714,0.09685491637371829,0
21.37031017952248,17,5,3.3038779789833708,-0.9705237013863153,2.4292619588410505,-0.22710512471009356,0
190.50124238767805,23,3,1.669635776534408,-0.7699620775045877,-1.4202577049167657,2.01063339258382,0
54.266262895170186,21,3,10.572505325667228,-0.7468695742367337,-1.367205342815929,0.8778501265462129,0
88.79837235566904,14,1,15.12722232178357,-1.6057265206065336,2.2012304680689123,-0.5171537638753994,0
31.82270522658922,9,5,1.9317609241544156,0.42645961812946986,-0.0608029818409991,-0.14030815427690907,0
86.0429594934471,21,5,5.857310957723897,-0.329375096489216,1.9729911841782866,1.005136269922626,0
18.479151350355714,14,2,18.1884856160802,-0.17219379531263704,0.28155909834204257,-1.2960475506009375,0
257.7817355558559,16,4,3.9142938015619935,0.33270919992328607,0.4482810387022934,0.985232102034417,0
10.245510950277652,23,7,1.4403808735996066,-0.5350276162281908,-1.0956895656233014,0.6643848543497801,0
32.05682842843257,14,2,7.012895559723473,0.7407879932719303,-2.434624369411081,0.17218990959713998,0
41.44396806483195,18,7,4.49847541987757,-1.417494244757405,0.07885470777375661,-0.7962557106469978,0
193.17588398335457,8,3,11.437582038325322,0.49892201520014634,0.41919130775995556,-1.065158257018127,0
78.2311314255219,0,6,9.239645550560061,2.407651825856835,-0.4813028525837194,0.5707831547859828,0
61.843654966883356,9,1,29.768025216200435,-0.9018210651274805,-1.0423402509332553,-0.0034693881548795817,0
69.99851055758643,4,9,6.938467487242608,-0.2781863806833469,-0.8561158374095804,-0.6396860751421289,0
10.726985191290657,8,3,3.100418099210022,0.5909538270548881,0.02537580494458335,-0.312865476928892,0
106.9801535314196,16,5,20.70459971557974,-1.7695940329657978,-1.8050966502568508,0.38137465519018965,0
10.277450962079763,11,7,6.428125985757872,-0.8011977047466614,-1.0856709317139972,-0.45819823584539615,0
4.826802086004609,7,7,22.61196608379917,0.18909954641104276,0.8705130635554745,0.5159523818096696,0
32.83068811043386,13,9,0.36734483897745757,0.8282504583290798,0.05583069342144333,1.7696662828538645,0
114.80577106451966,8,8,7.58271983748359,-0.3119152556325995,-1.2295282497289095,0.0450063621582059,0
52.822542648660544,15,7,10.226878468905102,-1.0345918131583816,-2.1952635840300005,-0.01563992175997585,0
70.09949648053144,21,8,4.378070977217906,0.43431206690261503,-0.6754723452489907,0.3753460501424231,0
261.9776167281902,3,3,35.2758211808189,-0.2968705819076378,1.3739445702211734,1.130227554508782,0
90.28047463853375,23,1,37.06878403807354,-0.4342252327855724,-0.5275186002289995,1.051081570631893,0
82.61620701790378,21,8,4.479480838733053,-0.9035826363745915,1.3357300093850446,-1.4510472565135701,0
57.41044676395907,3,6,2.077918828605913,-0.8474503170006997,1.3748651920946284,0.811237500345412,0
367.9699953703121,0,11,433.6855911276608,5.095176844501876,-3.070812517489941,0.369907172189492,1
14.357587098936888,17,8,4.693754919940377,-1.0000525751958116,0.7228897535673191,0.7657585381556523,0
85.96209978655048,6,3,43.048157494362556,0.10546568824044532,-0.06909413391757051,0.37219504229593786,0
43.477776530739234,4,9,3.115616434219317,1.0343022395204333,-0.5125756130978224,0.14188106547251825,0
25.238171458080174,1,7,22.576278241446648,-0.4579908067150938,-1.199079187130409,2.0241931210593864,0
118.93503397333808,19,9,10.380284407403105,-0.1527870003031863,1.1312859666930632,0.9344176088715022,0
16.289320021405736,22,6,3.34370956548757,2.6153935650871283,-0.13806145495960762,1.9836947645674858,0
18.644022419185216,18,9,6.086247457897774,0.8460677117282689,-1.5464173225742095,2.1947878568663506,0
94.3751901104283,1,7,31.28497368425092,1.127446427485628,0.29530035073490374,-0.09728403549532681,0
364.1389300228581,12,7,1.3643110748041378,-0.41267782211685394,0.7882724244056715,1.586590175779692,0
28.691622034451363,20,1,14.288033035690084,-0.5174416594215236,0.21217889526923814,0.16847316010392643,0
58.148335145953645,19,2,2.6478521314459886,1.7316657079744748,2.381968135893579,-0.37153267765993414,0
65.26294797232923,20,5,4.703778173015108,0.6910204703232081,1.1674495806170002,-1.6506052913203348,0
45.507093803463704,12,6,6.333019847369371,1.8336086584279172,1.8988973970323602,-0.25502651877567367,0
117.08214308984006,11,5,7.1617047375979475,0.871335184248718,-0.5521075408884534,-1.3681596623417398,0
91.98285815126552,9,4,7.083765233847432,2.720951423435401,-0.029851847237728983,1.2638131130310506,0
103.48832033569074,15,4,28.934697192247107,0.048987203519942436,1.8163688120262238,-0.10207156481097733,0
124.44617261850806,13,7,15.66093027351046,0.14112835119675496,0.7253385712512255,0.29646382209688626,0
230.16712287139967,13,4,106.3501774741026,-1.2113475751141947,0.21459204296747691,0.246561382575244,0
0.6719082969693431,8,8,3.7657467799844575,-0.542046466002575,-0.002250138415036699,0.29337146187943086,0
80.22447868594818,22,7,25.118791115969827,0.38414533541679635,-1.3920958816257822,0.5575825043509535,0
4.037883241639163,15,6,19.442762097018303,-1.2991784069543628,-0.5234208622431495,0.07466521201463676,0
43.9304558921068,14,8,4.007531645937556,0.822202382785332,-0.04435288060065447,-0.22425342749688398,0
21.15728733860476,19,9,43.84797268763797,-0.19534380432962645,2.4738104537102483,-0.24220509717428435,0
90.51681071856684,16,6,5.850195627278776,-0.3040363925392352,-0.747950160023743,-0.04713610863696223,0
157.36889313240698,17,4,3.6830434532622416,0.619118512289438,-1.5868299580101224,-0.7448975664028914,0
167.49338755087504,21,8,35.844011971863075,-0.1888392865959238,-0.35857669309468587,-0.36870248720729004,0
41.37967544100016,3,12,320.3219918265867,5.538091422707753,-3.0091852113521886,1.5192649024420128,1
112.15101101066173,19,2,11.758056067413547,-1.1890832584644864,-0.13499092846729135,0.1517926771440837,0
124.70648254789934,21,8,7.659577330867738,-2.079585666381289,0.7527085161984467,0.24265101063928723,0
9.327372809908066,0,6,7.838866428755928,1.9183824105040108,-0.737014861542254,-0.5171143264062319,0
63.68047542026909,2,7,50.498262484052574,0.4772396231061346,1.5939901799220646,-0.47556807098984855,0
54.468093458492255,2,8,26.021110353564502,0.3862012999416566,2.002529521894005,0.5678911275266455,0
32.66119090405929,13,4,0.11793844122769126,-0.9269579656601225,2.012943379764975,-0.8757384970897195,0
106.66640966318673,3,7,11.314474029031953,0.005520061576894775,1.2964697470102573,0.4729095696951802,0
278.9726433456915,9,7,30.72874149158633,-0.073910721864491,-0.7002051861393083,-1.8373379533422147,0
54.53108432678914,11,7,21.350706917377735,1.0133913454185057,-1.0522669757939982,0.4038264189739207,0
8.048816901024077,16,3,2.098071253275863,0.23810832525421385,0.7158636017706195,0.15191600452918574,0
391.2523969638444,23,6,35.8218064277284,0.5279860005548361,-0.3706195977017753,0.43751113667260483,0
7.088314773478283,4,6,5.02590246352741,-0.5006470190292802,-0.10248313581914485,0.8731073182497007,0
218.418164984162,4,4,6.097649018792271,-0.0797237962259809,-1.790270854281851,-1.1193825382179745,0
112.37063894840136,0,8,28.969232265626495,-1.0709565231570595,0.7912519296727506,-1.6065673314957507,0
56.646562377579684,4,5,88.60192448780955,1.0816791999919573,1.4171072061520298,-0.6791625635564947,0
1.5925905033711523,5,3,0.4475437308298846,-0.5196801076992001,-0.5271524575923889,-0.3009910619144704,0
986.8359313892697,0,27,350.45237870069263,2.3876297275044616,-0.021451909531567503,3.044724451875175,1
26.555512155235498,7,1,20.035378851474913,0.4660512488705463,0.7039595526970841,-0.3361248559842585,0
46.18792648277277,13,6,1.589355497442412,1.737887516290644,-0.3920588210648299,0.9788274927933576,0
17.435873964184655,20,9,0.7163852221443999,-1.7065485660369928,-0.2740825430308623,1.9920677881696058,0
215.95055719634362,19,2,6.371544440858558,0.4177224107248292,1.384848781348608,-0.37314065051645856,0
14.161259558614752,8,7,20.328273153891153,-0.5189644076203587,0.8447479986365316,0.3381493826559137,0
9.01751318117424,2,8,41.859375463699145,0.5346479121921659,1.6348664354350901,-0.7611615926534127,0
0.9134871546033335,14,2,53.650016322461596,2.1124343845288482,-1.1989371805662936,-0.5315991949272882,0
100.3424028734061,17,4,10.449056233557489,0.946773006633573,0.16636443466557602,1.3262426678324364,0
239.59650029918208,6,7,17.332849934964237,-0.8371390378600504,-0.4508950789267845,-0.6704366776950418,0
7.421909728204938,8,1,32.287588882788086,-0.6441938566976008,-0.21645383069223195,0.759254025086258,0
283.0720968129413,12,5,23.557986612611863,0.6438519192181824,1.232629470202941,1.0316192629780916,0
16.566238571685666,23,5,33.19340690771155,-0.3297364500892954,-0.2016495051367725,-1.5247734068670156,0
175.42937084544863,9,5,10.562762711758653,-1.8927802776914266,0.004859687543608257,0.18162134661394186,0
31.09798090049086,13,7,3.8435422157813157,1.693541152235552,-0.06726785586936042,-0.019119330457863317,0
45.04384108782888,8,8,73.2156040484899,0.14560636785208508,0.9615401838992422,-0.6446487681141604,0
106.44247255277607,11,4,11.729341506754007,-0.3627377254635111,1.915224504684222,-0.25295137754210884,0
133.33306766517234,17,6,9.351126829434468,2.330574293529829,0.8963093554151859,0.604569909530094,0
166.44088499059797,12,1,10.492900832185047,0.07893634527352629,-0.4541568269967744,-1.0486402580997034,0
39.44284760384868,21,3,1.3977489058130286,1.2730459843177364,-0.4728850404790157,1.5896991974533878,0
191.07626911564483,0,4,3.9628465888803666,0.46776537431693677,-0.9523772437092062,1.5916737955568359,0
155.89024748687552,2,7,11.35969988830234,-0.7276585554799433,-0.9495303093124577,-0.1782956453250602,0
19.745285083001633,12,3,8.522613502717709,0.21592915101897484,-0.3758921227499375,-0.27940863544807226,0
13.955093639129903,13,2,24.337965262007074,1.128613674402964,-2.983932741436764,-0.2901730565418038,0
131.53673465947355,7,1,13.515529609118513,1.7191398227371002,-0.4350537120493725,-2.5567057033080696,0
57.27650124912497,8,3,50.328998136466616,-0.41981289110946773,0.7515735055489263,-1.8919391206651306,0
65.14215721656912,22,3,23.805979719232266,-0.2952918101073757,1.494317608659276,-1.0007275509013192,0
35.03900675186423,19,6,20.06570394550389,0.7616393736388155,1.3918151637077287,-0.8031209237942412,0
42.84008916292855,1,6,14.17123091706518,-0.20135917209876447,0.40797754491856025,0.08839987792075939,0
20.768298033478697,1,7,23.78197520267596,-0.4889655598580671,-0.30396162778872826,-0.21086001627665063,0
99.93010754532796,9,3,7.108665606193174,1.6894665766661476,0.5523832827494378,-1.094308532790223,0
41.29528377986661,0,9,5.255795534025758,1.879090760245002,0.8199715899203762,0.31952550155286513,0
147.57918967857026,8,3,8.320357113264818,0.36566084157468925,0.436811022430067,-0.9543243857203529,0
87.87309964151703,3,6,6.928536434408014,-0.01562835735053659,-1.0744726200765558,0.3562625638113966,0
78.5368075240153,5,7,3.2509475262009015,0.16575261185236814,-0.523475515793795,-0.7781586344657737,0
0.0009307858440345859,15,1,8.570533331842169,-1.87495239887418,0.4872211990366058,-0.5213523857665076,0
490.30583951232694,18,8,52.230883044450195,-0.16934280104169797,-0.7437476607067953,-1.0737676956927353,0
6.750506336059957,20,6,19.811426886186418,0.2445225473528545,-1.4268806683253585,-0.41195641974792174,0
163.2785349099345,21,2,13.62007827567008,0.880880532462236,-1.0290526887739952,1.194682943364601,0
10.075557158882722,10,8,3.8017936363384557,-1.3876023172277938,-0.5637060877597598,-0.10987407900275599,0
90.36398835494026,6,1,21.10843230476865,0.35133057442760135,0.131795493599175,1.1201575758884315,0
111.69734209697154,3,7,6.612768839656933,-1.3597707905884227,-0.22735277349879845,0.1628654034422041,0
1.9693184864550892,10,6,6.37169818864623,0.1650874592171405,0.16687021585048137,0.5209207193240843,0
8.59729411365021,7,1,1.5176018001579463,0.5033527484822561,-0.6740525153157869,-1.0342571888969792,0
2.580681723248385,8,8,13.318698893725466,0.8527030131278297,0.1318649378307463,-2.1582050473536305,0
19.89570089443332,12,4,9.604908823718382,-0.7054621137373859,-0.23972614359004865,0.7320239996692214,0
119.20929597853203,0,3,0.7915496355964575,0.5350778912858252,-0.8859732986983866,0.1708889785981333,0
3.289556332058647,18,2,5.29557914610539,0.021611431454566368,0.87960325306325,-1.6982696505130168,0
61.3908199961879,13,6,46.17543020988779,-0.21295656107457098,0.18002715579708112,0.6854294284081961,0
170.272397458516,13,7,2.657850466578276,-0.8226589407711244,-0.3876763411458214,-0.2582764498626926,0
83.69990733591607,7,4,16.21346359489785,-0.45081028991117833,0.6375996308209928,2.257083302859734,0
10.222391810713757,17,1,0.4396124279547034,-1.2156073567734818,0.038648846426330784,-0.3094627152828606,0
37.36034569170783,12,6,107.41258520036645,1.2108581094640385,0.3099978633514884,-2.5584771164030147,0
39.902640018723815,6,9,0.9050582020854212,-0.05781031963539261,0.33674382693297655,-0.19659192442141846,0
7.877547487536606,4,1,7.411284076067503,-1.522912138477295,-1.6698354798907853,1.352375453564756,0
43.32269112902683,0,4,7.559620380298002,-0.347247843178556,-0.678609115220506,0.5983259344474278,0
115.64030393789727,13,6,2.946738261445667,-0.41225287528318977,0.7230437733934048,0.4952782439008738,0
617.8823617649969,20,1,1.0507178622568194,0.5581028131410657,2.545222767317228,-0.5988168266652745,0
18.004468088190873,9,2,25.354822165452408,-0.19913319372186225,-0.3694260985588594,-0.9794280642838268,0
81.53676908548007,19,3,16.387563442481373,-0.9950581409620681,1.0033649605839023,-1.179913962493304,0
127.853042417383,21,1,19.46169337381725,-0.5888493204840903,-0.17619488628385432,-0.4188469379664934,0
138.52112429237846,15,2,3.290014270860829,1.3209795834699365,-0.47785108584478203,0.9822088791166365,0
139.62778831538094,20,6,19.30748584941274,1.0708737725242643,-1.2529381217751696,-0.03983586012901536,0
41.232150945164314,10,5,43.50432083920664,0.6926275091454464,-1.1989050380358903,-0.26546631615327576,0
14.796414222057743,14,2,13.503462945855416,-0.16553840075267456,-1.026782462598328,-0.9579367234722123,0
208.50529416419215,6,8,69.97177554472896,0.39185605379110267,0.5928848305272745,-0.9112946188413239,0
162.5466327494329,6,5,6.650411114063244,0.9135810816093635,0.186861289667135,-0.9562523271247902,0
33.93114526358442,14,6,91.78865730664313,-0.059799262028206124,-0.046369551614047114,1.9652387264669202,0
54.68377825073201,14,5,17.1922219912648,1.5500590536214554,-0.6386513150866412,-0.07168440097032107,0
97.41322782383011,9,5,2.9321162046576674,-0.8132320396200798,-0.1219157596222517,0.29438971352960813,0
61.37047302981554,12,3,6.501554205758229,0.7225830981924504,0.37608781483105075,-0.42555288244641887,0
96.89217346680367,9,8,6.342731165463085,-1.3009032262966083,2.196421699448859,0.7786683932177202,0
36.98299171978934,4,7,5.612854012036963,2.002893516750753,-2.0090261843095267,2.114339251324331,0
2.4905693218895584,1,4,55.734965815916134,0.11336552754715161,1.3113296415159146,-2.2873454061413883,0
4.1016975628901475,2,1,4.721607260948078,-2.1201221962915757,0.519706811057661,1.7832711102661656,0
34.93035590278657,16,4,9.572943531334534,-0.3927986858967947,0.5609755172111621,0.4124890347462199,0
67.14161564435064,8,4,16.36660487006545,0.21334992751313195,0.14572829421010072,-0.10655567690631036,0
89.3263267123629,17,9,2.6709407718711975,-0.5347881005594257,-0.4537131898429454,0.023613527773620167,0
368.84557982770536,13,8,2.274544765625002,0.4564882704860859,0.5026654551728532,2.053777539186427,0
11.53502404720828,1,6,9.78626382379682,0.8336295930404195,0.7840781895926717,0.4244379746083246,0
115.78885874654702,11,3,2.701392119153238,0.6164054575776785,-2.174614607758423,-0.7318235821460556,0
5.145317103962167,19,6,28.213100338425207,1.791770291066106,-1.272661501784727,-2.297082002377108,0
4.969349088974306,11,2,6.682303044248998,-0.6894817268234458,0.5310795023264077,-0.47762670499705495,0
55.19104342422541,13,7,26.496430485691715,1.0949222818024005,0.20374877815296438,-1.1675069111668666,0
3.530675689406886,5,1,9.751322514250363,-1.3584794010183883,0.49044376240207893,-0.8757533249132602,0
68.88343689388401,2,2,1.4332036694383103,-0.5662807651805836,-1.014644089106163,-2.413283371122146,0
2.7353219950359864,5,2,1.1949715203445572,-2.0124968517053516,-0.9133317525058636,0.31639491913403095,0
54.12143726377866,17,8,15.759673139603947,-1.662500303967251,0.6233887147755419,-0.39391022683002497,0
101.39673978798226,1,3,3.119605078115009,1.4606014677494614,-0.35015991881974046,-0.496872442483,0
31.250639435806463,19,5,0.4225597337064279,0.22097536828717354,0.6217825299070333,0.6970158398746191,0
43.46554658132692,14,6,19.155426929172293,-0.9997280721977334,-0.21697905756521874,1.7334727438851372,0
46.48051939770976,18,6,19.95393460285276,-0.6139861887805934,-0.5419983720889933,0.8484061558473072,0
79.41026323049499,12,7,1.4920168256149284,0.23648553549802737,-0.37646886810880725,1.684560975899334,0
150.73213614033003,14,3,11.000076425251352,0.9538914937658454,-1.1274550043906715,0.13582067126111289,0
134.7272183023043,22,9,12.35145070402458,0.9620076915970852,2.0526543364177265,-1.7284465715074528,0
18.90913882198732,6,6,4.721922162752538,-0.05587875448938387,0.5763766945019679,-0.9494938622037695,0
111.48973797012201,4,9,28.54531529122468,1.1053346895309262,1.4977288333243908,-0.03416138277878528,0
43.95542584159277,3,4,101.56771486107647,-1.2469866960769342,-1.2047645803485605,1.0456624972868687,0
6.977631733237444,1,2,2.621010423786406,0.9822874835973225,-0.8501667309685249,-1.3001447133815183,0
106.95679024198327,12,5,33.794474844441694,-0.08049733370229348,0.06882647021205958,-0.4992213020985358,0
35.134906997590704,10,1,9.851807543124735,-1.4853328709016493,1.188617189005695,-0.775251525740169,0
34.12819964136807,7,3,10.803040567439153,-0.07542883611159183,-0.23580144408684475,-1.012422807354008,0
18.320869337283607,23,7,9.408569462972622,-0.12313101980007204,0.8940836568885754,-0.34241736488373986,0
68.95021803365849,0,3,23.985030771418025,-0.9392622443918538,-0.7244461860635972,-1.4363868191004248,0
173.7849965176342,18,3,59.79269042153842,-0.8032422385571238,-0.21650314375576088,-0.712576995488035,0
260.3946924723257,2,1,57.97526459030828,-0.39938532602654736,0.8834061839765727,0.7052523053717301,0
39.81874545950043,17,4,88.4703818246713,0.8672231756932612,-0.3164964197811338,0.4615966735590474,0
157.3590003522482,10,3,2.7518429864955083,0.40279162188875994,0.16685670579326833,1.1368612189837084,0
8.955531612594172,14,6,9.802220450041721,0.4797983239969704,-0.4012122746126317,-0.273926454633616,0
57.67565717810485,15,5,12.683565845523377,0.5776307253459739,0.10488636386383708,0.5842105000383283,0
16.713674493703724,1,6,11.10448027095866,0.33350804675597356,-1.044364746568217,0.42271530571062516,0
151.2899833398564,15,4,92.27690325876436,-0.7949042284979294,-0.8687839476805825,1.9283992808515704,0
3.7089859216427783,20,6,35.37025526797224,-0.15738205087900448,-0.678202818083542,1.5815542595408423,0
105.1882851578396,2,5,32.56277618685789,-0.961171444867649,1.2418953132224155,1.4158342082009305,0
93.77799726362633,19,2,18.875225135831663,-0.10396035968912515,-0.9091207805464528,0.70368362640665,0
4.122498359683717,0,8,39.69089549530064,-0.5862412622696921,0.6807224214026093,0.14447201815739116,0
68.46469168007451,18,9,37.36975915020101,-0.27043631372518484,-0.8574996656616256,1.0949687351935142,0
12.845732106913514,12,6,4.148334688755131,0.4749024925043004,0.8890743906700119,-0.48459576514477076,0
26.700974420936312,22,1,3.625791454182081,-0.050285168657492454,0.6998434843787268,-1.197233110096747,0
13.75372892714547,17,4,63.785496873598895,-1.3882860940476305,-1.2881821436698335,0.5854032875430033,0
57.342328976672064,20,7,9.105165002975653,-0.8107420902482945,-0.2108100586892515,0.13825885315257266,0
117.96557864474096,13,9,1.3478543889216952,0.22721890242723403,-0.9578171687087134,0.2768507171724427,0
39.091283424190074,10,2,17.64845133893295,1.3574135917772006,0.21326906594261347,-2.8559902267243644,0
27.998815631212718,14,3,9.41885327088335,0.4031148888171256,0.700022478553684,-0.4215540160350076,0
24.069829897778625,9,7,27.58839089016078,-0.7010815266441834,0.2732236085554397,-1.202591741652517,0
4.123930153885491,7,2,54.61659456504569,-0.5519192795326325,-0.0039243888099401054,0.45860988531823527,0
5.695080501011604,15,4,0.7080876940074425,-1.5231929924175958,0.018705312800565185,0.03331729785012406,0
301.80507805485314,21,8,5.353413431440053,0.3782242786665296,0.17306294909053835,0.9056787032057108,0
130.95708037882738,21,9,81.3017914850011,-0.7110663326125033,-1.7252116435494373,-0.44739907101213855,0
140.59741935178826,22,6,0.5939756896190617,0.25382446713401763,-1.0636322535261251,-0.2917266736478999,0
3.953039911544055,17,9,7.785180896874493,2.0272572105689144,0.3758911709487992,0.358504957197533,0
27.273682586162757,6,6,31.50192769894798,-0.42810614827327015,1.0158448669839886,0.9655943472683959,0
164.12157844166504,18,7,44.253747066878766,-0.04389491697680466,0.27820326312550436,-0.17397941127612343,0
10.352807124568093,0,6,18.26267006485065,-0.24237877338628477,-1.6227525153641111,-1.300985415456784,0
73.9959676254765,6,5,9.759521808719807,0.47387790613899095,-0.1010467210328308,-2.023390307359894,0
5.953050382101962,6,4,0.7726204890639883,-0.5732675845681501,1.5429159370851064,-1.7456987121239635,0
19.172806510308632,19,3,24.41676542950095,0.9070644425600894,-1.6848939521460302,1.0875699070265148,0
169.72564314418878,17,3,27.99141167285108,-1.7135813252489926,1.0686686614366827,1.7527589562083004,0
79.83810370764517,20,3,47.19192800857031,-1.2421519690415188,1.350708603587718,-1.3061581093293873,0
113.51876765986495,22,7,8.512654687367426,-0.4165796507360777,0.08988855749275358,-0.13401734701443843,0
91.18994333830919,21,5,19.306024827035962,-0.41490023982058416,0.6589859917785875,0.032716033451925815,0
100.35206212198682,11,7,26.37005866679924,-1.2045077112762332,-1.6622368421492744,-1.3226963210644762,0
17.450775570501396,15,6,31.93220172210935,0.4436616195734362,0.7781848755438283,1.7726031230290595,0
28.07043027111543,8,3,1.4435942237357922,1.7232405165058848,1.0580289131443559,-0.04417473900002391,0
33.90835526181811,13,4,5.353894943576272,-1.5290060726965147,-0.6357980354803914,-0.7205180872262799,0
422.6905277490385,2,16,7.153251585612057,2.8835878937338393,-2.8405641494597744,2.1926886736097226,1
174.1496847849638,12,4,43.56712570598163,0.5863025706657604,-0.7797902867408337,0.12024017343979464,0
49.34798598423964,5,6,7.200087701145014,-0.4624327660811724,-0.45548009190006444,1.2073523727744992,0
56.33806749825544,23,6,1.683362375809079,-1.6761031539125755,0.8154341778013496,1.4469087331770678,0
163.19868985460965,6,8,18.144625767706287,-1.754078551929242,1.0864608815534664,-0.22261429728109305,0
41.25007449728702,12,2,36.96051176522292,0.29912338933634164,1.6188843407984221,-1.08263217359231,0
139.32025321657215,21,7,4.128723741231046,0.4928016369224837,-0.27829252515776276,0.5497922221037168,0
13.58732530916813,21,3,4.969483035349327,-0.6428214143192982,0.17488536824705064,-0.6944647821848163,0
18.2975627064757,5,6,34.35153213587449,1.1450322319451225,-1.040965098006765,-0.14077320794313827,0
132.80564910159188,21,5,8.44756684480168,0.10246535959305557,0.20702445576401451,-0.025823652132328952,0
14.202084140571134,15,8,10.04922828363701,-0.6211049446591714,0.30387396106972064,-0.4875160615453748,0
57.50814020739529,1,6,33.733617482390045,0.5585332989785465,0.41862146155408975,-0.2917373276215031,0
25.615109790163807,22,8,10.225748187933963,-0.5574156509570538,-1.217803707050511,-0.6596300019136642,0
47.14698604479646,13,1,4.8589245769095175,-0.08418527102160372,-1.0685741929909311,1.300279611346497,0
245.87187795705205,1,13,113.14337624437701,6.467948896934326,-0.3001142277026101,0.6276400925891554,1
0.442993630074838,23,8,11.271079325349941,1.5181042303951373,2.0784773961737906,-0.16370693074772244,0
77.32031351140682,4,7,37.388600526964474,1.166986698025061,0.8219797480807941,0.022168774153206828,0
13.992341610257515,1,1,1.017714636668669,0.6893376567344686,0.28253134709449573,0.34257347940444277,0
13.006094697433957,11,1,2.833538735902772,0.5149374593992042,-1.0473318017452722,0.20685506799700148,0
55.88822525564768,16,7,9.310255272079281,-0.5794823074971726,-0.3505591169225848,-0.26400377155395416,0
41.59238052320091,0,2,19.696377718351417,-0.5201235182946261,-1.1381746241512685,-0.05657457642959803,0
86.01901721363221,17,6,60.514451552849906,-0.6876159791587804,1.0879084936474215,0.058863590860888354,0
107.33550030283767,23,3,22.933298658069678,0.5961018368096053,1.334599368902722,-0.7910501608367291,0
5.578074191580905,15,1,2.2256169946979663,-0.7258347000140579,1.1410913292265066,1.3753592981214737,0
29.924762683101722,20,8,5.474395059734247,-0.8175032998942169,-1.5469393764069017,-0.33096694502831736,0
4.46910077807331,16,3,15.837079862808846,0.31947988328125443,0.5154726283228059,-0.27096896149204214,0
64.0331825255919,5,7,94.55047459385898,1.1818163745400758,0.3117865539176472,-0.8775461794157126,0
119.90218437394381,20,4,8.779908294518457,0.6503793131768049,0.8539301783068405,-0.9766684658660432,0
149.72876511193377,10,5,11.084804713612764,-1.6021592580592579,0.3816350384155443,-0.12220985031686914,0
25.391345145946495,18,7,17.250598953739928,-0.05819651277981334,1.2240056225836078,2.1853502697116487,0
19.023619055005064,7,9,0.6629010072397079,0.6071689681950555,1.057894205645926,1.08235628327615,0
240.039252249821,6,6,23.223219634158934,-0.35736913571952855,2.4303034135313,-0.4797142829190883,0
22.313294639595647,9,3,15.902420800583194,-0.8252311848115453,-0.7820415654264105,0.013995752701131821,0
32.92012890733144,6,2,16.874922681674015,-0.159644560285088,1.6370045055023816,0.1962830478617498,0
82.17141504396699,5,9,2.1877899258876425,-0.43813491472746235,0.7788258944398807,0.9761956558457631,0
9.03564377571448,5,7,2.5032440228783184,-1.1305396531811291,-0.015280454630098327,-0.137492773920614,0
3.428526984728723,0,9,17.144470975153375,-0.9748000515506099,-1.913279009158756,1.2911455916520667,0
39.465702995570076,0,8,2.5985091532653644,0.27543162250337894,0.10463330253161734,0.3919330565179909,0
952.076953469213,23,23,252.97946346449402,3.7691191212767707,-5.071914596884132,-0.02648655308327852,1
23.706946540498738,17,7,23.297668043650518,1.2585168675096168,-1.2738579810541806,0.1810026278876214,0
7.0923094222245355,15,1,15.651527839201593,0.4483200106755244,-0.08760572880044012,-1.3136274532660543,0
173.62394598665372,0,11,9.006797549335035,0.6470836857356921,-1.3230243957914534,1.905976485577362,1
4.766640666621479,2,7,16.161969106662976,0.08812376955137782,-1.6250167996291636,1.774195776849566,0
2.823045483362373,9,5,14.095623885088449,-0.17732497377395887,0.14150013719227467,2.368528411391492,0
6.287413959084086,20,5,47.97685771756064,-2.091080424586875,-1.1176786691104685,0.8712622954733511,0
55.20291374791081,6,6,3.023965598195402,-1.826101520216718,-0.6745655595413679,-0.014425484684941668,0
131.18869739482872,12,1,24.273681651865576,1.4532100719936878,0.5761949985211665,0.005883411947421336,0
0.796810667782204,7,7,11.135801273522903,1.04755377833491,1.1906389041570449,-0.6858427112486257,0
29.276109036377097,5,6,11.705237405619878,0.26211628876984,-1.2183952849415978,-1.1008807428852327,0
198.55660296669515,2,7,33.974169965763814,-0.01785977980955919,-0.234171028396825,-0.34150279093556807,0
136.04002297073316,21,1,37.89906243588716,-1.7067247877874245,-0.6335665296453106,-0.1685519124416093,0
99.95934999648206,15,3,6.032726666831129,0.27988856034365445,0.16977807026938657,0.5104716562098339,0
6.690857007360012,13,5,6.305681481921875,1.3748860911438996,0.1451115891314797,-1.5726100559786802,0
76.70461515446242,10,4,17.899039132593877,-1.294497082556646,1.9249557951027338,-0.8804228687922898,0
48.49022045415607,15,3,1.6721480758307177,-0.010880093506318774,-0.699396771982059,2.1315891127317528,0
352.4106530705061,2,2,21.56020787653784,-1.7003824946362702,0.6623495014421318,-0.6248772395028332,0
72.83826905762871,3,1,22.319333094403383,-2.0402294990853953,0.9227396595546894,0.562628461323167,0
55.54451897263152,3,9,7.211502110336639,-0.41200232638392265,1.2081449293261939,-0.6310030089103168,0
5.591108679689839,7,5,23.648243553427122,-0.3632811114292332,-1.7197711179604687,0.07857553586018486,0
9.017045502615684,11,5,0.28747893078192316,0.635911417671009,-0.3745634353706246,0.7387280044530251,0
10.261911917600495,0,3,2.1523700296143704,-2.1034913629228926,0.21825978709132,1.7043981210482326,0
19.928644795876625,20,8,21.55872671312313,0.7474742120321414,0.9202357076984347,0.3371734040347261,0
35.430194288534736,20,1,14.300054273551769,0.07115560888047104,0.33935444483484717,-0.3967889460772854,0
222.85810415871626,12,6,18.850731680082863,0.2194179998769135,0.6000753702026188,1.365899494064378,0
16.35108796063246,12,3,31.32797589543072,0.12290529426262319,0.14296165000696265,0.0766626833363467,0
129.96894915034858,22,7,8.344347304359022,-0.8994139251580818,1.091691201416617,0.7713393323309425,0
51.38434446533517,14,6,5.006918655016682,1.2992046795392744,0.3010731948560048,0.9964250161946961,0
66.56352829409444,6,1,4.071635964028432,0.2025591169599006,-0.3289752471487366,1.1355319053841952,0
3.440382474987786,20,3,41.79863511507445,-0.7788806735065258,-1.7892347300963465,1.9796303244149007,0
105.00410907684059,9,3,13.925607811625785,0.8433868131894505,1.035800831169921,-0.02871721373166279,0
6.578356003593107,16,7,0.2837313466089734,-0.7899330738623771,1.1430234362484604,0.5402758058446613,0
97.35305141080994,16,6,5.256689953952128,-0.7980266400444779,-1.007908738895004,0.6057681774318118,0
629.2001141413944,0,14,43.08323846557988,4.540834493598418,-0.9728887745624428,-0.3208359899172635,1
73.42221361766336,5,7,45.37939659893868,-2.4078636194451386,-1.7669218861742957,0.7020290206872111,0
64.55944150105452,1,8,3.161669460018234,-0.09113924262461215,0.4927755543675142,-0.6458089738861694,0
184.27338154572345,16,5,53.61723169972151,-1.381078202718446,0.891948883500935,1.3137808064515517,0
14.664908271516936,0,7,90.27994211865445,-0.8600612478578453,1.8602269954595607,0.46656542472958745,0
16.851375243529077,15,7,61.48226561123423,-0.6890421243338245,0.3550181708946384,-0.15471867962536584,0
50.219861871841275,0,25,173.18957991085085,3.8599484604532157,-1.5575753324212698,2.6866010638545603,1
49.9252973173185,19,7,18.121048338412624,-0.342522737317049,1.2733694452656619,-0.3132989201216769,0
43.35634853361387,15,2,87.98893982792812,0.7787527857528446,-1.7801132009214675,-0.4437732709260901,0
34.526724712030536,17,5,55.60985892208845,1.379311944779667,-1.2609531396868767,1.5577966152974723,0
46.98535261091217,3,4,5.1692083684241075,1.5149922407651923,-0.8685318941369001,-0.44865110992146445,0
91.0630907743301,2,1,2.0626985940230385,-1.2591564421407704,0.16449742645537824,-0.38188346221516795,0
3.838799388900174,15,4,18.527730293145343,-0.7187683641710777,1.5193373771342937,1.6896160935439621,0
31.465936351114166,16,6,1.066141564724411,1.277607382712714,0.15819972231534524,-0.6134501033028217,0
28.910410060050946,21,8,65.36382039026691,0.8451607989061887,0.7322023382053983,0.8071097105644146,0
98.1458085567476,5,4,18.16269848776502,0.8545963609733931,0.7327089708964523,1.1087251013920394,0
164.169027590153,20,8,20.414255096999675,0.09052256546343859,-2.0400363318990222,1.9424211876074906,0
70.42648109087372,6,4,11.03835619010243,-1.2191507409421403,0.5858466304488112,1.6002126649433406,0
18.762590048642807,18,2,55.63803533494476,0.4629199234278211,0.2992796793946054,0.25101366230360084,0
5.913834149520967,2,5,75.86194872141435,0.39683880791588144,1.0240082550725775,1.568523869598947,0
88.11170537378456,4,2,10.653004344585856,0.7025794594806755,-1.152958327222014,1.2628592342597789,0
124.21224961418525,0,27,163.55701028658981,3.7133921945441113,-2.684054400496112,1.1176288980248514,1
132.18652582503015,9,9,6.163886904033371,0.4094375543216383,0.3788148142308543,0.014882903040931142,0
132.4484503805119,9,7,2.9300703280985014,0.09104397069860187,0.32463403748118047,0.09282685504655032,0
88.3477311072734,15,2,18.002738470368154,-0.729818548277996,-0.8208840923000508,-1.346399690156624,0
90.94565820008,5,5,19.30523015803014,-2.1008049208090696,-0.47143819976514734,0.17738629966561728,0
12.264880816601249,14,7,10.164086871144312,-0.7125500352019113,1.1962484362498762,-0.7457306732847465,0
26.28447319312155,14,4,0.1772347680926754,-0.6532485207993931,-1.9636010791297045,-0.5453620939834085,0
45.51083872956579,22,7,6.217226750606073,-0.4602756416482977,-1.0619179318477394,0.1275515255782836,0
7.357513368324058,9,7,11.903197490341974,-0.9781651490293624,0.9282478101362173,-0.6419974872247903,0
78.64999958261828,5,5,25.952387710059913,0.23753886359377424,-0.4828893450811025,1.2326509354410673,0
105.1913035008474,5,5,6.519580615336329,0.6664642412654597,-0.45679088144890617,-0.6527770573112078,0
72.33547103708135,17,6,54.93872186099044,-0.33771692241797513,-1.0059119348132406,1.4493900674240279,0
101.88225555715889,12,5,7.411716493974055,-0.3361874094461426,1.3410364087343352,0.22487233723253802,0
3.287262702037393,23,3,9.511584503930255,0.3428155766330056,0.8822092886293349,1.7373127444667607,0
297.0872241701666,3,5,25.759404235931378,-1.2183645437543407,2.239721929999064,-1.3109593517121627,0
63.35706073649214,1,3,16.284018112909372,0.9469046950881974,1.8871989877617383,-0.47226452219075915,0
46.92302718057388,11,4,2.9111220659506696,1.4812186102488776,0.5283990158560751,0.037892435737035435,0
95.37139335390441,2,7,20.440327138577356,0.8493073861824338,-0.23542885163879962,1.7432022984743696,0
168.28190145945888,8,9,8.015890746276412,-0.41214353480284704,-2.0754506719717902,-0.06325238011351805,0
215.71528203183234,4,2,38.92586666065591,1.848219810800579,-0.8205789798649884,2.8566961341099963,0
62.34288152559116,15,7,71.38599599445678,-0.897777797795955,-1.2510418225547664,-0.38295528485508773,0
317.81761663003107,19,9,10.469537553722931,1.5532230628760877,-1.579830075688554,-0.4276494886352831,0
40.68798525356542,13,3,24.209779838119022,-1.0919412062985898,1.4937658163613212,1.0827667124141112,0
208.7981959367932,1,8,34.86984149618907,0.042095362270233215,1.8644496019744716,2.2467843900099758,0
7.936400932460331,7,5,26.381674873940693,0.3309610537850435,0.8636860694169715,-1.0230052596920547,0
67.7524560382811,10,3,10.631371515404386,-0.5040508223144402,-0.2863573524249828,0.7827357839668391,0
173.86205435704113,22,1,33.170599181794344,-1.7360079981512697,0.8189872752630003,0.3073250313137942,0
43.81589610832198,15,5,55.51564149344181,0.40894276690095327,-0.16294251437385854,-0.4819734309243286,0
60.45325021491779,8,9,7.7430790243959935,-0.5679138104878273,2.0733306008720414,-0.5367177416975604,0
70.04872437092789,17,7,7.29768523316837,0.04929827565940742,-0.5336193226534235,0.03102459808567594,0
264.22960850015284,10,5,67.34614336571019,0.2898721966071308,-0.6316099941265841,2.1145976194557816,0
262.5607891633118,20,8,10.727809548460323,0.05034263434704879,-2.199574339488854,0.5879916590523898,0
49.59260050569306,18,1,10.114316707444107,-0.7090266528428065,2.1623989896901543,-1.2164810547091847,0
26.272980911119674,19,3,5.002179083807235,-0.7087363551030953,-0.669341791474783,1.3750531830276702,0
279.4245706188981,14,2,16.408636458860823,-1.0202560271962529,-1.4375647167621368,1.7026327128968828,0
34.32346413631799,18,4,23.09441551943209,0.6406272674842264,0.590259515372651,0.0005154303360431513,0
1613.7316250792835,1,23,7.901340456096509,3.4771253458588847,-2.466621703764438,3.9294266545501713,1
39.86674215073385,0,2,10.990717150995051,2.102534046543602,0.9173054947334093,-0.1295589617583199,0
24.016536723370983,4,4,25.073186503560677,0.5919831495241759,0.326021159582603,0.1933201102128204,0
57.359207217404624,7,1,11.732145398909594,-1.4918924186619136,-1.0334857739130627,0.032717046243580024,0
15.591922328376672,21,2,59.964088719564835,0.9122781969762175,0.04156282821604611,-0.2968872985632152,0
109.38673734497706,18,1,15.436375335164927,-0.4334852827732233,0.49307599967230625,-0.845665725274261,0
32.52325078262672,17,1,8.611753801472148,0.7837448085542613,0.29269130296216717,1.682803761762051,0
11.750259398455004,7,4,13.98614368794832,-0.2635113789583712,1.3575057230231635,-1.322647574165791,0
39.4390763248137,17,5,18.90879608202082,0.22996875737726935,-1.6817997978411705,2.2382220231018946,0
37.28206733030689,8,9,4.643218515465964,-1.5971636944482135,-1.0614247163940502,-0.6050047151135091,0
131.42350608590058,1,1,8.755971095925924,-0.24992045511970667,3.011320603545262,-0.7367317028221368,0
49.88695786265908,7,7,6.411830637933687,-0.549626853486005,1.5225616970584408,-0.8848582520521343,0
102.48758504776255,13,8,21.130965176651838,1.9500878345031205,1.109413982149168,0.3972060822955092,0
12.117286567574602,1,9,47.24567601563395,-2.0823657900540864,-0.8932529035903695,-1.1220067283433282,0
53.49631870300978,10,2,10.842568491581197,1.7967556413340773,-0.4451419135785441,-2.1852909728621692,0
13.54673374912478,22,1,25.829698074929233,-1.2149587339103196,0.19378391618425023,1.8499706329366672,0
37.54308033926239,4,3,15.567983744449993,0.8785874932293701,0.9450089010404218,1.0805260629338365,0
113.26872270989836,4,8,84.67529371931116,0.5941306409145011,-1.0456979033395466,-0.6299800632030134,0
2.799497715478327,16,5,35.00497059461496,-0.21925760093064675,0.2650072720946241,0.38470984940709024,0
52.451180370864456,0,4,75.0212174977973,-0.6823225679131681,-0.6065382960941479,0.9113896511148754,0
123.85687377537478,23,2,0.06904190815438975,0.6800926895001099,-0.5320521060477078,0.4136082641817335,0
81.16299585636926,20,6,1.0255019979572528,-0.20740140898786358,-0.013563162600136246,1.075079143903306,0
78.61194728515811,10,8,29.03377831178453,-1.5714939180104934,-0.07677675875662361,-0.06900140206615203,0
42.37315574168847,8,8,4.1235070163804215,8.022978599526092e-05,-0.2382448778240337,0.48751165243913797,0
8.587440369990949,9,3,14.1322750966051,0.6424703761132661,1.0845847873412773,-0.12122319036784425,0
9.051761383666324,9,5,11.008262348721448,0.8325340986569876,0.026770732755035366,-1.5502255817243777,0
36.682185215067115,13,8,16.984018546613076,1.6282021692920394,0.3836532997161949,-0.07598326152577202,0
12.762110738150627,21,5,31.451266501617905,0.5491799655492055,0.1421549712629643,1.2685841062701677,0
115.6929917202069,18,9,6.904245585320821,-0.0286623638702127,0.8665667858544491,-0.9594186804973072,0
41.420006291896215,10,6,6.1295993324356175,0.38597377496185103,-1.0147431922559524,-0.0573307712081102,0
203.37660655208012,1,7,2.8544188005943534,0.30618563210546784,-0.42508643626978526,1.841293578545855,0
20.843314958112632,7,9,7.0213405180115505,0.9131134687879375,0.5711772570159097,-0.088213122587199,0
65.63403533711005,10,9,5.21202815635453,0.05111150339758793,0.9941695985639312,-0.13219357349916447,0
158.46485653882866,19,6,4.560065378269143,1.7889193511792847,-0.5111926347709542,0.3360938035855367,0
73.93617751880925,2,1,21.115808438394488,0.4606157075672997,1.9795880097731031,-0.27376155986957196,0
144.54623991047757,4,8,37.51451197867476,0.5294719880893956,-0.7111235431120552,-0.35814732711984126,0
17.879690863947765,19,6,96.06771584264811,0.4071692814353072,0.5730441059896799,-0.4593742587772995,0
53.48747936829894,13,1,11.714819735892668,0.042940462571727823,0.9441934794130628,0.12405526645953255,0
140.93687962139393,22,3,82.28376809917499,-0.8030925990287531,0.9483013104581817,-1.2279626234965035,0
70.11054116733744,4,5,17.092951574505094,0.29253339556554475,-0.779746897730078,0.7201670788192563,0
10.319905893129384,22,4,51.87131518356174,-0.41641850890448917,1.4226759315733102,-0.48520855645227545,0
79.50141384300251,18,3,29.431136964839638,-0.13702941546552538,-0.8709242213976452,0.33938128317190874,0
103.59684503333474,3,9,18.82672239419953,2.286524409914575,1.1286502288535836,0.19221393281104154,0
280.2904312183368,0,9,25.985067988159507,-1.4730518882601773,0.5888394964419794,1.423380292442351,0
77.29949841187346,17,1,2.056255360509743,0.6620869501750091,-1.1886839517805003,-0.740284197773067,0
36.93912675616299,11,8,11.999254854112142,-0.42267314608826023,1.4517588076738706,0.9356412912654548,0
51.752360992934534,22,9,6.995576646590359,-0.4736478640216613,-0.6598691577343113,-1.105825040870296,0
27.903998020986652,18,8,6.582876733060582,-0.4874683355165616,-0.22153330208920968,1.208717297577624,0
91.70454994851488,13,8,11.46137284001143,1.886809731749378,0.874620944704538,-1.3968934089374718,0
143.9374365002821,9,4,16.107204978031973,-0.20331226166506017,-0.5506728409637668,0.6469557730641333,0
131.59090418806815,2,2,6.327675101696746,-1.3499388828153,0.8154411240013022,0.2585577133479637,0
15.419133035256284,2,5,18.610494718361558,-0.3558361243402612,-0.8811529870291182,-0.03540292183077104,0
10.103470608645356,10,3,1.2379718582129402,-0.01504648858528787,-0.30047710320234716,-0.3402563868239686,0
0.3714227253074308,6,4,6.5038716912287695,1.3961448290669536,1.2473421346646019,-0.5432619088910885,0
0.9093516529934587,0,9,3.9566964064618606,-0.5625175292823957,1.9342098848205145,0.48315583622462427,0
53.34674428793712,4,1,13.661661555342139,-0.05624360175221185,1.932417812409086,1.1094327205186507,0
11.434111078018706,14,8,17.63786955020481,-0.5765916323990915,1.0819539407668284,-1.3476633809003304,0
5.554564066260333,15,2,45.36557401756009,-0.4999163545028187,0.06419383845683735,0.47005672816232213,0
16.378422553077264,1,1,16.67122034979696,-0.2757622602196227,0.15997449025200933,0.724422247908012,0
16.633050586554678,21,3,19.76557456311352,-0.4228642271668908,-0.7504854540077367,0.21785480289159712,0
45.242965342426935,6,9,21.912758503279846,-0.21985035315439716,-1.4719624210476554,-0.2919607852561806,0
13.229227625792223,15,1,16.054831528841145,-1.3335550096182265,0.09315938091060968,0.6006990994816985,0
213.42395684710834,20,8,39.974128271330144,0.22801372920606855,0.9801541190785293,0.0006135220557884902,0
16.67233291488516,8,4,10.057997338501284,-2.423311051085561,0.5482180855255453,-0.004422013449600294,0
37.09485204378376,20,1,22.564297226792554,0.9406282708924532,0.04310532422833501,-0.9467479879305021,0
7.75264292963104,20,1,6.866129145278112,0.09153101655331092,-0.15279577004679526,0.828806036332893,0
13.936820683095268,23,8,10.145896603056812,-0.10827171869234442,-1.309883832906364,-0.5198203745561717,0
36.632184987893474,10,6,0.7630108508273945,0.9559468750943604,0.036254211746358456,-0.6953122624338577,0
68.00414873769215,4,7,13.60528986636648,0.039879265646784824,0.17096082321513476,0.3128420897421024,0
26.278002464852065,12,1,74.2826082465078,-1.5246007112203077,-1.7392772792106181,-0.7044393994194625,0
275.5527319802702,15,2,23.155476469837765,0.11207453165783958,0.07285139467377255,0.726232966996035,0
21.295784614736483,5,8,23.68255844860148,0.8170665367316424,0.42678258483513215,-0.5905851088881497,0
19.745108544008716,1,4,4.773304961357246,1.9550077258971714,-0.594736417954977,-0.356065843002701,0
544.4600975911426,19,4,64.59737246701091,-0.8142524560805686,0.061418263735919715,-0.2090988810798072,0
53.77741329369931,6,7,4.602651488456941,-0.22090046064077842,-0.4362313299493104,-0.9149161568136294,0
354.0680247491624,0,8,1.2729907505703255,0.1329648960426424,1.1261689091393843,-0.35165196978843366,0
74.86577782977551,13,5,30.717719633421233,-0.77829269129745,-1.4444137867316358,0.0908279858682596,0
124.7370478075478,3,7,16.350184669208893,0.058580988460323724,0.4474200082056871,0.22637489651614784,0
41.26439717938397,9,1,3.1747739455326314,-0.6756339304320397,0.5830810168516943,1.7752916583865217,0
26.523703487589124,12,4,4.6506833000910515,0.6334967040864007,0.6205340896290912,0.855460696245715,0
6.680515980653013,2,6,5.17771690777248,0.30877219344533036,-0.014700518631654613,-1.1865946210865757,0
39.78793037293479,4,9,25.267975436601553,0.030679672515430464,-2.319152177074211,1.7363541349936364,0
54.887553167748,18,9,16.914887974412427,-1.4412479824408535,0.533660806108274,0.7672806540717602,0
72.68777040327252,16,6,46.17043372052141,-0.0905035485574362,1.003101367153822,0.8561216072100345,0
40.66692916665655,9,7,0.3925300218651609,0.09250161761369259,-1.6383281109101806,0.31941108228713805,0
64.5002135589742,20,2,21.246533699497956,-1.8094205268117098,-0.3947002163270649,1.0108815252331342,0
93.28341245865127,10,1,9.113713277589818,0.6719396872884156,0.6856162422128526,-0.931212511641638,0
40.9077722688454,16,7,65.84863534987625,-0.7370685366553974,0.8132002168871674,-2.0115395519275823,0
34.15783562229712,1,7,5.613718115571574,-0.597655628930756,0.6097457319467533,-0.005415711701432743,0
72.69462433762706,10,2,5.382487773160226,-1.080695172458994,-0.334850261791076,0.6615590592286622,0
114.22296970764,22,5,9.069071826756947,-0.7672945902494644,0.09796204968423802,-0.10874025748649097,0
252.81274076004348,19,6,4.307694452737302,0.678771156653448,-0.1553440463671795,0.4284845770805673,0
39.92429602950889,12,7,9.49046161501209,-2.4217357782550697,-0.5879450028057907,-0.09984437413467964,0
90.66031183382808,4,2,2.814846490755516,1.468369873188742,-0.325357506564048,1.703359361304472,0
61.07998767142775,16,4,16.79714361833494,-1.0169504832530614,-1.7144424755382626,0.3339577578646487,0
110.79221255689839,23,8,47.91808011795518,-0.8647836386787531,1.4743582288951869,-0.7470502009005082,0
31.46513705473051,22,9,7.814309080414562,-2.263802879712959,0.33284062155452915,1.1817959296819631,0
22.322347542221877,7,3,27.402288855771637,-2.004844687041461,-2.3276066070091983,2.0741399906816946,0
37.78782092666103,0,5,20.74681330821229,1.492100025829338,-0.6132444780893319,-0.3716689486605086,0
39.68567250907788,16,1,34.22217420634069,-1.2254201982156143,-0.01296088428890537,0.09378671567133336,0
83.18040692484139,6,4,10.498855666985307,-0.8063846437407116,1.4920072398351298,-0.7010615495018346,0
96.6222948456865,15,2,50.334687085224,0.01601849881294309,0.8236043815155593,2.1831838580356195,0
97.81852505565831,22,4,12.95746587901871,0.4193891380413392,-0.7556148101394115,0.6409606904160805,0
0.5581127345320518,0,3,16.657926178377032,-2.29754650923274,-1.1016045543885622,0.5602968664645368,0
105.67440121014843,18,9,24.617591795066396,-1.1062836244035739,-0.1727817895593738,-0.9199484578459434,0
165.76345309898863,8,2,3.5698086133216784,-0.616457458131245,1.4826859306576172,0.0026749205405791313,0
1817.2200696034233,23,29,94.8968697097029,2.0221651533172187,-3.8977176142062255,4.382148998540627,1
154.86690699631436,5,6,48.51305161785995,0.8363817561646422,0.6160744450917386,-1.8352870541332431,0
24.03888579938556,1,6,8.67965227984093,0.7153102000563938,-0.30090330832087625,2.6060239307613444,0
96.88179534218769,12,8,12.943670765369141,1.524354178065811,0.14104782705925584,-0.19646749796962695,0
71.78776975527273,13,6,9.423358361337876,1.1308693585477652,-0.36327744536881734,-1.3817215563626266,0
31.201577128478306,19,6,20.45585112857519,-2.077128555129602,-0.2568738075903442,0.3980289139222102,0
58.00066016363517,18,1,7.1310147038325065,0.23745767193676584,1.4288266024692198,1.121874771402745,0
140.22188411011072,19,4,14.379441494676081,0.5438706589780058,-1.230363440598668,-0.31444370221799683,0
29.363009491113388,22,2,9.231274021311682,-0.3568846497386689,-0.11202993994796062,-0.2713929726895575,0
105.21902679895365,0,1,39.612733364835115,-0.044245330598487655,-0.24438523649593294,0.3774256578104098,0
70.6717992713391,13,4,17.61131555359715,-0.5364470389637153,-0.44588548302606934,-0.3577103501254465,0
60.9803410452746,9,8,26.37516893073089,0.7279736386582122,-1.253482965444908,-0.38829816124238403,0
149.62341397430438,18,2,14.330617061017882,0.6003137915777077,1.79608512178758,0.21925308040848465,0
11.255518874206597,2,9,3.1135129106669144,-0.31973439735844195,-1.302105888959777,-0.5763008267059281,0
25.57529300467256,9,6,92.43658818023107,-1.7671819713475496,-0.1195467662097688,-0.3231144369691435,0
31.490792713446755,12,6,20.59389323974972,-0.1989548068558858,-2.1254802084191953,-0.6141310534969643,0
66.74931784596828,3,8,1.199199470149916,-0.8140666873344263,-0.5078305804747306,-0.552605916313454,0
73.11240382070592,8,5,9.120336628235338,-0.07592841889791822,-0.9531104249570028,0.36044647439281186,0
16.41697426086707,16,1,9.603890874634732,0.8509138291468048,0.12376275723320379,-1.5698065536795014,0
17.46220403565144,14,9,32.88797911748234,-1.2933724352500597,0.517695277197764,-0.6985817161431251,0
36.416231971702146,19,1,23.3220694521091,-0.0746016820098755,0.48055520839664106,0.8605532031964954,0
55.69475020409594,0,5,5.040764311290892,0.33742427589026563,1.252001912941718,-0.5949660553160498,0
176.7740662762789,11,4,13.350188751516965,1.0223997792308048,-0.5421705530264833,-0.294765129845773,0
95.33423597505896,21,8,10.015294054696401,-0.14878635057166148,1.1899310455517784,0.06248469175184951,0
42.12036606763385,11,3,46.60744429672349,-0.6183400505836503,2.456783772024123,-0.2559536078963282,0
269.6665887101263,19,1,5.648192623651375,-0.8268183844523018,0.7632601591316476,1.457116054926424,0
22.97916124320961,6,3,24.064064909009353,0.34998926461423385,-0.03833347218847708,0.16399749576682546,0
297.64222096551106,11,6,15.17810700004735,-0.641727015942627,-1.4758566516938494,0.19717812176132415,0
40.46600674734955,8,4,30.563377923596917,-1.3334104694862574,-0.3083934011343521,1.2478320580205766,0
29.662706377277086,13,8,12.167214642704362,0.8442420101059572,-0.319123527090289,-1.1214249841027064,0
27.92142068039365,7,6,35.85184852241276,-1.94777510852466,1.8147850828105958,0.02013948370444449,0
8.131158830673044,8,6,5.0043492759803465,0.3687862929574055,0.47057996672517804,-0.9879710430593024,0
52.294984342815305,20,3,26.47541390978506,-0.9486129261362155,0.23600303128039798,0.86694067858439,0
80.44083016078181,16,9,29.013676644156586,1.3553177858979188,1.4917548638097935,0.027458382991206436,0
300.2683977877452,2,6,4.7950780820907974,-0.5061382560520149,0.5486528892485505,2.0187354172172247,0
32.99859257101234,1,8,37.42468137591616,-0.8782289196584043,-0.2736169621485798,-1.352646314853363,0
103.28050217542695,16,2,5.429072374774744,-0.9974803442390245,-0.8020549858780783,0.45857698788572254,0
59.79182511670157,18,4,3.0830436034525004,0.0005722062383389387,-0.9115210651160411,0.43394839095477605,0
723.6891207583487,0,15,50.14762512931481,2.6555845136894227,-5.944223490479436,2.3055182615777245,1
66.85148245645618,6,9,16.2328087050862,-1.1433156263274848,-0.36174675316400506,0.04679814128360111,0
89.39221874425175,11,3,53.24967675457992,-0.06972136013830216,-0.3466373638016461,0.818127280458948,0
234.62998019881582,18,5,9.353680165478613,-0.7208424315930609,1.6033386552647926,0.9715747867666119,0
209.50499608996626,0,2,1.50521937208361,-0.032471570317534316,-0.6753052143250893,-1.1727267136039772,0
18.93814110440102,5,1,15.98189505266361,0.1362829760539378,-1.358801285491023,-0.14725823530768453,0
110.34857921714467,22,6,19.960304813772527,-0.5432673431593507,-0.2731291451554214,-0.6184285524331321,0
25.280235754398845,14,5,10.781728323146549,-0.5921540913555573,0.9773373237420643,-1.0305459005570434,0
117.33266609361534,4,1,1.2393200122400394,1.3951837087813734,0.6885164361772196,-1.9274312547738157,0
21.540283479817617,16,2,19.000739153298177,0.6988270853362071,0.6460779763116781,-0.02576332385797614,0
217.9746679548201,8,5,3.395965050524718,-0.9857595153269627,-1.9158074965816587,-0.36706835075032285,0
17.59893215150918,2,8,11.227178274185395,-1.6362501493275248,-1.4102517977062508,-0.5358873933381993,0
63.295633070685255,21,3,15.983598150288227,-0.12717501686849653,-0.3125441558590354,0.23200212032170134,0
221.11610407136592,18,7,36.76757654438319,0.6266137566318811,0.8686225484872216,0.37959424761519417,0
75.85832351142746,20,4,35.088650567024416,-0.9321817541736991,-1.264707044079623,0.6890948525328177,0
1.453651713133157,0,1,75.38228927481534,-0.14324901630412007,-0.9792147934743612,-1.7043703857961752,0
264.60439835746934,1,4,4.047972429700598,-0.42110233905458344,-0.27742870832906513,0.41203453759627734,0
539.5035640686923,0,17,498.9867825925776,0.5038480948203654,-0.5923476929205342,0.2964702622864934,1
82.30418478422979,20,5,35.10375780932569,-0.7541895590887058,0.7471381877884804,1.2003610053047566,0
129.44926980773806,12,2,44.931247629775996,-0.17640280998039587,0.3360568910516321,-0.49359840421318785,0
22.96617508508853,22,6,1.640115643924268,-1.4751175158994818,-1.4612500256505339,1.0577932250374489,0
4.917470869113774,23,3,2.1369097788707165,-0.35206531471617036,-0.018761818548348387,1.5538837726024428,0
238.89523322997343,21,3,50.80631388131448,-0.30026781082730386,-0.5766858245748957,-3.3229296066654372,0
3.6832487966122045,13,7,17.38078741920074,-0.9409317501432217,0.5315543433607874,-1.7788400902691446,0
58.10046980465344,7,9,50.820678523902785,0.07882200000264594,0.7308538275669039,-1.5529373485427038,0
34.45498486172636,0,7,0.5004981333425769,-1.250229892317946,0.4702857034731065,0.5545711751514161,0
81.91593635179942,13,7,13.312394218388288,-0.08857960304812337,0.584017008458805,-1.206830119556709,0
113.19134864973981,22,8,76.3655647270873,0.5536723005716733,1.5405523838476114,-0.9792171722018319,0
1.5464403296512828,20,6,7.849006597387426,-0.8865667335079174,1.157129790059881,0.987130520524418,0
77.01939479690293,9,3,6.708567073775594,-1.0043459070803902,-0.42202439405825487,-0.42432491588344173,0
48.306772023489735,4,6,23.090666680354516,0.9712934794027097,1.196694782794419,0.34282291411968263,0
83.93733816921838,10,3,14.836288076316688,1.226279059226247,1.077566383606064,-0.11284488604825599,0
107.00288344125286,20,2,5.929700123003229,0.9356776299126568,-0.23165248813743206,-0.6903520750549106,0
8.133958696188872,0,6,4.233544631198942,0.9259391555040718,-0.4267792300913269,1.115314135661054,0
11.634815962229979,21,9,82.11278741227117,0.2799246906048287,0.6654898133535854,-1.0652320763570464,0
96.99817623016699,7,6,4.180659264413689,-0.6693659876297058,0.04480791985829133,0.07752779904885221,0
27.804966741367615,8,2,39.799844953810165,-0.42140010310302406,1.869281286987412,-0.5087109244450072,0
23.274929750591777,22,2,7.808928615241756,2.6579218931851316,-1.1422621079967805,0.4352571616736878,0
171.64228530755577,11,2,4.001070821780294,-1.7712722157194032,0.814546023932042,0.13559425458940008,0
9.72710891654504,15,2,2.1706212208451654,1.673475849199591,-0.45282925231965265,2.3532430486070344,0
103.87931387361715,19,8,12.83212401177508,-0.8030730869573168,0.2883949304903499,0.25187382753048604,0
4.245207672824752,1,5,31.400978111610243,0.05186107136385798,-0.5637871000549762,-0.3386030041973902,0
10.119279674493697,6,7,3.0095387193884324,0.390382064097336,0.40881037412963644,1.2590117547344168,0
145.66966892781164,2,3,4.481503431991395,-0.8459140403381117,0.8174018719822934,-0.5129988483445191,0
168.63752807666717,23,6,47.556319554594076,-0.005621693600643018,-0.8189162257267606,-0.10485421467064862,0
5.605335417561305,17,4,13.998520217783863,1.2670727211726835,0.21296734019462318,1.250494731446685,0
50.215964491694365,18,9,0.4443103639214153,-0.6964506672780338,1.5085788472421322,0.28846892239685906,0
54.31107917140214,16,1,32.3336083965905,-2.157532863468718,-0.09601408517652914,-1.1636710400316772,0
179.53752913473062,14,4,48.11547691722307,0.82790102129821,-0.6940444430149357,0.7451737420094031,0
57.762332402650216,1,2,1.3017980784303789,-1.0139919577909713,0.07842109110515887,-0.15955850682340522,0
92.12724271200005,3,4,30.71746866772432,0.04046299362322666,0.8207811275842352,-0.44451486055123274,0
177.06230876824037,10,1,77.29263774662398,1.747302761345259,-0.9047846252806614,2.0812527965155945,0
36.00276664317826,2,8,0.20042029246791768,-2.1112942002051245,-0.776046162598398,0.14074356331026205,0
50.292660984867425,5,1,66.77303900566946,-0.6235655246580118,-0.200270622290063,-0.09310229011003969,0
5.408035100954013,16,6,18.825277005983352,-1.6076754640090558,-1.5172693973057967,3.389112392231592,0
258.57319887795046,2,28,215.43947854659797,6.414442369907718,-1.1813049395022794,1.600147345544419,1
134.47257339903973,13,1,17.444879854345267,0.09932218403823917,-0.42156003335545517,0.3592836923366397,0
156.58600054443426,23,2,25.279666284658063,-1.171534325220229,-3.6885342252187074,0.10325386386123157,0
141.02515779575043,22,2,13.955232421247194,-0.8323730704936013,0.6674958881722913,0.8523421627323544,0
10.060009586328611,1,5,9.87128050923663,-0.3572560390672787,-0.2941818918625566,-0.06237328675527912,0
135.40249502197764,2,8,6.82140190621555,-1.9290015076434397,-0.5940808570382876,0.6104710014296784,0
23.740685046253752,6,7,0.48664394702504493,0.4260395319750576,-0.3998466440257348,1.4045270243027541,0
3.5779573004730048,6,7,5.086715683926775,1.137161236058344,0.0927209833242762,-0.396715802871964,0
41.136803140664,15,6,2.785401237717782,-1.0536842753506366,-0.7674042503149443,-0.7053743624408226,0
25.01633647631481,15,6,4.20572202488422,-0.3833881629216451,1.218619344831492,0.21659042648692348,0
5.720332565516371,8,8,73.22507473466362,0.30873894736952723,0.13105896268095032,1.6006446664886447,0
111.28141517824591,16,5,38.65272344739618,0.6264957650430847,0.5919782636963774,0.47871732811669176,0
5.907970155714162,20,9,4.621974161229736,-1.0634439954463115,-0.9599386145482388,1.4359015520477225,0
18.284291098412282,11,6,41.36515718352004,-1.4066090020032442,0.5458159874244278,-0.3867767837619353,0
155.90806658063565,19,2,57.27845640980292,-1.2248761865388615,-0.8362931307319059,0.18508626439640496,0
122.40193129508398,4,4,7.828168193871022,-1.8490639957246688,-0.6982203820465762,-0.2838055585322593,0
68.73925350945247,3,2,82.92389932805911,-0.5482081369352808,-1.053550176530455,0.030488814285532264,0
46.820044396562665,16,8,5.30310251659348,2.6371133486800873,-0.15064322537430794,-0.38852908162586597,0
39.37684354089431,21,5,114.98590953881232,-0.9532435217031926,-0.2695058308588485,-1.05755590547076,0
16.868315289226697,8,9,5.177424890101506,0.03135750846084837,-0.7421339724742098,0.5420033623718434,0
35.4282236949245,1,3,69.0665246119497,0.22173029822546206,0.12012418094556933,-0.2717544564422458,0
138.77842783037292,15,7,17.104158412487386,0.364316422589904,0.6942219892830038,-1.1018586680309204,0
15.082894404263241,6,8,29.15288185694036,-0.8144266312431278,-0.44918288747478013,-1.0272004381969455,0
3.3974478757147364,3,9,30.250598899811756,-0.5521200515852117,-0.4799523527983767,-0.07595448758449506,0
14.397755473392131,6,7,15.704090606104053,0.050632074949771864,1.9729815705700908,0.1008642140524782,0
160.0340912002648,18,5,1.5348223332270718,-1.103583110505208,1.6164444220313805,-0.2914149707319123,0
111.31385508750913,23,8,7.145212559414258,-1.019663874951752,-2.024017882760636,-1.452119319183696,0
60.8485439244232,4,7,15.67402271447985,0.9859258170877873,0.6121487543660803,-0.05395549529913732,0
27.586777205956654,14,4,32.00994258678347,-1.558450849935895,-0.31072469145325554,0.32006000834262305,0
86.30101912351316,11,1,5.323388499858256,-0.8063537776918508,1.3337243806577346,-1.8374691718304994,0
79.85621990911045,4,6,13.441539508527065,0.05608239630503483,0.9562455409602394,-0.7506982964375956,0
92.44872893091656,11,7,39.363337118377196,-1.7664810441524614,-1.0746610593724166,0.42184736263783207,0
227.36125959612383,2,7,7.905255017447011,0.33610160251086807,2.407992554944771,1.3320874979978419,0
5.985154370770108,15,3,17.025746438192396,-0.5548472295766775,0.510251952876084,1.5309251460501694,0
281.21321263518496,11,5,17.56388503071389,0.6654944754208969,-0.6004182221049046,1.1424075972952052,0
7.888511497742957,2,6,35.558558608522205,-0.4066850003567252,-0.9567058089960343,-0.25587985467108926,0
78.38404618017486,12,4,13.78901789436287,-0.6077019186342345,-0.6247820835325625,-0.42268360794550097,0
401.5935855178709,2,15,110.04248293870225,4.066479738310858,-3.4015782050124077,0.9892668833605194,1
10.398316761712042,6,1,30.373303957289796,0.42020114988463075,0.662367553637271,0.6658021354525194,0
434.6596953611853,5,3,6.533860111540317,0.24706605445743537,0.33595876290056725,-2.271595973613082,0
3.2340013118162525,14,8,1.1516471178881218,-1.1156050949029694,0.9489420515473626,-0.7097981993772792,0
3.220733309260817,15,2,5.762565139136972,-0.22275940221810825,-0.0664590502411126,0.16753308573850118,0
36.238489240873484,15,1,37.49987365008738,-0.3740772583970839,0.9840075133154094,-0.2651810195821017,0
135.85012424725835,3,3,2.2388947983421583,0.7300360134867561,0.8605077043339792,1.2237156083964873,0
121.40763945791441,7,5,1.482034513120325,-1.214248290256611,-0.3391773082823718,0.712318400605223,0
38.29456451580628,4,4,6.924245430865535,-0.30845361458586995,1.210942429663306,-0.2199960811670164,0
38.648863946229476,19,7,5.22289388997428,-0.6545759244996027,0.28400881913215525,-0.9443208351288443,0
83.4884494780387,16,2,15.795566716574982,0.30207289477240346,0.9761672568516453,0.7520748325756397,0
143.14725522233275,15,3,9.818190046931562,0.38859895042501763,-0.3605257804601842,1.268535643912152,0
39.957512421370424,3,2,47.68157512390441,-0.4909507152260818,0.4824750765752649,-1.0917569821090252,0
36.75323397758232,8,8,25.567754424651703,0.27283556084407146,-0.3752772269376711,-1.1296285247349507,0
66.73660333202095,3,9,60.36290438508277,1.5624734954008384,-0.47415045723016264,-0.8530256046318093,0
140.1066046018664,3,6,2.30342767969148,-1.4363761021769448,-0.6267766674137857,-0.07920726785026967,0
58.615242681923434,17,3,1.6140390834407072,0.0032756880341218895,0.7961604226379327,-1.4077558659755953,0
160.8145396929538,22,5,1.443851199115188,0.6444345026955176,-0.30898478953688713,0.27261018313068275,0
44.92136131348723,13,5,16.025399851296584,-1.8046922561664536,-1.4462947995089643,-0.060217781435762126,0
21.706653786864464,15,7,22.338327407885888,-0.49595805283578676,1.785300766083853,0.4686255554704134,0
114.26597453715024,21,3,2.1961984434540742,-0.4156187210867982,0.028368498891839917,2.708402837867635,0
28.98584197791669,9,5,6.541364110689899,0.027641178841592656,-0.6225057793646933,-1.0257240960920757,0
21.16996855905413,7,1,24.367615541400983,0.020617985172410515,0.5175994814165256,-2.1669062338763734,0
16.01624026322182,11,1,3.9006920231747024,-0.3150839277023093,2.5417653498708788,-1.3352669001509854,0
85.99798112439983,23,7,22.1631543623654,-1.1900654449839978,0.13899250685393214,-1.160690459499753,0
179.62020054785057,21,6,15.673609075825286,-0.5078437568600012,-0.9543502658215824,1.0858168747566153,0
36.07669485050481,3,1,25.943709881557663,1.3773939916987517,-1.0438884400500221,1.750065946876323,0
136.76873716888036,11,8,8.173323055265318,-1.1509841809238253,-0.4798176140313472,-1.028574749528731,0
134.04603226261418,14,3,15.426746064729745,0.9329254474492837,1.526072099631673,-1.3143531443489607,0
284.9764121482694,0,17,250.4153625717814,1.3373037193973731,-1.6615208731472166,2.3670080515204077,1
11.998145649314065,9,5,20.58821937257406,0.6494907560222976,0.6147938326118453,0.9720326824227908,0
17.315534564913087,11,2,16.461803061748718,-1.5141762553184575,0.7221547663768754,0.6324126652628828,0
14.237874235212137,0,5,10.134093501259168,-0.7071878870177232,0.729307645853595,1.4442434651227016,0
17.026297132799336,0,14,252.81749631999736,-0.3567880842863067,-1.7670424499381656,2.688408432446871,1
31.47839354517083,14,7,79.3070270470566,1.2601723245399261,1.1567468292788587,-0.31674325317355606,0
6.536413486693592,9,9,30.14603072545727,0.4261667801402068,-0.7647112347977815,0.5805102128549693,0
58.76883393488302,17,3,7.476135756242171,0.3299324038500719,-0.1963917398634077,-0.05826106937951847,0
138.6520250728125,5,5,20.635872243423343,-0.557709314024409,2.2162106305213207,-1.0569919274363786,0
346.78668674563147,11,1,3.7858137723141514,-0.1646432825447487,-0.9059656376436167,-0.18069293548807364,0
104.60108810520303,16,4,28.682507685727884,-0.9969521204229594,-1.44854271339584,-0.5952537535602519,0
58.1032895384285,20,7,7.6113961806545,0.1260399597358132,0.21089505653462412,1.1396715623360525,0
38.73974369194884,13,8,11.269569197444131,-1.1019599039478043,-0.25690790626920657,-2.5477093605051837,0
9.758661771530836,11,1,1.0698972256378396,-1.00128732761,-0.41142870310733826,-0.915279971232168,0
186.19392927854193,11,8,22.64006272504797,-1.0453787830787904,0.15674622656739062,0.6268554363546917,0
52.463932951488914,1,5,26.977247315742247,0.257370946111853,-1.709656498597465,1.3748502667595048,0
212.03080759679642,3,5,18.148911759949563,0.6889969670139466,0.1683569342791456,1.5007644606990582,0
78.30394430858645,18,5,1.7311573214678477,-0.40562480167808596,-0.3448705097997976,0.457363052439717,0
91.0790826524121,11,9,18.725223793015633,-1.0657438481041326,0.09876865182869957,0.017994179040865702,0
39.87139976685738,21,8,122.71960127910978,-0.42943629650827025,1.1534562056465654,-1.6264348819007175,0
6.297463175036628,22,7,15.950313692320401,0.30876727423906997,1.9693237489198274,-0.5607022062152238,0
46.34841485178011,3,9,2.8969634447349586,-0.06221690213559999,0.27948738532906703,1.7855749050842564,0
104.34951503164064,18,3,29.68427865041499,0.7607156333755746,-0.23545067407947642,0.4743449538716431,0
135.99511137394828,3,1,20.353889368657793,-0.2918493717963902,-0.8998348102336825,1.019268477945486,0
70.85818138117672,16,2,15.453265999840959,0.40834463074401994,-2.0574363578515715,-0.7085217889603354,0
7.726774105664541,7,3,70.76804765034183,0.12562231065503995,0.4300471386350267,-0.7466134985689171,0
37.462303428171786,5,7,12.345714014045225,0.5413265533348857,-0.0066889308509490795,-0.4492388222189551,0
87.17327384741426,8,3,5.295762639898588,1.4270640676335473,0.2736644514929648,-0.22717886065137635,0
19.095010019915758,22,8,25.10546014300582,-0.5218706659239909,1.292344511364291,-0.4951628197362524,0
42.039165408579706,16,1,3.0961653123934356,0.039860401743357046,-2.7306308837942357,1.4818377341549014,0
47.94914370428941,0,3,19.969194431118407,-1.2545610379138374,-0.9669925698548044,0.42541057195641646,0
8.657430865124342,14,4,1.7666971778364777,0.17383217841803444,-1.4387499030302693,0.5330235468619466,0
3.701835092249823,3,4,56.93262502928896,0.20179043158519003,0.8754420543693557,-0.8655111573191633,0
18.68737489487678,2,9,3.397747163466882,0.7789732914514368,0.6569580042322054,-1.1200269057069874,0
7.658048843878021,22,6,14.154640411549215,1.5215245657600815,-0.2106470673132337,0.3194230755873035,0
22.112627711727768,15,7,21.828303630185076,0.12989217029308803,1.0614486666723424,-0.1839312890759541,0
137.40087249639504,20,4,0.06258481235578242,0.33738348139056873,0.20352280542173132,0.6640083138833451,0
87.13299098321927,1,1,2.1182079860949345,0.7791312218875215,0.22426974158015855,-1.6535095839046785,0
59.51072619788485,2,6,11.56257846594083,-0.21164683075200988,-1.5183355992683556,1.925019290389278,0
4.636034485274062,23,7,30.384344717689192,-1.7095612249690877,0.060691103133213346,-0.7258864637258414,0
120.80455016567248,21,2,10.86210082464359,-0.7731141368835966,0.6441850230125891,-1.2079075708846772,0
73.89400965478178,2,9,24.743763007073607,0.3292614178220528,-0.9832861048430409,-1.5023086846924367,0
57.16286480884484,0,4,36.65518594092123,0.3833664695487205,0.8957015563672838,-2.118062000272442,0
27.371224310964564,12,3,89.90414456086832,-0.49990260179795065,-0.8822182522626393,0.5687498009350694,0
104.54242297746022,18,4,1.8506023663162472,-1.8615428710502402,1.2692090850293247,-1.3432256041631492,0
42.372202896392075,0,5,8.496140115015223,-0.39668578872849924,1.2909474339403275,0.5328947677661782,0
114.54403036684207,6,4,76.3125586075905,-0.7401926362628996,0.27718599738141436,-0.27914475245822307,0
49.2653297673109,8,8,12.595779728126137,1.5809596698818202,-0.08288919182234523,0.15564204639382634,0
4.155899449167201,18,8,8.883461724777899,-0.06377445742047799,1.1712280548793175,-0.4876605127950759,0
68.77438388085324,22,3,24.05511537104743,-0.6395457603471847,0.4117000374469067,0.869669429805294,0
64.22032952171901,1,8,25.884782956513813,0.888410365683743,0.2789064006383675,-1.0659637934827113,0
89.52947274655833,9,6,0.5171045767568915,-0.058134694824582035,-0.40746987605294377,-1.4010003656735004,0
8.805263478266466,22,4,42.46697017328181,-0.34721064987611777,0.5594873854961444,0.37401800036967225,0
25.05131588686911,15,8,5.55257804020629,0.8624233722184433,0.14618734016760962,-0.7413220771150318,0
20.771821677113355,8,4,4.377725600120637,0.5850399554381209,0.24719567387368102,0.0965503493134615,0
16.574162820093484,17,9,7.3061056024148785,1.4033075849379884,-0.5101707352733327,-0.3171602317392699,0
7.808200719188482,10,3,15.4855013753572,1.4762690791419384,-0.2188252263475784,-0.45469145232481467,0
9.06890708325307,16,3,12.178691767490248,-0.7300262748469055,0.0856734217653208,0.10219766868869454,0
62.93175333141348,11,9,2.610051138661917,-0.9291360653828232,0.04056104326844053,-1.189598899761993,0
42.06877155721135,17,8,18.987333233455416,0.9827040480955062,0.8856393271982573,0.21898681183020022,0
55.153123559009316,20,7,5.9130393639670755,-1.6311721302154552,-1.8433180017484796,0.7305058018450737,0
324.7469596167458,16,9,5.843337280864112,0.543117097915791,-0.8330588183148009,-1.1375809847361598,0
86.00129642732149,3,4,5.759095180908934,-0.6428607089260817,0.8990252279474553,-0.1336207544028043,0
174.9294931376641,1,9,1.6252755061298183,0.798130211195984,1.6956486128307209,0.9189924883335098,0
57.347244730886935,19,9,66.3095364917202,0.5704477741529598,-0.9986298159972066,-2.102516630111284,0
22.939105838663867,23,5,10.324487682559099,0.7014073575373413,-1.4048852084751275,-0.9343969009939673,0
282.3494068180619,23,3,7.88337863438586,-0.10965639801656646,0.779100123325759,-0.5420381813922083,0
55.012742277107776,6,1,7.3166502766456984,0.4155398513102099,-1.1074892007088402,1.5463425139400475,0
31.455735753568817,1,5,8.358921272121753,0.7355099127158099,0.4261504164268343,-2.2539135326319175,0
95.55766225677749,19,8,31.897182347958662,-0.2394302409617225,0.1057401925167626,-0.8502299421383126,0
51.12529067010478,16,7,19.408291542001407,1.13311695214275,2.1900744194311894,0.6019464169295271,0
43.94164635097805,20,1,4.79402514116515,0.21861750688099985,-0.5882684028110648,0.905767524325533,0
257.2361409204806,13,3,21.76507203288572,0.7473217372170272,0.7462342955485843,-0.008738486385412116,0
2.8228434796261204,6,2,25.20930881435295,-0.11339984912217328,-1.0315729414438575,0.7218143941474027,0
5.847984528053734,16,6,13.844768804739324,0.8518696335748305,-1.0427917104292772,0.8894197467338103,0
1.8144938626038332,2,1,9.624386887224784,1.048633150409139,1.1595688769296997,1.6863098915358037,0
147.33358760274467,0,3,6.104373517521724,-0.1839532984364565,0.33485727032697493,-0.2535989333987036,0
270.6234352832433,11,9,7.205816358340132,1.696567616084033,-0.3555490163567812,0.6298593310979496,0
45.53563337753865,2,9,1.1449729563115005,-1.492010943090201,0.7676713698411167,-0.7806756047228908,0
37.71407171372741,6,4,30.079790893676346,1.3408995278604734,0.01444576870664823,-0.24667714288256185,0
62.17082103237536,13,9,4.350273734763553,0.42559680969512487,-0.5608443671152138,-1.0167430442385825,0
53.502448693500256,9,8,16.19105332578241,0.28547846799415194,0.10853667395589868,1.2406026117267943,0
240.8097144734017,5,4,4.137340078598861,0.635930438684916,-1.0993444127863297,-0.16243376263416306,0
154.4673901738765,8,7,3.495961746499068,0.34161893900388557,-0.10864204863356018,1.979313938564468,0
2.6458794833593875,3,23,282.98061064668025,-0.20318502904993396,-1.737543753740935,3.444698543097799,1
19.93969775844904,2,9,6.005460700752531,-1.6987983770722583,-1.0603398250581455,-1.647263030972906,0
25.430117738314628,23,7,5.692693656716291,0.9978192144097703,1.125614152071383,0.4383826375108976,0
12.389224130370273,14,3,4.619183715189364,0.4277999092532292,0.14630501499310947,0.22812337671246022,0
183.0634999377807,19,3,5.05440954170532,0.31529543091419027,1.2465799551233643,-1.0362427596998445,0
128.41892846553338,17,6,12.11431007371476,0.8014732443814041,1.353158304904339,0.605031400662037,0
13.369030783480548,17,6,4.6288599497485015,0.6624904587414777,0.22515708226398967,0.30918489139594413,0
68.25586034824987,12,8,58.517352039444106,1.5358211969270616,-0.16926566618849603,1.2251671603189298,0
81.92672408606452,22,6,3.375783165950475,0.09346656204024571,-0.4264769599698505,0.3524768751058369,0
5.648589016328817,4,1,10.41867096273773,-0.4966301867107921,-0.412483596701062,0.6087951025150664,0
48.522974303236154,8,8,2.987640551214091,2.3096836560642307,0.1784992008518068,0.5477293162451875,0
121.36026447792894,12,9,8.22175859436871,0.47682023217888936,-1.0294000396570753,-1.6331286102061862,0
9.147128168619894,19,8,12.744298980389686,0.9288170187931283,1.4661634709856999,-0.12771547409628603,0
11.14838364591651,22,7,24.82814403159335,-2.4335392731199232,0.9384715792935742,2.0884901549494477,0
1.9137967945259193,22,9,10.108502183292496,-0.1264293713294878,-0.17596271256984522,0.6605360960960597,0
21.062597102269976,17,1,2.055301663283993,-1.7795618456676385,1.0075571825189649,-0.10712507201372014,0
20.31598938464196,11,7,17.181195293679146,-0.0918931887232588,0.14267885942707248,-0.4058225015777522,0
101.84769375933557,3,8,40.49357847750297,-0.014560083619176363,-0.13451068293932178,-0.8449498843586041,0
220.67049643215734,9,5,36.9599296916404,0.5749964789763697,0.4815335395143825,0.1360970126289662,0
142.20446770331387,15,1,0.2640691814553283,-0.7927228975130391,0.011338248536661827,0.46320447503905093,0
9.752520507303831,9,3,103.1826564655342,-1.3783051734246818,0.7077306667798655,-0.5690465038799614,0
66.42262727614188,23,2,7.623129529426823,-0.11598020849064865,-0.387710579751621,0.3309469408036075,0
76.44843815859794,17,9,11.713899431735125,0.005901772284287428,-1.147547284887971,-1.6611560534161787,0
77.96244435660505,17,5,62.92003177743949,-1.7490528632651172,0.4153721629144644,1.2009053737745732,0
76.14727886859508,15,3,14.059539270456074,-0.7653838591208133,1.1619059142831036,-0.031068251841984616,0
8.032961383290063,17,5,8.253014158998,-0.1675200133299536,0.5757713840147617,-0.5774408674451339,0
144.29158353970377,13,3,21.548584000591752,-0.3746032232298945,0.5056004361087425,0.1724066590967024,0
57.538718904951416,21,1,0.03529476373511529,-0.2919578398919326,1.6667989647292427,0.7805084258840161,0
13.136434125134544,3,8,62.761740003232084,0.716046138112683,-0.4564704259067647,-0.6564213126681233,0
2436.6593272923124,0,13,51.721768897498045,3.9709234458491354,-1.6183294043854861,-0.21378058410461698,1
103.91223830543112,6,5,39.397430522608346,-0.8539578303699802,0.10281924111706828,-0.4932438652999887,0
11.995663923715602,5,8,35.17265509698244,1.2453579650170814,-0.7678698060022716,0.9541514471891753,0
195.5692769469309,2,1,42.93996797611705,-0.48675927986069073,-0.6449203878702685,0.5979967527101597,0
17.723155240470877,1,4,10.247828179240239,-0.6981588501713866,0.3702331683466241,-0.26293785304404416,0
80.71950356272126,4,3,26.635696809048973,-1.4170247360939623,0.4364968449453706,1.1394862112513098,0
14.620991140543884,10,5,21.66843905503699,-0.6039178958862044,-0.6833293338277313,-2.0356264266748045,0
33.33869367446025,19,8,9.3946515464735,0.9422932288033307,-0.14226003066636647,0.017310424735394667,0
31.88928256803998,8,2,2.514791980198497,0.17036256758758458,-0.1838666489082667,-0.04548853382034362,0
191.78025650313958,18,3,44.84625574890891,-1.1069248329673007,-0.764678672016201,0.6490613335582851,0
286.21415348166653,2,12,47.48846131703864,0.05993282637814801,-2.129759465940553,1.0450111301451075,1
151.47489226968705,23,1,7.441696188043813,-0.1605852789587953,0.03904934314667012,-1.8550148569520806,0
41.81923784405049,18,6,22.38588251172324,-0.6551459748175437,-0.3131523188529271,-0.16937668585722454,0
3.218008096430327,5,7,24.22756100596702,1.592997079758436,-2.4572671925099123,0.899466630495548,0
107.65865341103932,1,14,185.9537565620783,2.264056721028237,-1.851374219102082,0.11872004852197726,1
78.43948599812529,13,2,3.9119273586128207,1.2697413215455915,-0.13612383018075078,1.1263563445733962,0
54.33275283705665,23,9,6.931968108075966,0.8964609201702426,0.8669223990087169,0.1842713866438831,0
12.304004440676087,1,3,35.66537326157908,0.8815085876839494,-0.45847710585472196,0.29364101003993903,0
31.59215776402146,18,3,9.564486015274468,-0.2116142116172769,-2.07226933539796,0.15891887479793387,0
53.5921388503877,19,8,8.587448634029403,1.4730401323343028,-1.1879664073622822,-1.6004466009327891,0
62.512331596303596,5,1,5.266738521386585,0.16199916874898376,-2.0515684268659005,-1.175457251221107,0
69.77643458599604,23,3,4.729079415190624,0.6754466403604793,0.9456748479512121,0.02434771772363109,0
25.045199770186215,11,1,9.401394052407518,0.13889417069364382,-0.12950722143962495,0.31690178814902903,0
141.42162556179238,2,8,14.534594805465307,-0.1838257115710036,-1.6453254979943162,-0.21504339461244332,0
148.45248371099447,19,7,1.8369568393317959,-0.9383292040367494,0.11068585627394174,0.08667179337500897,0
67.09589450987107,13,8,16.802676705356564,0.34280817235328537,-1.1949981980952662,-0.062013092528290535,0
42.86679490618792,5,2,42.65258972347108,-0.7394937530221861,0.6783557099056329,0.20196426991473715,0
39.18704771953137,10,7,31.392257740449857,-0.8751817398452105,0.8509786891564968,-0.6420960039422141,0
57.699779483606065,16,1,1.6407140634115973,0.3330356842619805,0.4993696119380206,-1.0173897213542054,0
1.8837602544569207,14,3,19.766406030541223,-2.1244449789606703,1.775164210156554,-1.320667728516694,0
184.22530829702848,15,2,17.566488961374993,0.09984954338955646,-0.8795501963037589,-0.4552638057354924,0
34.563510318385326,13,5,8.386925364368542,-0.0788588565444915,-0.21199369851404903,0.939484404236578,0
38.738973622793054,9,3,29.854017624809778,-0.8325781313875258,1.2073136416157249,-0.08079744788665319,0
102.99681402249757,19,8,1.0434033474790054,0.26296139980086064,-0.9333610487377788,1.31330309100437,0
37.550720372404925,23,7,32.3843434829606,0.1941728781510813,-0.486454129777873,-0.33562121598610006,0
259.8138932767724,11,1,16.62075207988187,-0.4294740601622848,0.9796961039409807,-0.04007681146424258,0
5.260498572202521,7,8,60.19178403303219,-0.6841933928473997,0.688233341849421,-0.799102407786221,0
21.98644053307158,17,8,26.38557595776488,-0.7852574357123115,-0.9848038881323719,0.3237160409253518,0
84.03174714596958,10,7,55.688472709085445,-1.1844736929346762,-0.20080549504325973,0.01886316779170473,0
166.16462132833362,2,8,1.3568178054000792,-0.8474841760142993,0.9684744231672682,1.1593935146036978,0
11.956805285401323,7,6,54.64023843061358,0.7323215552427266,-0.08154988616563619,1.5465381922969033,0
13.040760794758375,8,5,5.714046248651284,-1.655048735094523,0.9715596135459713,0.0858549430067526,0
90.05897484680804,2,3,2.148081860135725,-1.352218017419173,-2.5548930697378687,0.5376774461318808,0
141.12511927483393,15,1,20.927596297421385,1.0695128392164805,0.382307341984621,-0.0281198900741461,0
125.0462633142588,22,8,6.61307011629277,1.516264702240452,-0.6197469255370224,-0.012114151211598817,0
169.03543681126826,19,1,5.5159063576114695,2.140502871000126,-0.14979192479023343,1.3447953457518507,0
10.774177883185045,8,5,34.60320877520561,-0.8365849938711457,-0.5988277108213229,-1.0407509790688168,0
22.07769591524977,5,8,5.006491121151856,-0.2838403906811896,0.10672115318425134,0.42546698537740124,0
227.06305897387384,6,5,14.481111067623893,-0.7896816362511785,0.18038606712878336,-0.07583802016472518,0
128.99005752886075,16,1,9.858419547118714,-0.25614570936256864,-0.2203360259357176,-0.20475502332338136,0
8.28635929554716,10,9,44.9577906225371,1.2788150442795534,-0.04163754936976887,-0.4185772305187838,0
70.59556872868433,16,5,7.610778715656705,-0.7024739580504119,-0.7382935496387839,-1.739283863399792,0
56.39955526345418,23,4,67.81612627010715,-1.071133063833534,0.6620284355962163,1.4148288631673296,0
73.48586793694024,5,5,11.827893116952835,0.6853814391591604,-1.0953762570396017,-4.4654498430359535,0
23.253965793169233,10,1,2.008246880671904,-0.4699374056132233,1.1746923749519227,-1.1242775620805694,0
120.42292053035752,1,1,0.8075035915416197,-0.12750881811319528,-0.052741097187075356,1.3760557128860396,0
16.473561015244957,18,4,18.17038453482349,-0.44198598554633667,-0.842261237667405,1.9572704737936908,0
4.757257023014523,21,9,3.619973006462762,-0.1336472016022378,1.3618892530686975,2.374845357955601,0
68.08560809016521,8,4,7.50868812700805,-0.24266907490384526,0.4619474206173852,-1.5303205950259162,0
982.1158346350762,0,10,105.4684264404611,3.7866930320528827,-2.9638219327619244,1.6311728566500878,1
12.096024614753926,8,1,9.669126544101998,1.0861347767459903,-1.0974495764264176,-0.5284989444132039,0
29.836855660276203,18,4,41.27235725397089,0.3682490074836024,-0.5612218268293419,-0.27968768193797067,0
18.437748029645885,10,8,7.478700971758117,1.0429263264369302,-1.210205402353063,1.6478149856265654,0
40.375904554296945,19,6,6.820065428476925,0.9534934355200126,0.7156636632538479,0.46508806580463324,0
165.1126392420432,5,1,16.164952237781833,0.4140123797845865,0.5478451486426231,0.10540125774704616,0
5.2534452643826315,20,9,36.65269166868257,-1.3178859443095938,0.5623431336684104,-0.011894277480816695,0
158.31594626369122,17,7,2.9616260042647764,0.7167863740644448,0.7627280453746469,0.5421826968087302,0
80.86922479408341,5,3,3.469496757480201,-0.3185628040998852,0.6505518153968043,-0.908673563727255,0
75.7096699119839,0,4,16.905467302469237,0.978904552461823,1.3107767124930878,0.5450083524178347,0
145.17914085543202,6,2,4.014942144667926,0.03579991778963857,0.37330799170468365,-0.6317061390817941,0
72.02570110092942,23,3,1.8672485125927683,0.8335102732845814,1.393021850187695,0.1472306778353709,0
21.856732609018877,8,7,13.652989420734048,-0.7433600032981118,0.2849820922997472,-0.3921726238290254,0
121.3215436633959,5,4,21.19360653136112,-0.7165187914679252,1.6489609377517076,-0.7458599756833896,0
146.50738188115534,13,3,19.40153668696086,0.7380177508173981,0.43872924404538116,0.6770284635208138,0
83.8310224842563,20,8,4.534017273092404,1.3144120899610041,0.4233170663071546,3.183286992158234,0
19.359649059523786,11,1,33.545535283551835,-0.0523804744378629,1.2208025977402577,1.908583205106268,0
13.192316124355713,22,1,0.9060721178982035,0.0070984001775593756,1.3613433222769207,0.03598149056308932,0
55.95454662272545,19,1,24.499278640122757,2.3656757112713724,1.0054361815078057,-0.3133899617875706,0
39.11300584733824,17,2,2.790359609762789,-0.9693618100472887,-0.1899106580187796,0.7224438866081824,0
17.773490719753447,3,5,3.73458435036846,0.0319739866053148,-0.9301733137455103,0.5764367257778134,0
120.97926060582373,0,4,0.657599154690949,0.14537322483860557,1.2902203152051066,0.32687234903119905,0
7.1114271272744105,8,4,26.787176010454942,-0.7969115237117372,1.6412568930547216,1.6269331725320926,0
68.8538354756371,17,6,9.002867451965571,-0.9281705524190459,-0.5334717451890099,-0.38631914363594,0
84.61592711364615,18,2,57.98519915506244,-1.958521337182095,-1.6218662368894512,-0.788300735045307,0
358.39683767382473,2,29,14.773339846181235,3.300235934719646,-1.8240998094497047,2.7342539060610025,1
129.33544388126626,10,7,44.30203920572025,-0.04994622134581302,-2.137402461645714,0.16216591377779865,0
218.11002363483243,5,5,33.31284975181767,1.0723887923273803,-0.23276869301010344,-2.2738950307637524,0
68.31929756518618,19,8,17.551913776300918,0.3473457226196433,0.4665723427571206,0.7254465888542648,0
58.47817389100581,6,1,35.770893695922574,0.016537360011545144,-0.3422331675546796,-0.2047233368204679,0
2.1376653493209092,20,7,22.867316919937434,0.9033487486573234,0.17779472943153798,-1.1194015109973732,0
155.7221520636889,6,3,2.3036349823276416,-0.9862467205712259,0.5626176326935001,0.40779307301661616,0
135.68661302784557,15,1,8.335074778468867,1.356251046698584,0.9124661401841356,0.4458191803030506,0
67.63112736552047,11,8,14.24714109924289,0.48038111802120453,0.06461107738992654,-0.6455948356897664,0
62.85585822255422,21,2,0.5095180470081058,1.386390121317703,-0.7105618628043663,0.41736912163473344,0
23.011674207742956,8,8,19.09935004217789,1.143278402037078,-0.29738339984838513,-0.33452946055621574,0
153.9110552714229,15,8,57.22594658147624,0.9899610547022,-0.21615172901206195,0.9303201317715778,0
11.298824809159418,7,6,13.382891333573937,-0.7537590437461072,-0.2754853216997949,-2.1088807385661963,0
80.55661675948167,18,8,11.609202500573137,0.4155101650753717,-0.04524453643105369,-0.08884746099408394,0
131.47826949834968,1,1,20.37077506223087,-0.3053494215712074,-0.5075427410367783,0.9131234177205484,0
4.426686146412681,23,5,61.064188587086576,1.4845175038019136,-0.029867733267455055,-0.5274950158522852,0
136.05567224155828,12,7,22.71671438018648,-0.8920055703726477,0.4591284633732855,-0.6246631328814589,0
44.967438268119125,17,3,8.366006324880608,-0.15890210961200754,1.3056511739923649,-0.006159229710130187,0
3.016783621512778,14,2,4.520151521222666,-0.46692599272524854,-1.867043044626051,2.3714107129236717,0
46.264116955798116,0,8,6.8753663735159805,0.37390798546464543,0.5093932324839803,-0.7399379145919254,0
30.1463308392421,16,5,6.2636386178503765,-0.6716762653279937,0.8153078097656018,-1.1580521589666235,0
184.22172230825453,16,9,54.38014625738418,-2.182459383758874,0.06025098556364223,0.8678591981937159,0
45.14287586504679,22,7,15.763125723602796,-0.16558750147603638,0.8343362020998417,0.1391190697086147,0
158.1194297230453,21,2,3.982804419002888,1.0102118770783575,-0.7197176956119749,-0.6224517787280152,0
212.20448385766247,0,3,53.89654689879595,1.7951826891409621,1.4746909362788017,-0.5897576298065668,0
1.3066446802672516,3,2,3.24392231794656,-1.070054322405342,1.362381662198637,0.7290473485617243,0
67.81820491668692,0,4,5.833794929513627,-0.37302344951017175,0.7943336930664122,-1.7504537000778286,0
11.547946146554528,22,7,32.40776291243232,0.8656562823655286,0.7336677785790328,0.8183429103447353,0
69.17308281632285,15,8,3.161921603528188,-0.5424135706101073,0.29569987838427225,1.3556651375840492,0
165.5267290590035,8,9,28.66651910134323,1.711994414812759,1.746119881447655,-0.16349932411619134,0
45.02952336756594,10,9,86.30788586263793,0.5672566126252463,-0.29596234850861636,2.687647655045599,0
11.801013050777518,19,3,1.7584999546842663,0.61371049292461,0.8411202150511431,-0.8134981790319735,0
177.4176983328007,20,8,19.594477025264368,-1.9222062835015614,1.0697556012158456,-1.0857732993054503,0
12.018762298187093,13,7,11.679557074011107,0.8440652263220182,-1.2944464294089564,0.4775330797644282,0
24.07813556789737,13,3,10.450815876576929,2.4626211388522576,1.2967017469543567,1.6326384520312431,0
15.734216756142827,12,6,11.762242999548334,-1.1272282991651237,-0.43182428044859483,-1.6216246543760406,0
4.750076624670465,7,7,8.769045968707603,0.24203604044455257,0.20361220439222424,1.6187425562382536,0
237.22137769217628,4,8,22.40259572419466,0.7274089612646538,-0.07643562003831544,-1.3270623921256204,0
33.49711348618156,2,4,7.914854446834507,0.025164916359227175,-0.46027222198437534,0.8755195781318256,0
191.90588865262185,10,7,10.000769335551414,-0.04769319112503722,-0.40072234520944805,0.21779186462701702,0
21.903403202745512,21,5,42.781786319878634,1.232543786207963,-0.37634695858784845,-0.20277464275184698,0
14.06443259626166,6,8,7.638880516637006,0.3410919266899494,0.8185073716844912,0.4449364354043699,0
444.9341788918698,11,1,20.930740737366563,0.7225848110332054,-0.794265299761534,0.5403085147921497,0
6.016417784535829,18,9,28.374313851366807,0.5289090078115841,0.23195577160638428,0.4779780981268822,0
79.01393384064177,3,1,27.812409618126136,-1.2368425891234847,-0.5019397045243513,0.7604999100371871,0
186.15290822673583,8,6,4.396516675394329,-0.6670859201357984,-1.4300901159653354,0.9357755748789884,0
307.2710097802092,5,1,4.823613669600508,0.210961446276991,-1.3494223078149694,0.8752428434669424,0
25.534867893899175,19,2,41.38335799738907,-0.7588194346769976,2.7199121426674515,-0.15833850208588213,0
83.97752599102402,6,7,11.609202877336964,-0.8480028581515766,-0.2656072432882208,-3.203939302152463,0
22.631700300682528,20,2,16.13548979442627,0.4345202768279588,-1.0203008539030132,-1.4412266373977634,0
61.89684688031364,9,3,5.474007954722747,-1.1675864402595446,0.7757726478550395,-0.6671852500897706,0
78.72710003388511,14,9,68.98788226044093,-1.7274249249070137,-0.17326243728651228,0.3645111355373338,0
198.76236407945416,21,1,44.10863781424273,0.3062156797813505,-0.4309351570000299,0.4211358618465143,0
122.46973901757613,23,5,3.507399458367644,-0.6236419401113744,1.0530124064224253,0.18549682792881017,0
2.4345584735977015,21,5,0.5700818553870025,1.480055522987229,0.2999044590903123,1.0890816273603405,0
71.37287037787713,1,4,9.268993062525134,0.3129803428883831,-0.10881519307257756,1.7122092561041704,0
223.13620044712263,12,6,18.384026155427406,-0.19321000094841478,-0.2502717618729204,0.178246558222278,0
100.44940828678304,9,7,10.548610640490661,-1.0632148487652016,-0.7277813825212387,1.3928826319198206,0
21.970277417248237,6,2,30.139486815603178,-0.5868263035402915,-0.8313553017351075,-2.0732818377214786,0
76.38779447525707,4,1,67.3009121462807,-3.1539900554317044,-0.8019720918324517,-0.15886736035811952,0
78.80679936682417,6,9,14.23270591587003,-0.7527611073780103,0.01007188038186634,-1.3071820316770864,0
3.2748593635142935,15,3,7.660577741094926,0.33066796483906596,-0.32161914757706894,-0.1519499533670495,0
151.34175904402235,11,1,30.995275568369117,0.8537597438231147,-0.7395688800794822,-1.6749060901902892,0
42.264444519144185,20,8,5.8459526588525526,0.9623218575320852,-0.1631419339967372,-0.9710101987570282,0
53.17872658151365,17,2,6.95106598485199,-0.9902048326557027,-0.7753788815300137,-0.32643026510535444,0
43.105892017061684,21,2,11.395201157638335,-0.3430535277996466,0.8409555523836869,0.14008051421581588,0
111.99193840930734,4,6,22.197685045456016,-0.15688957535917772,-0.34972710102515375,1.8784452153169688,0
49.16522197091348,21,6,42.230850598515666,0.234172051389464,0.6344825559499007,0.25582396983592964,0
44.9635655723191,3,2,3.52033152632922,0.9623208584650491,-0.30277297046913004,0.4710562708510565,0
150.7674934326556,10,9,30.12551325530914,0.4369964782401853,0.1747107166567036,-1.03981193179034,0
68.54259564620355,9,4,11.360467363512743,-0.4309185357276255,-1.968511229328971,0.004830367629899082,0
4.268397880675947,1,2,0.7278561848384675,-1.1490039356655233,-1.4445434257094563,1.0491762063318673,0
105.00496236287943,2,7,35.66550872115844,0.8363805428333451,-1.1800123353965095,-0.8128658630280131,0
94.21536335661631,10,2,0.8053505293702468,-0.05259289099484313,-0.7340336316402355,0.3367377095755446,0
15.374104676366343,1,8,13.234748487059733,-0.010261324056122885,-0.3379987016471785,-1.075624733287782,0
1.7850598339394144,22,5,23.863361076132023,1.7627899887193537,0.01936601139611741,-1.445434359595726,0
3.55064394238929,10,6,2.489611363763578,0.6713995250341047,1.231223522980595,-0.6236030601728934,0
2.645353067998857,13,3,41.27405851090316,0.06647642914480568,-1.0077937098536227,-1.258742757124252,0
6.7228513658658695,0,2,29.879291332183083,0.8121941254537923,-0.4136020101755253,1.6109118130799116,0
10.871123303794239,5,9,6.68529769007927,1.1924715431399304,0.912490926546721,0.6933714922085806,0
63.920899999488896,0,5,1.8147649384180848,0.5605787408282403,0.09196144225851943,0.9925607439921724,0
189.5300094516387,23,1,1.7286877724515561,0.1039536101320018,0.7019800557636997,-1.7126962484372337,0
10.96147392536057,16,8,2.366560026061774,-0.18475340097743445,-0.815739171863536,0.7392681797424095,0
88.97410282352821,21,5,12.8844111055926,0.8025021246580216,1.2975446379648652,1.606465448284585,0
29.826378042262665,17,9,2.8090998329743213,0.012595445930277106,-1.198923341959756,-0.5733998655721395,0
44.617962508018024,4,9,29.65229170380697,0.04230600763223283,0.3925505845152466,0.05662996092666792,0
8.251942293470368,12,8,11.920611911114033,-0.32783419016137777,2.076662785154092,1.1352233196172332,0
93.25051508154598,11,2,9.790311702974373,0.03772645981954329,1.5023190685744763,-1.541019643988517,0
1.91022267324132,17,3,8.735114153458953,2.5267520608027696,-0.5543624277631342,-0.4208965843081758,0
63.79690525563143,7,8,2.116126597599994,0.1058359976764006,-0.0847735695721163,1.6578590338964756,0
55.94673457625877,22,6,7.597447142172864,0.43119337939797847,-1.197711067754512,0.5317976891314684,0
494.5755528677861,8,2,6.907510699094759,1.5299331581033604,0.6799595493962023,1.0285857335244413,0
29.272574149778578,4,9,8.0149557382723,0.5180192559756224,-0.73641588817096,0.1420602922443133,0
169.45618781564465,2,9,5.076970698529139,-1.0722378065151503,0.3335403059136633,0.593791239862375,0
11.511036431223916,8,1,75.05181709556068,-0.8791486042697515,1.1079225475169239,0.675687796590561,0
67.8172637203098,1,3,11.566648805108251,-1.60111738768568,-0.37705685239283737,1.1371728378282469,0
14.996672861687056,0,9,10.421688233994935,-0.3454803392981044,-0.737270588469554,-0.4771610963669886,0
23.726761989225924,12,6,3.417751040701707,0.6688805603019822,-0.2828778686099834,1.1500877168009103,0
62.65005470023796,6,1,43.04171198514625,0.4799609008596476,0.2958384314951815,-0.11973268217808024,0
43.43619992060722,19,6,25.5183454127849,0.041138538762297845,-0.02300848502609249,-0.41259719943543516,0
82.27153176871128,23,4,9.030617590304045,0.05596708609818709,-1.1523006326824563,2.312283389160951,0
77.59969523798678,5,6,8.90497781598948,-1.0669681707669594,0.200024565941669,-0.4919189736344236,0
4.761366513953894,6,3,2.69116356987173,0.13428279165099402,-0.6104462021158659,-0.8525078652326233,0
30.00783033235331,20,6,9.058177493939759,0.774723944975595,-0.4397774743770428,-0.6842628776089325,0
0.010776166112213896,15,9,63.36011407293598,1.7136702258447263,-0.6288156771327728,0.8414723450820331,0
0.0890170425426292,7,3,36.10597703732828,-0.5466576785786422,-1.123459543053787,-0.20848335618676214,0
44.78754806241429,4,8,9.854192742273714,0.8332179780388409,0.7643002689639313,0.7058112940163125,0
46.31575125012387,0,3,4.114721340923872,-0.7549707325688033,0.9446984637177005,1.046848787339246,0
69.7096519339091,9,7,26.81530274814113,-0.19705994935018686,0.49999029068152095,-0.504166570287083,0
147.97409097096232,17,7,51.7115578283832,0.18492528664910426,0.352951432069085,-0.056629808583760995,0
33.314501368859325,13,9,5.221989067304536,-1.790567944364242,-1.2307934007896677,1.1047354660550324,0
156.25406820548466,7,4,37.49168673548952,-0.4315624408679859,-0.09648572462679421,0.3117144104601303,0
65.11289215447562,17,9,10.748493677645392,-1.5878325140338636,-0.14093850158389237,-1.148411663041408,0
45.10790965598474,10,4,14.832453691442451,-0.7759481827747975,-1.0924231290987567,-1.4026659715723868,0
101.47795294770113,7,3,13.475915903590574,-0.6186419820295285,0.2202970521953939,1.157419868236328,0
63.253487611581825,18,7,3.6569098142739946,0.12517092815182956,-2.1102326456416036,-0.5557306810778931,0
58.337047485814665,8,5,39.77460800174872,-1.5482732957714977,-0.32563323218112006,0.1533713253881379,0
60.792867535065305,12,5,40.90193836737923,-0.08420500844257142,0.07220653913760525,-1.8580270065156332,0
341.86490972290295,1,16,820.8488106112968,3.1272839854263355,-2.5641494194866237,1.533045338734497,1
238.50392481750671,21,2,32.91827961930943,-0.7397023235293195,0.825781979298669,0.744177238969033,0
85.55071545047699,15,7,5.371115771688789,0.6273119010128547,1.398325210710112,-1.181878667126249,0
384.3868352708911,7,7,4.0325683651007065,1.5247414886393866,-0.6573355157012702,-1.370424285494642,0
12.691069397508866,21,9,32.282748338631706,1.694430926901224,-0.8741034681532738,-0.1329277086018587,0
379.1509446291496,7,1,0.5515869326808105,-1.2719973841832004,0.09739894606070588,-0.4975944562956835,0
33.96388261515861,21,6,17.22090841613962,-1.215823302396679,0.6886766050070139,-1.4508336947880904,0
63.336492733502524,5,1,18.11164029879262,1.354744233616806,-1.9509413454293696,-1.3310566630389111,0
34.75546971255768,19,2,22.776443846030105,-0.2528356827323326,-0.7932211324153197,0.9368539635024046,0
13.422360282015992,21,4,4.1948994231570405,-1.2607264800993632,0.2059541018421014,0.6611220542681432,0
98.03532864619913,9,7,9.909844214383906,3.030318146546308,0.3554051696941473,0.12190996948655884,0
38.82709899992477,6,2,1.05747610664878,-0.25636168489921035,0.9309019699624608,-0.31732074267939087,0
24.21417460913903,8,4,19.303767713282344,-0.2573619889094884,-0.3207981685575945,-1.4925516260511884,0
22.16808184211213,18,5,15.016961631492398,0.17880707398562976,0.3656775661096029,0.2052241589690041,0
54.67896354496627,4,5,1.105538165519849,-0.12566488445624302,1.4162719054838573,0.6246736477958461,0
139.19631651141634,0,7,7.517870768501069,0.7856753837514879,-2.5493818801058503,0.8535786002415615,0
105.51242170040342,12,5,3.9522641559485665,1.401905528828877,-0.10260768692392448,-0.4380787314849832,0
164.53548180325572,22,7,8.813355326721972,-1.1307583561440129,-0.43836715761097256,0.7548240252178439,0
26.922711436137106,13,5,19.30697575249014,0.9560891265239637,-0.44906125002307845,0.28174201864103454,0
5.06497671604251,1,8,27.705318316847027,0.7949389289756393,-0.09204414749678139,1.7637346231037556,0
65.1957523084403,4,5,6.71382691668322,-1.040896147722047,1.3260900214323366,-0.0724978897600651,0
29.063028797500664,18,3,2.7710149379260196,-0.3257539990617314,0.08811016131356794,0.18240575918007904,0
189.45901403824723,20,1,2.494758110827007,-0.6718704045251006,0.36066631492999146,-0.8276672634667452,0
42.130883142384896,16,4,11.500031489848137,-0.7771450251773654,-0.6940424963409771,0.533324901667131,0
21.25619996989229,7,7,26.770323747028797,1.6607008791232887,-0.723922725667771,-0.20180126992733263,0
11.14889590670446,12,3,4.436630989103254,-0.9459894463062429,-0.5107246163160236,1.6765885075285702,0
52.39214732016866,18,6,43.308550131746244,1.518714525820844,0.08920923244101718,-0.9226403678142225,0
25.768761598410343,23,8,64.2539511944611,-2.022372367030088,-1.3612640756195442,-0.3818256693611554,0
8.2221852002005,11,6,14.308217171022159,-0.9176741576094798,-1.621170337303497,-0.13291153830927277,0
2.5343743059406276,12,3,56.42332050771331,-1.1444825949076158,0.05172701136253039,-1.3104712416432904,0
56.35835646166881,13,2,12.410424508522198,0.6430946388552329,0.7250040837418095,-0.5386741603295903,0
6.248840463379761,2,4,24.131493027073954,1.0628497318025498,-2.2604750131592444,1.0721658491597048,0
148.7409006673585,20,6,11.621615918448251,-1.5265358466447474,1.0625365398649613,-0.8442546847432236,0
150.12644271003006,3,3,3.695315523885185,-0.719622551185968,1.2650625826637323,-0.21872244846589645,0
48.14745986415447,9,9,57.28362310842192,-2.3165051647859114,0.9708196074171138,0.25542529420608123,0
14.894897781080974,0,2,0.7954385187266622,-0.39986750245722746,0.8438831249590519,-0.6259005030583277,0
34.88483827388117,0,1,11.813159459322545,1.0819677416802032,-0.5665566889561958,0.5531833867072384,0
46.40726740683186,15,2,19.15761004257067,-0.8938655553324805,0.1035414113114531,-0.5180586561766727,0
40.357362815093396,10,6,5.832744192976471,0.30112351004842725,-0.397280701251242,1.1188428597895748,0
19.922665852262696,11,1,31.72667306664794,-0.0666920205051646,0.9000028596457165,-1.044561902500876,0
71.50227236756668,19,8,14.012813548509506,-1.3719492722844784,0.6388997275076053,-0.20439461381491617,0
165.35250730142135,1,9,34.215135259765084,-1.0667111074708924,-0.5368629459053864,-0.22017411621261557,0
22.163337816736906,11,1,0.9383457532839659,-0.34218235794787677,0.12948782834529146,-0.5311085678715791,0
49.04691950600764,23,6,71.72182544952528,-1.9104499839817166,0.20115016448783615,-1.1192408380970889,0
39.78155334281253,3,8,9.51800876863102,0.2738229302665068,-1.2685561994417414,0.5805309992088377,0
12.930907385416976,22,6,17.856846582308066,0.0969751850684755,1.1449388664952669,1.1034361797722194,0
1.1841924555553365,9,5,2.6898071145377656,-0.17822038900033782,-0.366687541187035,1.0243718156855974,0
42.91139551483377,12,3,1.899140889933404,0.20590070680034597,-0.5655209152802733,-0.7881402096096431,0
139.141155722128,23,2,10.438912974869757,-0.46642954175766177,-1.7306796809996425,-0.16574222711915856,0
62.114847903929814,21,5,2.108172212509886,-1.1563841896172586,0.6431112985801718,-0.48638767105329866,0
40.45686828284759,6,9,12.796421003782568,2.275954683473312,-0.6508503013981276,2.1210092202698894,0
14.28458380941051,4,8,11.158571302404708,0.8435237691473237,0.6509350032530206,-0.7116031279767636,0
74.00385061659294,17,3,0.7659388248072784,-3.136944410632009,0.9330981207045566,1.1299114214843222,0
23.89883634811166,22,1,38.0249978280738,1.2518532547824426,-1.9526174883572964,0.43201282683197934,0
29.42706531505621,6,1,18.21333597601815,0.3137461719931565,0.6305715078597889,0.9041931061602341,0
46.94737033823171,8,9,17.897137370283705,0.3591744686594917,0.5836341442633873,-1.2343608626253812,0
17.661473210742372,11,8,0.8768855360556138,-1.572089269131218,-1.8686692557395346,0.2969594569099572,0
141.86007999804514,17,8,9.542833270285005,-0.971337782212116,1.1740610464215746,-0.7812822168095997,0
144.11919126169076,8,1,49.550362535277934,-0.26127649065077657,-0.2821924346434823,-0.6715334222590659,0
94.72013672700936,8,4,8.19055692208868,-0.11315173431103208,-0.498135098183501,-0.03994377497219296,0
104.21991427938529,19,9,30.676015291501194,1.8899939909266896,1.1556828581606902,-1.7745261909725352,0
105.33965548363595,22,9,17.187056230667555,0.5826674332206054,1.0441917524373119,0.5459071283227537,0
46.86980191375552,21,8,50.09469679221038,0.9115069486070524,0.008465501353239941,0.07064052173765294,0
14.453145515443879,19,1,6.3926558837009075,-0.6251287227931619,-1.1324217495253281,0.5045422510810414,0
328.4557697825391,11,3,9.50773541777982,-0.6061359289224668,0.3331353418183397,0.34897823398346944,0
72.38554592711566,22,7,40.77354096801933,1.8742796536382518,-1.3939690411814238,0.7758771037406309,0
62.90566213170318,18,5,2.5540328670212826,-0.7708951424947356,-0.5440855897536948,-0.21675885004290849,0
40.22036173521575,19,3,14.953111103929324,-1.7206051319147262,1.6371891953211593,-1.0829294302416554,0
117.38261787782187,12,1,25.820179955910724,0.05810866174898475,1.1659770669319522,0.22225054040980874,0
25.634127396002093,9,5,13.975936158795111,-0.023372054146216723,0.246771571458488,-1.1727727653360884,0
93.21471477448164,17,1,18.438427545210853,-1.2001538107095353,-0.0292822561480185,0.4529873754025737,0
36.74846146150241,15,2,25.031219411560635,-0.25177530416290167,0.7212281920076732,-0.1967283399449625,0
78.65672691217301,11,5,12.16181649802767,-0.264769340139967,0.7932473812483002,-1.5157397327477964,0
111.58301264467788,2,3,6.516086401503735,-0.3511227413735612,-1.2346694947811039,-2.5212255491049977,0
263.5890377446341,21,2,4.208961949858291,-0.4358222279452311,-0.864981189906715,0.8467789975256701,0
379.81155866879544,0,7,2.4312561344167403,0.18625267536176382,1.8917398330071553,-3.129774301868376,0
107.4793213907737,5,8,16.441806965959287,0.2864339383260906,0.5321494371578368,-0.2370803128878598,0
166.66867246028698,19,7,28.304070584110143,1.4425127477606192,1.4247853289886303,1.1782420172258996,0
180.17215980273573,0,6,26.18041771019493,2.2741956436766904,1.935345364646927,-2.2426997074709627,0
100.79363039863412,22,4,3.1781099539201203,1.6932417416603545,1.3191368654420343,1.2906535133708916,0
167.41884897413112,10,9,23.448033936789564,-0.020927936314680203,0.12369569508961095,0.22915398517071695,0
7.289680809326047,4,9,20.20929382339242,-0.45156066435789793,0.3556106029960117,0.753950762308724,0
236.04239880495987,6,5,33.379373544569056,-0.8977161994982428,-0.2493849708586994,0.7227475658464318,0
125.8465948924996,21,6,3.423780024839082,-0.7472476920081546,0.6924188435721691,0.5699690117673842,0
11.230555118130983,19,5,19.218021923884525,-0.5213256785818927,0.4769711044865132,-1.0979989376572235,0
233.39013794473112,4,1,20.118697459336047,1.0592491568277567,0.8435680721606936,0.4104250107810383,0
61.670641929910545,11,4,7.456242131459359,1.0412123666335222,1.1528709548895715,0.5167256748582804,0
211.3899419383393,17,6,6.934168000198677,0.02326639692365713,1.1645107861260195,-0.4246770076907647,0
134.6147650129126,2,4,20.095469964823366,0.926353772343013,-1.5383676852984691,1.5040265648146918,0
7.978372947844374,21,6,23.82608781457648,-0.4796779411630805,1.366192733839907,-2.4117975090434602,0
48.38007377317902,8,3,2.6767452252648045,1.3347468583344433,-1.0016115239351977,0.8537403725818489,0
49.06284639916028,4,5,18.323029401654097,0.7464682938861142,0.7660031971276312,-0.5845590002047177,0
365.6445548464,2,13,138.88371606854395,2.13162308856889,-3.374456275616466,0.6868722433323589,1
128.7214741836993,5,9,27.526322663128887,1.1084171154609146,0.35303532611089955,0.2936624613351568,0
279.79102648987185,17,9,17.988267067120596,0.2297939415545565,1.1475237226003865,0.6344604051460561,0
128.89776337274017,2,4,26.70542516106577,-1.7524207819494007,-0.3338077899206209,0.3945537782923489,0
103.08662125388338,20,2,6.765564282603995,-0.6604028995476336,2.3148389421243505,0.37628784494593,0
149.899516576935,3,1,9.804041133700178,0.7962282971100936,0.9169520750588207,0.024697350301530228,0
0.30617897571168456,2,4,24.804983442502767,-0.3792531559307416,-0.5453808212594968,1.1586375042713903,0
74.17053915351026,23,1,17.248918558842963,-1.00645588790235,0.24558229048578212,-0.890655805718728,0
84.49579447354307,15,9,30.25634684772285,0.803153198499548,-1.0333864744971126,-0.16433463854689984,0
11.30009121221482,19,9,34.43815918558371,-0.38602264228919986,-0.24587638255567731,0.6846645795741119,0
50.398995448111386,0,9,57.84921205646298,-0.6516640089850292,-1.145485315899966,-1.3023757486451255,0
1.6639446399310898,0,6,3.933753768272802,0.5269680314381583,-1.5902519042444776,1.6400207119509949,0
12.34549363041829,17,7,5.37560129744678,0.5944363424228408,0.8386878116457666,-0.4176166153314545,0
32.865849946514345,4,6,2.0996920276810376,2.6073265966675603,-1.3314929264724231,0.7413367026508446,0
31.209951954586433,5,5,4.987194219438518,0.6784238811362941,-0.3548910698756534,-0.7137447250230351,0
85.79938547726853,14,2,46.847736805313296,-0.12604366786472296,1.1609521024840483,-0.9742113286020722,0
217.89415086099797,11,1,4.8826465484268216,0.13803635519893842,0.9463175165627192,0.8055739529610344,0
9.786625675578787,2,5,14.79245264811112,1.5002915654481137,0.2665005996003115,1.6237695269485655,0
213.19744105462297,1,9,17.82003510333925,0.9881688897330232,0.5086365313552776,-0.3516144846390157,0
186.1609065798004,3,9,24.6994449206412,-1.1994353470417967,-1.0097831635861132,-1.4059968453846605,0
25.93711676563715,13,1,1.299268390161664,-0.358534954980195,0.23107273019553737,1.0469202735653824,0
30.357261289866333,14,6,25.138832747819894,-0.004933924700884993,-0.9373126019001644,-0.007139566989132828,0
48.23239330165163,0,27,154.90550670314045,1.8670727016357545,-0.5886886015234942,0.8457461652222997,1
88.16257436107296,11,2,5.6248047684970945,0.1760499055233748,-1.2538267370692728,-0.6675532777552375,0
89.58166497996456,21,2,15.448792166706246,-0.29852291580618057,1.682118745380162,0.7842757402355623,0
39.45138055401507,11,4,0.05221737492300328,-0.5058768921243807,0.33921931801573485,0.28265778915659506,0
66.81017366425968,14,3,4.595317527189653,-1.56187943612236,-1.4224614073217372,-0.965578061041906,0
93.96757137203856,18,5,11.336336754542053,-0.8256763881691843,1.3172732063477457,-0.10989904786726011,0
111.18277731963688,3,1,27.268882380600928,-1.0892897557906625,0.9646153139527402,-0.5704147687420185,0
0.349825319339713,2,2,1.799687724163566,0.3026639779583603,-1.3679591385927934,0.3685928072241187,0
48.908393876588576,0,17,39.19617601975879,0.8054541397500175,0.10500473087104334,0.2120044901955609,1
13.688997110104879,17,9,2.4864078550358197,-0.7576889855965283,-0.37118585265837206,0.1590106085644712,0
5.237780701801991,19,2,58.710070024398945,0.08767364930063971,0.4377508808361797,-1.4106918112277285,0
114.6744437663275,12,1,4.795984698053531,-1.5319848702596703,-2.7909350889833493,-0.5276981429936187,0
138.34810956305088,9,6,3.0104275309630717,-0.7491775745362502,0.49778120567970247,0.20607999736697646,0
268.1168353500563,2,11,354.8473178858175,1.1387008708845276,-0.1792323003780356,0.44042246348155945,1
3.0067582212418027,3,5,26.452000394198617,0.36920272876950466,-1.9986110717180092,1.854802265656627,0
3.7325485707171504,0,7,1.5974670784351015,0.9548810258237115,-0.5441207236633132,-0.4986511436172409,0
286.0592904726492,7,8,8.810347949698183,0.7203238906287432,0.6340437332205592,0.20538081553678875,0
4.828023704954737,19,4,26.138246121552896,0.44190098854701737,0.38918403941405805,-1.0559506912060748,0
136.28539377268578,7,5,10.080679809587693,0.12726190139880386,1.4770293638857295,0.21116353476253155,0
27.008019286165418,18,1,3.0823401229423366,1.7234394807750903,-0.5521580105493714,1.112546162822202,0
49.04352964853619,21,4,15.186315680839533,-0.41765685580521184,-0.7080174418244946,-0.5821452529912836,0
37.897552844761286,4,8,5.259449359882237,-0.2447809467246144,-0.2742728573382259,0.4707635865923857,0
12.562878356884514,7,8,3.938097241433667,-0.2597168540651998,-0.09399785136304675,-0.13926834305154748,0
8.23655347582506,18,8,9.14806538897656,-0.01763865981112204,-1.7192068278894033,-1.0649010096640472,0
21.052752624006494,17,1,17.656346504613005,-0.8713276762958163,-0.0662409612223499,0.6813418476123797,0
129.71923244630426,14,3,15.658917386556222,0.9446317691148147,-1.972240685895981,-0.9298472243114716,0
106.07434255777619,3,6,52.07151571666898,0.3796486927813548,0.8007390271411462,0.8394645750716443,0
108.0027398682936,11,7,4.928835402463079,0.6831807068966684,-1.9996562596216976,1.1164246752943185,0
27.31417382634685,1,3,7.044890580433131,0.09194640335974344,-0.41465332779884395,-1.6855673627461236,0
29.727071774415506,7,2,5.871869976300882,-1.1731949293275592,-1.6404683377175975,-0.18198662788233164,0
122.97553615155712,15,1,3.035069061014771,-0.3573323223565642,0.07711360290090409,-0.7430150697638986,0
5.549424291321971,11,5,0.5443810848620507,1.6121983174082761,0.3767202140771562,0.45910077243382724,0
132.9062559269623,16,8,25.545579649623278,-0.06411169644009337,2.5521471005838077,-0.8451092698817543,0
27.24506947492334,5,8,11.194990364793458,0.8753560773458001,1.3057049102167566,-1.0548807600973826,0
62.742590574221076,1,6,7.144639236887292,0.6795355951937535,-0.30933790575758197,-0.1851867979794983,0
1.2461852297555507,8,2,38.66300956563519,-0.9015999871083742,-0.3708388093747287,1.024522546395625,0
15.2245228913687,20,3,3.7856940723557613,-0.9614083134818096,0.7913827332888367,-0.8627657386726013,0
6.132910076356395,12,5,13.926189503200865,0.30579691845099566,0.6309184348097328,-1.4400980773398424,0
49.87961345378575,10,4,11.339133749428836,0.44951073316322054,-2.1773951276577597,-0.017028856066432205,0
3.8483731433581774,21,4,10.42008812393479,0.044190996795061346,-0.823628679775173,-1.6965732600907626,0
35.60412267351859,6,7,19.218262337158958,-0.3871829586041472,1.4409929120929068,-0.3560177299584571,0
202.90463527706208,9,7,56.48449400712083,1.0033747052562585,-0.3773245158701787,0.3425693691147585,0
22.680015905164147,17,5,4.326585796893514,-0.22880155145105,-0.3930144331385874,0.7894599640471893,0
47.62512484082956,6,8,0.7497537795329836,-0.614545012554613,-1.581195191279979,-0.45576727717307464,0
191.97411976349707,15,5,14.815598318701863,-0.16880345563145188,-0.4022281870097663,1.188475500513059,0
4.2711635759335085,18,2,17.962335177484746,-1.8643029829619684,-0.9574554379939421,-1.2330673020619463,0
8.835905382806054,15,4,40.07468619034347,0.8909429739881336,0.11593830388216679,0.8395723105716763,0
89.00168353609885,15,1,15.26762924007561,0.26804946584558115,1.714830168925766,-1.782953653448836,0
34.426116053350405,16,9,24.20354092793154,-0.12351903520104388,-1.2276205721786706,0.2010700427413337,0
179.46426644291563,14,5,4.603487168285396,-1.1975178641141841,-0.31527154914088995,-1.2913158818855415,0
27.902085453772823,7,9,37.92526418193599,0.06672551915547277,0.23132609434321005,-0.970619569014834,0
169.83120001974373,5,3,51.4337843071958,0.9039450466669837,-0.7906965009139069,-0.6796393559747069,0
35.473636983768486,2,9,18.493766125799652,0.5638016995012187,0.623342754797785,-1.1998397995944765,0
44.821486757077764,8,9,17.222155106374494,0.7059261627729202,-1.6432027710588635,-1.5344969313819175,0
46.26199048911043,22,5,61.874004136237495,0.5007640352981665,-0.25514028459434596,-0.5342643695348332,0
46.238674501864104,3,4,49.52698034296936,-0.35182079661412413,0.04362593834638617,-1.931951393525795,0
40.801913562263046,12,8,23.169774604011373,1.451424324259031,0.5821654619354527,-0.07050532493096993,0
73.6146396129795,16,4,0.4483021572435396,-0.4452045068770011,-1.0936121265165097,-0.18185519737319128,0
54.794598713412284,13,8,40.02056573850395,1.1686867542405912,-0.7201597345140578,-0.21679230315069192,0
91.97089879876977,3,6,18.367980348237513,1.6848785971827147,-0.7136934621584817,1.6626662133433976,0
847.9466202910247,3,28,426.917360234712,-0.11819264216305658,-3.327960559416924,1.237125531630504,1
16.208913826580563,2,4,15.815426787984432,0.2884595620461984,-0.46939815919580397,0.47569590075222346,0
22.520342393902958,0,9,20.0713341561666,0.03499680600868956,1.3646468339934779,1.6760238360906874,0
91.0598821018605,16,6,32.69388942638797,0.3728324058353562,0.014780941832877236,-0.08051017714640818,0
145.30077127382322,18,5,3.5639315871404893,0.4771058285851509,0.17544182919301957,-1.1511842762234368,0
162.2803942175459,12,4,7.983274681589004,0.5964481880142906,-0.2552571259524586,-0.2829054480956587,0
80.03514853889108,15,6,40.425451669366495,-0.8774276138492408,0.3074058334792675,-0.570364923489383,0
154.14318142053264,15,6,2.271303297394452,-0.6574656933800846,0.04587648007672718,-0.9540232788407838,0
114.98914788376047,9,8,14.356769410167674,1.0894554122707822,-0.5429665610622132,-0.03694421281209535,0
7.422285791593259,10,3,10.851641209357412,0.8760099503916384,0.15865661132826148,0.16755807774570194,0
37.23928277824654,6,4,25.845217875718404,-0.6808449563592769,1.2081475612650503,1.013827608177736,0
92.22006104789294,23,9,3.337020252541156,-2.644499527371112,1.1035450675245735,0.47774254285496665,0
63.105148846105614,9,5,7.400793211004894,-0.5471881021358146,-2.15920937339,0.8557925355917056,0
44.46560999916575,21,8,15.741065978287402,-1.1712810206115074,-1.0365342515641702,0.688581429409717,0
206.89523177205788,13,2,23.064670158169847,0.8048168449593257,-0.14575098972924375,-1.6730195476109206,0
8.550969764349091,18,5,62.97059219857723,0.3203654398324478,0.003427623449745427,2.208500923223844,0
135.91756808074604,9,5,0.6624174550510549,-0.31244642664601463,1.2436353414026524,-0.6087344903100704,0
3.7456991422363877,13,1,1.182763479849629,-0.8673671270789272,-0.9681695805288986,-0.7551788995885249,0
17.01516538275541,12,6,9.009020390634678,1.3619008006496283,0.178660832729574,-0.19251625939784578,0
19.263337317753663,7,7,34.303094224772465,0.13900628695318673,-1.8256507951960166,2.5008413965018357,0
249.25410822026234,21,1,2.6079362653622185,0.16528439450757906,0.06903500089118218,-0.7515216389830637,0
71.95893120610721,9,7,27.87312475188876,-0.6601570524040813,-0.39663745212913004,-0.14662946357572784,0
84.36145308683427,18,9,1.6093408362682082,-0.4775944831402655,-1.0826689602373538,-0.3372883258648675,0
24.684831376098554,9,4,3.6884137318461137,1.7064585927974845,-0.8178073793170559,-1.3802468808506574,0
1.5451433853719732,4,4,19.606286791155533,0.16616418288734353,1.4097671413745698,0.278420072170634,0
80.10909578760185,12,1,47.19921251320734,0.6123297232415286,-0.10802893616853995,1.1437944866723577,0
11.436676684075556,22,6,19.637779922386326,1.7976137137438053,-0.6352409977834531,-0.9656869646149058,0
190.89346423387633,6,5,41.28752244061267,-1.9247035513808777,-0.9975674005060426,-1.1797065281998778,0
165.45077587904726,17,4,5.66095851855195,-1.2128316109589588,0.9313436836817843,0.44490355026379075,0
572.3812435008501,2,27,758.7768411912474,5.904087190398368,-1.144605084732818,0.6622113944278736,1
302.3890490049783,12,9,16.84105638309465,-1.5175952073271137,0.8068584976064087,-0.6300192537421846,0
186.27565446941054,12,8,17.967655777356992,-0.43476469149392355,0.6249589715349111,0.5430458943081361,0
9.6202020124434,21,5,64.04485264850565,-1.5256288845756893,-1.1380724193376075,-0.21903507653517937,0
15.068389092805914,2,2,7.309950716507982,-0.33137609115020145,0.2027240028633781,-1.1132829492589094,0
39.28010901040652,6,7,34.71526809078714,-1.5327271237665299,0.07048622343657632,2.0210629575527874,0
230.10476993069446,23,24,88.03408323876158,5.380803976850698,0.6533903659532316,1.2041482554683203,1
45.20965337006579,3,23,300.2604344025667,2.178869355752381,-1.246643426090849,2.5629320120417907,1
8.907150256962872,20,9,1.3631602440485868,-0.4939114711368801,-1.6615240292402593,-1.5448271766813713,0
180.8310007991298,15,4,13.838180773645837,-1.8134315581735454,0.4981977271944622,-1.5603435266276173,0
12.044659713135408,5,4,9.452616804394225,-1.046293061019234,-0.24639383581515323,0.3679837126570526,0
34.01416887126321,21,5,18.485894742896146,-1.2228404254303467,0.08138205522623286,-0.5097026130781129,0
217.97831384000943,7,3,66.90723211381399,-1.3686501857166442,-0.7856611930952911,-1.5683916352039242,0
251.95902260521947,1,22,8.766906993257297,5.196764658794634,-2.4057688340200785,0.8938703899768798,1
71.45240186399664,1,9,7.877950421786349,0.8369074694646996,-0.17045297296934558,-0.0894580492473222,0
58.516224460812154,2,2,21.900751619352867,1.3089461330962058,-0.6139004625096622,0.7443743691670887,0
242.0043609950838,21,8,2.2562620684346415,1.6322072224592286,-0.20948121475038545,-0.18850333556618595,0
2.989836185718277,14,7,7.116728204888912,-0.7181169690934261,-1.0894013986106685,1.9108109752500193,0
3.7675501562016422,11,4,1.7432520130067655,1.3267626155548096,-0.785802126713547,-2.2439235070726014,0
372.5603912112184,11,3,4.325005906216309,0.5090680502810117,-1.2477623149719617,-0.34639298868715046,0
3.993631476633541,18,1,1.5645940928325672,-0.5220435591260163,-2.447736493810374,0.8455907450567951,0
3265.060240490578,0,12,148.51955797393134,5.811855806946124,-1.0794882213645367,1.6996042111972054,1
138.81079937209253,11,1,24.503167103056747,0.828972440773889,0.22942305303286278,-0.5449330798653967,0
117.30432346432161,12,2,36.43916108210589,-1.1506202473938079,-0.6501811519263848,-0.6311026915782643,0
8.707001504537441,14,7,3.452715554273878,-2.525596224448085,-0.5063277154379431,2.2663578098390365,0
114.24529782625669,20,2,26.09138889738071,-1.0658833411624193,0.5881387496004484,-0.3102605030023337,0
30.300830513414255,9,2,0.16181864781826721,-0.7077318864440825,-0.2802846079794296,-0.9990193148861457,0
163.64245698011126,5,2,3.5435575530759476,1.171204269464791,-0.16614939435006224,-0.10157205647846998,0
86.18974238854113,20,4,24.002096279381888,-0.18899124366897713,2.0593419067045367,-0.7232227579790567,0
29.88372653260989,3,9,31.315325414257472,-0.2406590214297884,-0.8000406804800874,0.6787397103523766,0
21.626209168675445,16,6,5.0404857817752475,-1.4864685600382432,0.5729549523131172,1.7637309401620267,0
80.60817837960533,0,4,19.925816887258424,-0.11060844076713637,-0.46006388932177367,-0.8554624663072821,0
50.499327940613696,1,7,23.778605150033265,-0.08854590434314269,0.3645897485006355,1.3554285014203213,0
5.104092090413706,2,2,21.10603401315636,1.6698534986081923,0.5131215741323824,-1.029758088765491,0
289.61725422296473,2,25,61.136452009533095,3.4633776419105002,-1.228621670277002,2.026336756374923,1
20.269420317571445,4,1,55.650625511318054,-0.46503310215441407,-0.23315086310366953,-1.0508217533502648,0
57.13863265968846,1,8,7.8228497798813645,-1.5766812718525267,0.014845568775412482,-2.605868770804952,0
209.51943352324298,3,2,6.8970097158282755,0.3536200354695426,0.6066308069820846,1.1223007373171154,0
230.04547462397238,5,3,0.9909259870920033,-1.019874737249432,0.72840706571004,1.1982453354162568,0
27.858848123663876,17,5,38.7252572982383,0.4416713240960504,0.9447013852208379,1.2688186256559446,0
32.33201669523982,22,5,21.812645325807807,-0.7276950758041222,-0.05990824886284832,1.8737800920048209,0
1.890326166496045,2,1,13.16395277002962,-2.6701685634617562,-1.2114936520799613,0.34430503747451147,0
74.90010866198558,1,8,1.0060620904059354,1.6634517237687367,-0.8434152995883616,0.3924698920944615,0
61.310803621188654,20,8,7.716927883716461,-1.0400884870552194,1.4346437569674118,-0.47492534472420594,0
42.68886367387302,0,9,3.3590861176900817,0.1972267308541986,1.5810976403249952,-0.0627458758173544,0
1.1021505342092675,19,9,12.733705719436694,-0.3172356502126091,-0.4692621450744578,-0.04044515306542742,0
0.9745904007836776,17,6,5.408197957431236,-0.6125579433738498,0.9723015152694593,-1.1002216790256774,0
51.42276755303139,16,6,28.779850758068243,0.5699608325876843,-1.0809557759885158,0.6239401215078519,0
21.665900724224475,5,7,25.532378193830127,-1.020827686340761,-0.6712336398205672,0.8065181565734423,0
2.8428421251771985,16,2,5.934297242396799,-0.6863261984235279,0.24746751192459518,2.0139402315537343,0
49.68442414987511,3,6,9.05610971731191,0.8735956530975016,-0.9289117364135091,0.666864199363169,0
280.28459801266496,8,4,0.026309966384913102,1.158204577477085,-1.4507094548159754,-0.9618496586153173,0
4.972792155097651,22,9,10.750081648675739,2.3749173168538267,0.7473710730767994,0.9517695847169464,0
21.760096055755515,4,7,0.7588687665750704,0.6634014686665507,0.11127043678229842,-0.31327020695777663,0
13.969759664634704,6,1,19.411477759041873,0.7964685529623833,-0.017162460705810907,-1.2832255699521284,0
8.15957677105449,2,2,45.82875721373591,-0.5907385535844295,-1.4553952046958791,0.1155186187611972,0
67.84310096980288,4,3,15.189183149289832,0.6397514541084545,-0.5527936381030649,-0.4307965796557911,0
45.90324878520701,0,5,31.710351248545056,0.21421930914327358,0.04606847102087749,3.2509083191963715,0
167.95198094244168,4,3,95.15488333139064,-1.4156140435920086,0.38159598326027727,0.18719974699502256,0
249.25044466153122,8,1,26.95249189888922,-0.5208307593076016,-1.7838529125165903,1.942657707894548,0
74.9001334105402,4,8,3.3175572633984913,2.3679747918918186,0.07443897004334536,-0.4727767705217718,0
189.2513654594312,8,8,20.321082005039695,1.9256486758740552,1.5838024071325443,0.7408170593383755,0
272.5261455122199,9,9,9.591247785072936,0.019233929501398742,-0.22655791755652624,0.09538182762602514,0
80.93836407420396,3,1,5.093679612635977,-0.4028009532440316,-0.649620337971723,-1.2090205238536111,0
66.30055946250174,6,2,4.564852351656439,0.568144572673465,-0.5277856223889098,1.2194036846675802,0
19.434559841441917,1,5,35.783463071503,-1.8569512772735017,0.19530673985162098,0.20124078358533803,0
1.3381558046776496,19,2,9.219163474934307,0.02974898680627074,0.23481178176647555,-0.48519869575700847,0
112.69993180308667,10,9,6.306112132840221,0.5378445980076727,0.5544463600173206,-0.019389538479447774,0
2.0820309064001847,4,8,0.9150561444273976,1.3669056929699666,-1.8179829911661414,1.8025203145379596,0
158.55788001262678,14,7,10.306758653129629,0.0835849562167936,0.4275250457869246,0.24605240256283112,0
16.31190585636862,23,24,162.93008533210488,2.800574565208392,-6.023999936212219,5.576967467557808,1
28.11518533859518,18,2,6.858839315287419,0.5875937605384485,-0.500997206825117,0.3659169631753401,0
23.338028539772573,7,3,14.86962147124804,0.38777274221761915,0.5286202222184399,-0.9444879315996888,0
75.70516151761586,7,7,9.34590528946061,1.6469743826292353,-1.0565102918721034,-1.7499587476615839,0
95.74197795655964,0,8,16.11184156537239,0.18664002044497657,-0.31870524443025894,0.4033410665693885,0
57.161173233075544,0,2,30.707332311985652,0.19018342555494702,-1.6865682064627832,0.36092187549804894,0
39.37042334353749,5,9,11.31562505809115,-0.2286197935087975,-0.7576249162197798,1.0627808400980425,0
162.37484037839283,0,8,4.097925396519081,0.05550423087910489,0.17492274441064884,1.2858958728272607,0
86.85104285279154,3,1,4.082197105548146,-0.05368166375321784,-0.48601607539643477,1.3156967548678276,0
62.033881152003964,14,9,28.429113477605455,0.33895651447689823,-0.5536907304140684,0.8075443286839435,0
69.1134182102234,12,3,80.75215010930336,0.38983132657928793,-0.12279306712707529,-0.30199577426878016,0
12.748085072372461,23,4,12.900872944422705,-1.8534947573739193,0.916506577791418,1.5711337820865325,0
130.20959075628863,20,6,11.130096595860515,-0.5029349657428671,0.031002272940776922,-1.2726188939744805,0
53.22260391195293,9,1,27.300949181427264,0.3564529140469915,-1.1211698157201273,-0.7760821833355165,0
50.65561457359745,2,5,6.786428184667464,-0.9767272759811211,0.5547331906542852,-0.8048872083091859,0
53.7817687578909,15,6,30.750923966087008,0.5250464738696413,1.023150427789111,-0.18912024875320826,0
73.09922060349643,23,8,8.504997893603152,-0.17547365864998132,0.31642978798698645,-0.4755116346691161,0
95.19209904934193,22,5,6.2484062733543695,-1.5709174408478888,-0.7897539067477499,-1.3896282421620496,0
193.83498516548553,15,4,33.464072682537854,-1.5229071774010678,0.35672428043859256,1.7419495738714526,0
6.6867700864433735,13,5,4.351889478140587,-0.42156073865113475,-1.0817676818049982,-1.3154176736331613,0
108.27255498112561,3,4,62.75138025201387,-1.38799494037741,-0.19127751241290827,-2.3130803094328876,0
90.25014332940798,7,9,43.10261347469955,-0.7268333780715512,0.08497159808128665,-0.2502282037343171,0
4.693315019649359,3,6,6.150336296444564,-2.514811962822236,1.694465328859301,0.5973743756719672,0
86.70206091769897,2,7,23.149861767604698,0.48975622636257904,-1.0775015722212178,0.25910067801455694,0
8.258585286929906,17,1,0.273493226958934,-1.2321339266579934,-0.1250947843245039,-1.0569018752112476,0
89.66721050792884,23,7,2.369541644531275,-0.49351362904295953,0.04942263293370116,0.2211519854158414,0
16.870401177334237,0,8,42.104386368865335,-0.589195963386525,0.8821374273199544,-0.11192227160702337,0
9.94516926862238,23,9,2.155542511411398,-1.8541714458791532,-1.6626373656702929,-0.8380889962038949,0
15.401693164161362,14,1,0.1536133321728959,-0.8855872712432865,0.24392866234815738,-0.1322633406696591,0
180.39335184472165,21,7,0.3674611756322408,0.11270631173789099,0.9437177392107827,-0.9390529399215753,0
83.70406906448736,18,1,33.539987882931705,-0.6075654107720743,0.16919250278092404,-0.9749297273566161,0
24.042631254259796,0,8,8.342824981278271,-1.1787246365307302,-0.21417132085841534,-0.4913626150972239,0
139.8648819279141,11,8,27.324049254154943,-1.7983248864912051,-0.3222330240739302,-0.14071441732695303,0
180.70324116367408,18,5,27.754156985142107,0.5291039616729464,0.6493318100548395,1.4348044152142827,0
60.993108643922255,16,7,28.41148319326905,-0.3790479810742958,0.059183833298291307,-0.510009918668553,0
58.3783420457656,9,9,10.818561564499301,-1.0928507688753866,-0.6964618284044124,0.553489030775609,0
82.81328501443986,5,3,5.091620875713846,0.735600914993544,0.5261335607146493,-0.033452447451612057,0
20.502845563149137,19,3,8.732800261799973,-0.07921955383571452,-0.07316571914886359,0.019411833963888417,0
44.62513551267419,16,7,7.307350962789489,-0.4529224539448881,-0.3680308568185792,-0.6119457318293151,0
448.6904985638164,17,4,10.75079967121626,0.7780650938173344,-0.4419377388722709,0.5312262609892423,0
69.08822782246561,16,7,44.59274155593747,0.060461011454031516,-0.647332109339369,-0.6078660209292552,0
317.67279115411566,23,3,44.43495702857448,-1.3363569232706896,-0.269869929655238,0.16535694501188486,0
8.589329496303343,17,6,16.67741406235618,-0.06190446743534821,0.7580068368334707,0.305621898631195,0
135.9587258111377,20,8,13.45294345211823,0.9445611455116216,-0.7118086335944074,0.5445302119230152,0
13.36940883279112,23,9,6.187086167702624,0.7472805557478597,0.6163914238616554,0.6396406607102257,0
48.998516228515676,1,6,4.641503231915618,1.7982892076316828,0.43201805744451616,-0.8611707301747715,0
157.1717857843554,10,3,25.1576035119354,1.180504575455278,-1.3310679142287856,0.17454244548695136,0
84.20858674512468,16,5,38.25458012252059,0.7601416821663518,-0.9540578704734843,-1.6028079836672509,0
4.980002505521206,18,1,3.709049315709527,1.3281867147017594,-0.4981188273548515,-0.09991681502109488,0
4.2280869904313985,21,7,2.436332845156614,0.8338416462292615,-0.5991263995410497,-0.91096085489819,0
71.80037770478084,3,6,11.045587907743196,-0.17114728943486926,0.09895276614402672,-0.42337266481207947,0
33.57294352018674,14,4,9.182634867250973,-0.6427984807884737,-0.6395302085227955,-0.2898493470918515,0
4.668013561710338,0,5,9.344309084940711,-1.2304722425129238,-0.20765396194799152,0.9573082920560657,0
24.528750570694466,0,4,27.305459076975083,0.14488466739709802,-0.9636695780416982,-1.813089477925101,0
56.67879701157588,16,3,4.8297205436942585,0.7305778694421504,-1.5933294071789548,-0.7157123859651767,0
58.16914871960692,20,4,10.081151812313474,-1.4143771256158877,-0.27282987942542847,0.4107524738946106,0
137.62107441247892,7,6,12.397872770329016,0.3670021832464647,1.2845525896467918,-1.2850653014614244,0
118.7913352565732,4,5,36.31464348526549,-0.6411528323579933,0.8445823320314594,0.1913475331414847,0
22.027897941934917,6,9,11.082161962398004,0.3734586135477813,1.209201502311439,0.056284019521290266,0
10.259728933273049,22,5,56.00561817848196,0.37261268107611234,0.06847717592575406,-1.8704711960996914,0
57.190092747084464,11,1,10.339532803679052,0.535571661895786,-0.2679152191922156,0.6121427224199836,0
179.68948099724713,8,5,4.504700610344335,-1.2848194180983987,-0.5398142101308535,-1.0571633195991963,0
78.96472895380695,5,3,40.99826152731957,-1.3565752121392936,-1.6975196791334175,-0.35442761594330496,0
0.5188273786704242,6,3,1.6690161975420983,0.9890097244840972,1.0336529850718106,0.7555217992993118,0
4.2571721165697065,23,8,36.108467566966176,1.7106677415207776,-0.5334126032403799,-0.6731585686658821,0
20.3210685655484,14,3,5.626568086683759,1.6428157967900199,-0.5390077358697943,-1.5293586749901793,0
89.05239749560332,14,3,1.386439215265772,0.8017401735048968,-0.022813453177754607,2.1858641785866286,0
54.85540330568447,1,7,36.29472348779406,-2.5288237685820802,-0.14585221471395243,1.2030410110898992,0
19.926938683285794,19,4,27.614331681789274,0.39775914421247055,0.17550518927939568,0.6781062527803091,0
77.3200227604611,18,5,2.241598361829336,-0.6365670212220248,-0.29971175462368677,0.7455832022277797,0
49.54953953834207,2,2,19.631724168849537,-1.7377935249071006,-0.1759881905656146,1.0821140893658505,0
9.430416637750419,13,5,21.207995459414203,-0.5858859928379201,0.31890729178718635,1.14038025519904,0
26.558147871898115,14,1,49.70165132448636,-0.702554941805118,-0.0004717054149317845,-0.2433478688500095,0
152.09883954104885,9,2,6.399164276076373,-0.669090185448861,0.25517491779459767,0.5113120415646291,0
178.11268130589974,14,8,14.708729272084636,-0.6246048988327543,0.8187288360195736,-0.01918748728040011,0
11.278013273278525,14,8,10.1602705571175,2.1732704275202788,-0.8655519364746019,1.097774712640883,0
93.79659472100337,3,3,0.7364471693892152,0.20009711842407296,0.011888914421543903,0.2157782729667862,0
16.514568528604524,0,2,13.649523987389596,0.07026058684736548,0.35801645582208447,0.5896509160849733,0
14.355572524796056,19,6,24.77631312041702,2.225210664386909,0.6557618989188955,-1.3378202149684653,0
70.2701145942096,4,7,13.917896420202974,-0.367375731668729,-0.10810236534438601,-0.361189723822911,0
138.00179528972845,13,8,21.969173418530474,2.367954058457647,0.12761921809614013,-0.3160521849131999,0
169.34280408638674,9,6,10.848548625971567,-1.1185602477813887,-0.26058475381619634,0.2315374819878708,0
68.98342740394607,19,9,7.915643699631323,2.437166278758976,-0.9089535868808332,1.2294527012471155,0
75.62947590095156,14,4,21.79587565192684,0.9551408869675735,0.5616308041611485,1.1221725473624657,0
66.09714081151688,11,3,3.58224556783859,-1.3751664896040974,2.063298180544063,-0.5643130549402294,0
11.03801757699327,1,7,35.71552496496965,1.682907344764416,-0.2125802399907283,-0.6729158473572311,0
14.677221610460855,9,3,44.101513025556365,-0.6946535641046829,-1.1118040857117035,0.14765355768898947,0
97.54165189625247,8,2,4.498906719133229,-1.1558475876050132,-0.1401612655487335,-2.420124170485744,0
14.497598089205432,22,4,13.79790728703447,-1.140108860190293,0.22210628380417038,-1.6222173404526306,0
270.0942265507285,2,2,25.817560457221727,-2.3029319757786557,-0.8167746402121729,1.091995023307849,0
69.9593400872537,8,5,27.856778085390918,0.16770336697494134,-0.8117032884043646,-0.790743226521536,0
16.392553368881643,22,5,18.298916522641978,0.1623992017557282,1.0925718886445124,-0.761807181197759,0
21.427574483896553,1,1,35.337282478233625,-1.2465015731030542,0.7033826186034501,-1.9173814753779164,0
10.412178716355891,8,7,3.372155140105279,0.6647416792362421,0.9706940149741553,-1.1659731300066782,0
71.90570741480629,2,6,29.266799698446974,1.6607708574140039,-0.05776470935555866,0.792146027260018,0
38.29707695737474,7,3,19.1803081744082,0.4447505307814653,-0.40357418814518387,-0.005872077142724995,0
145.14059296902656,6,2,3.9588074429010773,-0.6067908233792898,-0.7434484579922509,0.30588893598212213,0
0.15952977277685007,0,6,52.28813267225232,1.0891994270432261,0.33402522989175726,2.263172090769123,0
226.12578346268367,16,7,8.44307854933875,0.23154026068825603,-0.09187172991522807,1.999745455161685,0
98.16767259096358,3,3,12.136092522132628,0.6769407336502461,0.39616519102818054,-2.9171339724218797,0
31.468441635198946,2,4,14.086020600938049,0.056296695773004786,0.7720087402894925,2.220391983426031,0
464.4909659224152,2,29,433.6250000006793,4.495069943690955,-0.9017869902504039,-0.18723668703641927,1
151.95541501910859,4,2,9.040417509493352,-0.47519745016649767,-0.754257369621744,1.148880635265538,0
9.361533904850518,19,3,82.3218162452207,-1.999600580946853,-0.3383234681038072,1.1576991721984349,0
21.828333312553664,11,3,16.443789536658663,-0.33712492967259566,1.107780586896977,0.7229920305169978,0
345.23668496464734,22,7,62.836825593778016,-1.1084422154272142,0.984731728456119,0.5165600618946047,0
93.45954011025921,9,5,50.625137055575955,-1.0132437895523776,1.6589685344532725,-2.0847200651082693,0
53.0399054731948,12,3,10.584606901266106,-0.8734750906084915,-0.2865753069362259,-0.1242315564619369,0
116.23437805539305,6,3,50.26517512074556,-0.4645127656638094,-1.1661292183917134,0.7081505423539549,0
37.28517082350049,11,2,5.29776214372721,0.03988109710291,-0.2785182377624196,0.3726965971896672,0
220.1755243559127,6,9,6.186339837758496,-1.2755979416267895,1.749760970775021,0.6042296538782145,0
185.62896744322978,14,6,31.47180866035059,0.6339020354464492,1.3742163093412731,0.10125117779778817,0
117.38042675443019,3,9,5.458756228758236,-0.8347618793419175,0.5253621076552418,-0.22876496700968899,0
69.58127527870552,21,8,44.4893771526319,1.1675312151814792,0.6756593522989808,-0.16798089625536644,0
98.77120032489913,17,8,13.635219459293618,0.2286696696186542,1.1297089402160703,0.04138918923712331,0
26.366189469301034,4,1,75.47894848011956,-0.8224056207605768,0.34068652480868356,-1.0498150511319018,0
11.493775592583695,23,7,11.660633412476063,-1.8308771931221914,0.45328921964135827,-0.48638300457435546,0
72.13793041725886,7,9,18.999081021313366,-0.16987705901817832,-2.251010255854749,-2.1526116550845003,0
51.767830879161934,16,1,8.956123115684557,-0.38106259083322747,1.3124121587968651,-2.3840345594398826,0
48.01541648258165,17,1,12.479723034652197,-0.39136131532324286,1.6970781154901058,-0.18825412644149583,0
35.31465903338062,10,6,1.3541101273922018,-0.686120624774672,0.1598229921087894,-0.5679811355268858,0
55.548404164201244,0,9,32.71781546268562,0.3406136636314475,0.4965565347263017,1.0873017077952063,0
167.7762133835466,23,6,12.370835017402097,-0.9888274022067473,-0.5582277293447465,-1.4950167565748134,0
72.38185911683048,9,2,0.7097646022475388,1.0243856073079782,-1.115188489416402,0.3351399367396965,0
215.3880220305861,2,20,56.33953869124658,0.4002301700558357,-2.453732854001262,3.5543421902795984,1
155.69319844106897,9,9,37.02461422882797,-0.2355302206890922,-0.2508425489059847,0.8213720840266565,0
58.030807039072485,5,4,52.520296535385576,-0.9021061753449181,1.2367061422508416,-1.3001870150699109,0
20.119461172934642,12,8,4.322590972502944,0.21191779371540573,-0.46742762810231303,-0.11029260005534319,0
0.6297998179178892,12,8,27.807964138828623,0.20042532698899473,0.8949907991294572,-0.17249755840809494,0
16.05970856275853,14,1,0.689250684906913,0.16903455486493113,0.5261593904510004,0.2134045967157282,0
62.34807104764976,19,4,77.48007205639304,0.4025751874471915,0.35715749882147874,-1.2782570457140545,0
11.22134236881094,12,8,55.63584989193102,-0.038535928060617626,0.9426910313571608,0.8853414834392396,0
169.56418761718535,20,8,2.9707174691769724,0.0892639399241651,0.48114660910161633,-0.9713688003295415,0
110.8587394534654,9,5,3.592081594919392,0.6528533389191558,-2.126330541759219,-0.7996699438105075,0
73.79465303636421,19,8,14.128648647522052,0.6404398818849474,-1.4512890798018871,0.42315567268230186,0
8.355816776887421,3,7,1.513861197802138,0.22104085403072404,-0.27499514544358067,0.2359587033899057,0
56.2227735142859,1,1,7.693210438158298,-0.4116193335285746,-1.690054552077683,0.07691839057700112,0
110.83557036907126,0,17,164.27826190511962,-0.45459035733298503,-1.6852411112858772,1.634686624444024,1
6.159591847209997,9,9,1.5124257263546874,-2.299875951613208,-1.8685862420277977,-1.9312999282436818,0
43.774905469424034,16,6,0.4047558745223391,-0.8745714666915916,-1.7666122888360731,1.6666495531909957,0
37.815163020632525,0,1,14.346171780250724,-0.22907064323350287,-0.3997727805267462,1.9596224591546232,0
55.274076496720596,12,1,7.169628574530183,-0.04637907526441867,0.4632143003161563,-0.3517049465488043,0
59.671563757766954,21,8,50.829069765074244,-1.0740082194651024,0.7824785968570586,-1.3465434722872298,0
29.122998450103072,2,16,188.7549507398842,5.263748047792073,-3.133351179873223,2.8302344953367333,1
9.668475589653033,10,6,15.22102124619936,-1.5407410179515901,0.4476436401971237,0.4527580811863134,0
19.06512753441246,15,2,14.124490194250704,-1.1946262890204093,0.023254600177561074,0.49982647323052826,0
29.270570233178987,17,9,11.862831893942884,-0.3073601456495614,-1.7866752853403793,0.4774639241403806,0
29.429946076536297,0,7,11.082150342456284,1.4056251205951453,-0.15682097628193953,-1.9997265191729068,0
142.05014919141271,9,4,29.303967416081687,-0.34988942393163847,-0.07527675177615188,-0.3286824378640907,0
31.13040180155362,5,8,0.9330497412435818,0.3373357988552797,-0.8684529695268302,2.2563678591478635,0
36.85322222294083,4,6,32.31054709452276,0.5615667348732244,0.40984371788352464,1.6434563214029183,0
98.10561795600609,0,8,4.071242045126255,1.2958131758632485,0.848211439672232,-0.6808677612144328,0
183.86718796404668,8,6,51.691062351583874,0.2388545464865143,0.2054069412009975,2.526672679697202,0
53.808678025162564,1,9,27.825658079492293,-0.18478076568548077,0.35425603160828234,1.4056701596207737,0
6.41513499706953,1,5,24.7457521001672,-0.2558846253867874,-0.017384146528721015,0.5647381167496507,0
10.525753484914713,4,4,15.396591152425216,0.22844727310786864,-2.0046506640352586,0.17643651458057294,0
240.39664900286078,6,9,1.53392019658842,-1.019781001219442,-0.39913399957033285,-1.8566546638371866,0
32.565452863515006,0,8,24.141483482067837,-1.3329487248430354,-0.7679028030865029,1.2286345190337136,0
160.8313904037536,5,8,15.19300426494391,-1.296408304090372,1.1762603423229798,0.2645422666434413,0
78.10409533698993,10,3,16.895660478559897,-0.10601215319343728,1.6245089291422754,-0.930849896324706,0
168.1591659843419,0,15,435.0296599626317,2.1796755543376065,-1.236783159209286,2.150337844354351,1
33.17461993171469,0,1,7.4515957251707245,-1.573982663655314,0.5075302569449329,-0.5968725437746043,0
22.85896478286151,22,3,40.845453311491475,-1.0470931674970483,0.8778665535436965,0.3066519275847625,0
64.24538932118756,19,8,26.342699836373885,-0.07221983796376137,-0.6491316038326296,0.527535078351256,0
90.54001400781063,8,3,7.131877710589406,-1.8234194275558302,0.20908994432844194,-2.287435854980524,0
2.445303837810177,16,7,18.04053728492677,0.6790850247906477,0.10805239327196123,-1.6665562906059046,0
137.74143696624546,7,1,11.955059568651894,0.4103300865455941,1.5065167412147713,0.4027681174902642,0
220.26132376877908,1,5,7.281747019956551,-1.1558147055852253,1.1384861465428586,0.44336485902615563,0
63.28695191886115,21,2,0.3459377277490134,0.5037437575766679,0.8411056411311058,0.36411011047410347,0
35.530851238900105,9,4,3.0780277563804233,-0.9227243081246277,0.5758677552410517,1.1286968171974194,0
127.68042906611919,3,6,64.93721293915951,-2.661215731438713,0.228959630781097,0.40481298441871244,0
22.77290338192508,5,7,66.36021641326445,1.1064650543650993,-1.4854854023594117,0.4435235958651863,0
151.7564646587748,3,6,0.8745091302873459,-0.959912251469677,-1.2402592672403125,-1.7973856721285564,0
22.69295170365818,1,7,11.329611499853698,0.724356819307866,-0.9429193821657479,-0.09443836736565442,0
141.6351353937888,5,7,4.40540088943518,0.6609059218166969,-0.6137313630535267,0.07371847423596391,0
32.457111727213494,16,9,16.896906755230294,1.2399319048322957,0.02336730058559567,-1.720889712488988,0
195.3859123896048,23,2,6.686050402922729,0.48143696194689667,0.4074474430282631,-0.4766461524564222,0
38.20318464868302,3,2,5.167891393536502,0.4400362904981885,0.09658233469207957,-1.3844711057218169,0
1.5440935492468675,10,3,17.77752459843813,-1.5202733708175225,0.38258212485801707,-1.5737434282599452,0
9.635542802959714,12,7,20.13252387005735,-0.3828256394102742,0.39748681322502316,1.0158808380800177,0
7.570332704929676,10,2,2.805102376030969,1.3440814234218061,0.10705794010061266,1.2128306957735844,0
8.55523691135495,17,7,1.2771521137727013,0.03746047687027931,0.5766942172325557,-0.0706087052909976,0
65.38883260491944,12,6,16.677272434958613,0.3682098857746827,-0.03532847943110247,-0.5107853176291703,0
112.00807388834033,23,6,63.676855783764,1.2491158254143462,0.14594995715715203,0.8165261203490936,0
31.269423041158774,6,8,5.546206724818842,-0.08727743833332116,1.579903603702508,-0.8587750494072318,0
140.5996326559175,19,1,13.059186261880342,0.26589204296329355,-0.27661932434852105,0.8156917651818992,0
180.16402550281728,15,9,7.625615453889294,0.20965384523978461,0.7371468089592711,-1.541452519685628,0
48.461531713703884,18,4,11.14890681031935,-0.6941060813003287,0.6342136310878319,-2.064404175715822,0
20.333653379246904,9,8,2.652063743026931,0.9145736833498669,-0.7943704998710341,-0.2686071805272909,0
83.84391186160408,13,9,42.00624005559854,1.1845260399605781,0.627869112652419,0.6632757815397948,0
4.945206984360652,18,4,1.5511053757408855,-0.6286682396666952,0.3478422289683692,-0.5952806633290677,0
44.03952162507247,20,3,26.84753094867161,-0.7687283725103234,0.3063504683134838,0.8846969703955537,0
34.53983128669461,17,7,9.037186154719892,0.4442986166090952,-0.4118076865863304,0.38758986336284557,0
133.90694577760308,23,5,0.13228462438530647,1.1466690637087826,0.4670812797839983,-0.14827385154505765,0
108.37675024580949,22,9,20.837596932203432,-0.17438261846260636,0.7244665783659197,1.5932520538919863,0
111.1502165273565,1,7,6.8199088341500635,-0.2327672880924338,-1.3632559668212985,0.26847690512659955,0
51.03962977975742,7,5,1.4772390924364485,-0.1698175337540255,-0.10716877233289096,-0.48296568326610523,0
30.25739110500468,11,7,3.584525886489665,-1.2962327029312377,0.07828272378714489,1.2736506187833692,0
45.4583347423616,8,6,55.7471531605968,-1.3683564570296538,1.5133168996562056,0.6909664671581658,0
102.62331822823369,11,8,14.427690274069647,1.1936590613560911,-0.029715282071545866,-1.8791638024842823,0
87.02024600817252,10,7,23.95700795924889,0.695903219490632,0.01370761927490923,0.33251583966822656,0
74.66106125559338,3,3,38.50990151310409,1.088251482925047,1.1457772572651475,-0.8767367841737047,0
75.68243776299481,8,9,16.402118955003214,1.1217690826838533,0.3321363356834861,-1.4656404283160973,0
13.017421900529719,17,8,1.8798712117252083,2.029088068290314,-2.4076548433467515,-0.6281157561999581,0
26.925537524806074,0,5,4.169325721727385,-1.2199526844168147,-0.8239318034408531,-0.24158345614568047,0
47.789127909204566,13,9,25.909031404743217,0.05908311268305488,2.0085057342887778,-1.5050073595819247,0
119.94291186067677,11,2,2.3319842428870508,-0.10350071675863783,0.08081318460761375,1.449989384984865,0
147.61208696587613,16,4,15.565923638015636,0.1119001461093656,0.0027886960018669617,0.6340215142737595,0
39.95417312652756,23,2,0.9108048972986797,0.39358989198097083,1.0677765925374971,0.8484022710121524,0
2.05420876331795,11,2,1.160596389518603,-1.125765919380037,1.5196740584217694,-0.21949034958019703,0
12.145593754510964,8,1,6.347148925249517,-0.17566193198972643,-0.5296938357849674,-0.3214370108587559,0
231.65106077591355,13,7,4.232957686406778,-0.3564660026003816,1.1638037229728528,0.4247303909239515,0
436.5747704507057,21,8,5.041327308589013,-0.18262515000532725,1.497374197935039,-0.3355229617786212,0
80.83499899939116,23,5,14.101048955543945,-1.7374077405882302,-0.2800182396607192,0.25838951572790686,0
1.991537782600905,16,9,43.26966085172426,0.15928182415055941,1.396135305778577,0.7950198489045546,0
62.34349753114087,21,6,6.59939089336398,0.6379535831954491,-1.899767893356971,-1.6839678486262557,0
53.01533468298732,4,3,3.0048442244940157,-0.1776162077733514,-1.0741036837021656,-0.04369266217089644,0
237.90818646387103,3,16,86.54167075060283,4.921186300541706,-0.8398739052587445,1.649604596511526,1
101.65278757976752,1,2,8.155040860315705,-0.6344798110760931,-1.198814574909841,0.5550731936574151,0
89.86182247513054,6,8,2.4492118207130242,-0.449041941519135,0.3342354872768168,-0.7838112244546875,0
193.32318276911766,21,1,4.960114981354739,0.2052381537895957,0.7523372960495602,1.0373083652909234,0
0.4194668667395981,2,9,44.66689527834967,-0.27587376532129876,1.5090153768240329,-0.7204667282359118,0
10.245677012285716,12,4,3.194831424026687,0.31492671871232797,-1.296708570186106,0.7246831076296228,0
102.48344781159244,11,6,17.00796411652947,1.7123926183484364,-0.7149824581336299,1.0470936569068277,0
204.5975486276501,8,8,13.897571237153471,1.2536187722337926,-0.5825332215282527,-0.27592781665416066,0
369.2891572334377,8,4,7.613336463288097,-0.21145670935525013,-0.2136161055489696,1.2210371754545457,0
7.030263463968752,15,7,27.713034045020855,0.8553643716600552,0.3600528021598523,0.246203871014337,0
72.884352990662,10,5,40.980287599338226,-1.0993899516381171,1.1659126217463005,-0.5451771548498923,0
123.4192574306496,3,9,11.012709464470554,0.19303807467498793,-0.4505998366548686,-0.6226763516948307,0
110.89644470969681,13,2,8.575123702458153,-0.5769182668360738,-1.1196679445690003,-1.2859280267586164,0
95.15778150046755,10,4,39.87406787560455,-1.1955195936626615,-0.4933090351240895,-0.4286552588146581,0
29.90329741486303,21,6,65.95880420689555,-0.25241504518908564,0.5762792825388318,2.8561874306149315,0
90.58756825768184,18,4,3.5081113751623154,-0.5674923247751158,2.0614885082971552,1.012540218426389,0
11.776645654991242,7,5,11.850171913283326,-2.2127123583614305,0.4473047433152017,-1.649382583245884,0
45.32086328065999,16,5,0.3163880983846459,-1.9153678759971917,0.6954605834793397,-2.226412478555212,0
62.42914551497084,23,9,15.909495367768367,-1.2017323197401044,1.4433438486707175,0.20631063583417972,0
77.60244922791448,10,6,8.547007692256287,0.49862230414300046,0.771323045044268,-1.1734162178558738,0
152.41588984353638,7,4,6.23974075780316,0.419562212269055,0.12863934918253633,-0.9445462708845901,0
45.649919930308585,6,9,10.367724220584101,-0.14789660410477606,0.15424956318583552,-0.41430035209331423,0
5.463150445884061,3,9,10.963011125976967,1.0273562795509374,1.0871807910749942,-0.6067435316077276,0
80.21359355863078,22,8,29.859605618980464,-0.7674101615257342,-0.9921685914292677,-0.896210028777014,0
6.408303908795608,12,6,9.465342434879972,0.05140404858978893,-1.263040123689932,1.1893050191928154,0
55.46981681144671,6,5,0.7606565817015065,0.24904529661064945,-0.7146163127410817,0.1557914174507902,0
32.87880638441333,17,8,76.03444021037295,-0.8799320083503116,-0.25118308551084306,0.6703773242899898,0
114.51598862053925,10,2,23.651659045770693,-0.11697625665107049,1.069370539258184,-0.08377917812496845,0
33.49396748360742,6,2,25.88182255491556,-0.24781980051675098,0.22625294014945024,1.8010434455415012,0
87.0485132834888,8,3,0.791704797059746,-0.8117741672256145,1.106857650284361,-0.06519386992343464,0
47.863949867816025,17,1,12.316095105231959,-0.4898247996658459,-0.8206235032895639,0.33777764585210346,0
18.9826264647481,10,7,2.968213465754216,0.1261681344270026,-1.060389817384788,-0.6019525396604913,0
10.004369787693026,21,7,15.160042800353235,-0.7019037915241338,0.8795168482345708,0.7580971913196629,0
2.9283283368685598,3,4,25.210148020257797,1.1177873348350917,0.512395967073947,0.5593806763702074,0
655.5589713905082,1,28,459.93376795495703,-0.598311648064922,-2.1035064785854263,3.420125658703813,1
34.575329557430805,10,4,19.635602185773678,-0.27082746953691056,1.3063855654200256,-0.17548276899418852,0
32.54040087479161,11,1,23.699551386394745,0.2982702324967477,-1.1835823634180216,-0.8770759388388046,0
74.06597345030336,9,1,14.814485785926577,-0.9265175964836189,-1.1155778821132027,0.03399259632751319,0
292.57323634281437,14,5,2.367489671889525,-0.800962950216049,0.09183254530511131,-0.7587456738570852,0
118.27714977462229,5,4,22.311518247772355,0.4556477299331832,0.48812903545922776,-0.6843348040533378,0
87.93236876916066,14,5,23.478649704725633,0.30607963653084835,1.7910901621148416,0.770749735224655,0
5.50482539779975,8,6,40.31610151890231,0.34375942784506036,0.22037580583760974,-0.8150670368296582,0
87.49873835260101,1,9,22.55500524095769,-0.3848939703400987,0.15954273010483142,0.8328387357871647,0
66.78025595531903,16,2,15.912515087033396,0.17099551389041695,-2.2287864186432236,-0.054179855429289166,0
6.6797228616571935,5,4,4.5903101275524865,-1.8515562917293436,0.7869157654959548,0.2623267049490444,0
178.43848845034688,6,4,4.528448898439144,0.04690570674182431,-0.9127870729919536,0.6192600734366515,0
136.78589588569568,23,6,55.62149328087918,-0.385441721114373,1.950816508694874,0.5221273258126163,0
15.803255151512172,23,6,12.1461191609383,-0.4941339084556419,0.1774209215713013,0.2649107950312437,0
63.51867816013556,17,4,45.53970548807963,-1.1315196490986377,-0.45318208834429324,0.5720282421379485,0
82.98690655097305,6,3,19.617787637826684,-1.4053365191622977,1.6121954704075174,1.861327896983963,0
64.6584385545065,6,6,9.929796242581103,0.11789289440043094,-0.9787979266034036,-0.5974647867668296,0
98.20019404746586,19,2,6.166586478572239,-0.8662862090543062,2.15159005062432,-2.1050607519228284,0
23.886870433920496,9,3,53.04013462240681,0.6605442890536065,-0.6492989028157524,1.345339093330613,0
94.25435759425467,5,8,13.62131493546324,0.7246810933584646,-1.07536928159791,-0.11421069623057244,0
76.03153380611492,5,6,11.745948743511603,-1.2640205848647341,0.13351017185489017,-0.01902251329800605,0
35.542569792746775,6,4,5.206143859023387,0.6149401817100612,0.5907769477878966,-1.8544245083095057,0
51.3160265675497,5,5,14.528550306624616,-0.1775576102662981,-0.809623117625247,0.8596781801050425,0
90.78061093450059,0,6,11.220775881865755,-1.1232683524191929,0.4052707191343388,0.5160900979762215,0
55.88157062637108,23,2,14.903921247629821,-0.6153996752248185,1.174689302656037,-0.6415977173902092,0
117.39790067296708,13,8,39.68277864071476,-0.771447158588158,-2.084092894348606,-0.33240454921888934,0
113.08672224957597,18,6,8.534133717908606,-1.5346028328508856,1.50923708970133,-0.33223539521575357,0
113.58427803850165,18,7,4.32167419672525,0.37517611499981346,-0.6625832932270458,-1.3907421077996036,0
55.803749252658086,21,3,11.292668451028742,-0.6911840706855457,0.7912055498528333,0.9897667737010253,0
101.56511893109494,19,8,15.409445795104306,-0.45125914587081034,0.4906455403729832,-1.1937071718135797,0
148.57012523336732,15,4,1.2626276919670216,0.11284840943499716,-1.3656453456141873,-0.11265976596653442,0
20.626007802643905,1,1,9.292299812900351,-0.3737057607536208,-0.13538539023528723,-1.7663039054399212,0
11.644573570159269,2,6,6.284569596651294,1.2675376626633907,-0.8232400382582036,-0.8395578587212225,0
3.434660664550513,11,7,66.60743572210572,0.68459375352188,1.1832109029451072,-0.5817905712261956,0
37.18400505274923,14,8,2.323123361220438,0.14645595366795083,-0.07216012762566264,0.808473309021958,0
344.49566177358497,6,7,29.669202101552152,-0.13938774628325593,0.798210407803584,0.7518945302835527,0
165.0513435425647,8,3,29.195378197372452,0.820774723952679,0.8266766012202299,1.1191059165391355,0
141.16462921927473,12,3,8.575692407677863,-0.13531222842830534,0.5955236057954404,0.893826438950743,0
69.07312212875478,21,5,4.815970988975058,1.8549058518796637,1.5993449127514983,0.21389830701561233,0
0.9985286780022417,19,7,21.183483491647095,-1.2204657493861502,0.2211822434859975,0.2057959203752569,0
122.9931681801378,21,4,0.12404289122640086,-0.6446689829121308,1.5952954070785128,-0.3324164190771662,0
66.59678459745244,14,4,16.894869069343248,-0.6060773761052967,-0.752860741138354,0.8212399425329262,0
146.66057457917088,10,1,7.796729166638628,0.2850235186496772,0.18664250445930375,-0.3060354848020772,0
66.22520131886117,0,20,159.09705488459548,1.959569948210492,-1.0259471147826944,1.340196556386771,1
31.278861617378414,7,9,5.669788286734554,0.9243260608885991,0.48947249604515874,-1.0729081232794484,0
116.02837591739082,10,9,2.254360312251475,0.2417167940675182,-2.7111091862912433,-0.23163719604792368,0
48.714775028782,6,4,39.14805870893762,-0.9084290627492385,-0.776233799482957,0.946773156415688,0
173.6684852581636,0,14,498.11939828724354,4.843652583014579,0.07428271982825096,0.7715021397897204,1
63.55155165869006,8,7,51.670958081311596,0.7580767319598234,1.209987870277443,0.9791485470377249,0
7.9825572883936875,23,7,61.232161750527695,0.7495001009110849,-0.44142272341084327,0.8985754948244113,0
22.853569483907034,16,5,47.71123101102323,-1.3246345144753977,-1.0292507031229927,2.14851012913669,0
13.582688263960849,6,5,3.8340257738619115,1.910138403897504,-0.791736906140464,0.033421192438285084,0
2.899120232919359,19,2,7.25600617689362,1.7633228687480582,0.49819978027408945,-0.03148361617982222,0
10.02248350769624,12,4,33.20111491481378,0.39057313881325656,-1.1416496630123498,-0.8962243968182884,0
42.706072438059635,3,7,1.5881304485856076,-0.266151398064946,0.44522950508742876,0.03140576540079164,0
12.179730209683656,17,1,4.831293544450824,-1.5729675849054419,1.137680686672443,0.01218835948370302,0
176.65259524296533,21,9,48.08459964943736,0.9395598629228187,-1.4288499197250164,-0.07334198324876408,0
19.943711973635295,14,7,2.288532159503326,0.7967662924936864,-0.13327098145098354,-0.4947448070884354,0
593.4565446474604,3,24,187.92441049939842,5.426534384016996,-2.3803795967986625,1.2414277076600386,1
125.69094622294465,21,4,50.80343328578959,-0.4605021187842727,0.689679057512225,1.1376924363240357,0
21.021556422643872,14,6,17.81916709203486,-1.4528879910486137,0.5021111359335277,0.45581257300433603,0
130.15966447951826,21,1,14.725109883511479,1.4476055720634766,0.44481095838849527,0.4804163064846694,0
169.17580153916157,23,4,25.130646073925913,0.42501731811355103,0.21360044849263002,-0.9443067513855132,0
18.081208538693282,21,6,77.02600505369885,0.638841502740595,0.9870688251190727,-0.6867307215189701,0
156.7830648246601,15,8,14.977842127170806,0.2935901139594668,-0.03729694560358462,0.5422095205223703,0
151.58176117673966,17,3,24.44495528942355,-0.48378075716955266,0.6167223569130161,0.1057741782522865,0
26.356274232912966,14,4,6.276922243412587,1.5228219558256755,0.42891151504462904,-0.6092233455804983,0
98.86152501896879,13,3,0.00846436208603175,1.8089258374180954,1.465229669945005,2.4708716371443407,0
3.425520370481165,9,3,16.04626675428284,-0.9206162943713541,-0.5597056114923079,0.08706554988170981,0
1.4849509928612805,11,6,9.699915033894825,0.5357750389770407,0.6321474350412882,0.9602049176968018,0
111.28112232540067,15,5,8.533788141386015,0.3926733134779763,0.3204271899424053,0.15274739331367418,0
108.47432129675924,18,9,9.381494876741414,0.838413105076335,-1.0028632145582295,-0.5903599968278983,0
0.942053809158562,8,1,76.20705624360545,0.7989568430525581,-1.200092888427668,0.07335797720012917,0
50.04050576107151,3,2,0.5973539688154667,-0.8204214846909168,-1.8311034034251135,-0.2944304811704029,0
7.031338095686724,19,6,15.114616533199776,0.478425072249476,0.11839666187152897,1.6615012892185996,0
46.272787779046176,11,5,16.900330253527784,0.3361840591660927,-0.4365539980215701,1.6351766120568665,0
20.748795654936536,20,9,2.913028327695832,0.44031812142794996,0.09579760607698334,2.038876367858227,0
105.55040831942149,17,5,31.323707442343178,-1.306686325580648,-0.20006604473959208,1.240079379824934,0
471.34111872818823,12,7,19.657662686691538,-0.4214829596905875,-0.6101966896717711,0.5943555198262758,0
1.4166586165172002,14,1,12.657712481235075,0.508581034300786,1.2114928026628493,0.28848865640192856,0
22.01092356946964,2,1,5.658780922610535,-1.4801492398395928,0.5976044989549949,-0.14452824336901818,0
200.99196346193855,17,4,35.6598645140634,-0.5719804747663928,1.0754503822430408,-0.43878677622538775,0
169.35585418763986,20,5,16.460272520200704,-0.8251981321533275,-0.6861907080902205,0.2660408288737387,0
178.46449833578458,8,7,3.3499847810578363,0.38148699015984416,0.4106751191422643,-0.42694261727167326,0
17.750761434301808,6,3,9.945667152432465,-0.8788883367739376,0.48443819119764264,-0.38436794403205904,0
117.71591380670854,4,4,43.38689325469499,1.3915089553964086,0.7247840071748292,1.5489727094935932,0
112.6081148124591,2,8,22.781030080596114,-1.366167285307987,-1.36033122058669,0.8603345757088523,0
84.98443583597333,19,7,21.00537138214738,0.11361123772494724,-1.1888429167638332,0.9357122732049998,0
259.3718569206553,10,6,31.927795099500464,0.7947600584836534,-2.5400913159152934,0.36620171306080174,0
26.556216533443955,2,7,3.3805036710159504,-0.9323426320519749,0.28805630558642614,0.24642662629792905,0
57.43157858603426,17,8,19.16153106111556,-0.5282240059877708,-0.24846620974072872,1.2452861033576965,0
8.719591974135065,18,1,6.257947686152892,0.8159064848693854,0.9936698412762871,1.3785789171921918,0
16.949249463415654,19,9,25.31089428225352,0.3058979758773681,1.3924933539360522,-0.429614063332257,0
25.123382921307854,22,7,0.979947120254191,-1.4084721659496007,-0.5221357652168388,1.3885075306304901,0
28.463554959370295,14,8,16.69397703126998,-1.8658288790841235,-0.13613300422842234,0.3402488239162509,0
4.385898111357397,12,8,10.239673600847235,2.09647620554557,-0.1484294186931004,-0.09413961241320817,0
7.430872628829405,14,2,19.226775661387517,-1.093899290086807,0.6140543102909297,-0.03142641605852509,0
74.03402615541339,8,9,29.271837661146463,-0.1069275949097605,-0.6172832072764742,-0.6870867035294069,0
17.716056488583575,9,3,9.200242389586213,0.21824179536475458,-1.4658681446065396,0.5729626194015477,0
136.3063781311156,16,8,61.866812076730355,1.747721790903919,2.9078158344080896,2.3982038194689896,0
14.733411735169428,9,6,47.64107286095359,-1.1179293821354195,0.03522650989059463,0.5216314428814384,0
14.648594425035576,0,8,8.256137158074214,-0.24270501571204475,-0.6880908084158425,-0.9402626177133294,0
128.0752085854776,4,5,72.6176332197243,0.7561007371873283,0.7826540513736586,0.7554417824243387,0
110.08991060853725,9,5,21.05557542165527,0.7962043972851799,-1.0098169343686842,0.13016342548495027,0
34.08851887667962,1,3,3.1490481283359935,-0.8076008479725285,0.6083896021684184,0.7587466916715326,0
209.38472777268578,2,7,32.42621745634008,0.12552137509343714,-0.47426250958884997,0.601889167001885,0
104.21179281731142,23,5,21.326259924854757,0.308559158139641,1.617353400843101,-0.8735534317568523,0
16.212605977234322,18,6,18.19445074341256,-1.43713392321198,-0.6281231478838902,0.7634472360181409,0
1118.7153275152302,3,14,75.87288239060834,3.1859036193807384,-2.9370314307710275,1.12461404936573,1
124.26250747309611,10,2,41.75578401508683,0.8163581017742771,-1.5957413634620419,-1.1809400196317283,0
53.26959352509582,16,9,9.001267357117698,1.0347167440248553,0.3260523731529611,1.024867328516612,0
143.49288381667628,14,5,4.853807586142532,-0.2829080288472456,0.7347764019753421,0.13620616315108566,0
49.0364779240873,19,3,5.988390963384347,-0.5422159034524893,-0.754316466126861,0.29479583067131454,0
0.8146283002034469,7,4,7.173492479828154,0.6704048633735574,-1.1079640748815502,0.2082731136555082,0
76.53779463305077,23,7,2.346540790914784,1.916549275373734,0.7197701728168767,0.798148955148566,0
163.15391449814908,14,5,28.67120379198355,-0.883064775757766,0.9955676136133349,-0.6153344690449538,0
145.56748130395528,13,2,87.39326775262313,-0.0917939946029801,0.4896584385895689,-0.46993918856550826,0
57.79970719378206,11,6,3.378631377109053,-0.3869535456244437,0.1854519101577268,-1.370711985614395,0
30.900222534564218,0,9,43.43447338896492,-0.04833231993817157,0.29725503498148154,1.6755772250537158,0
111.46454887256346,2,7,10.395387461548275,0.6918214101400879,-1.5239398393773305,-1.0519728699735897,0
268.8875268719605,11,2,17.148125759561726,0.8568218514437068,0.1706732983097218,-0.7532613786733953,0
46.43169559118975,9,2,25.997617333663708,-0.2677541700455621,0.2632498739630526,0.28769693692144815,0
133.60716270751016,1,8,42.931172683554806,0.7317714760528864,0.5877180621546703,0.19462218874509882,0
75.62754544024583,10,7,3.323512253352958,0.8028102500227985,0.9553716055126626,-0.8684699215848495,0
247.37702614448585,1,20,131.27683915200225,7.021881769120108,-3.801983795141846,3.014071067254223,1
176.73851162183934,9,1,3.7034126237957317,-0.12797437959290053,-0.018073390575809742,0.0722341408856491,0
117.91119733770915,4,2,14.340864504879349,-0.9028217498756387,0.46126019824959,-0.34425450862696727,0
16.32930358551449,16,4,20.85080953557737,0.5601127440441658,-0.1316281870212281,-0.8286299994493147,0
94.6338221733079,8,6,23.53660456459091,-3.086599429573205,0.4231518729795601,-0.16079196584463226,0
149.45895195978946,19,7,35.42999927732998,0.6882170523873422,1.1662624907249484,-0.006356636963331875,0
121.06511202324553,21,7,49.8896043522678,0.3996186573838882,-0.33075059352824326,-0.14886507922608713,0
51.5622573965977,5,6,1.9652515825772343,0.7867714406709029,0.811356491826011,-1.9664033078842884,0
8.905412112877338,15,5,13.346592733734058,-1.1428933344430572,-0.06838289371401578,0.23504217135257155,0
200.31647854317495,12,2,54.900396097210155,1.1196516753018575,-1.1071929552053092,-0.41351283163860486,0
104.55276568597499,9,7,0.6008065964815668,0.14730940497980527,-0.6200901412632721,-0.41536047611792104,0
221.6639510405946,20,8,0.567411253430007,-1.3316706827909142,0.19259317105993184,-2.111013368820357,0
49.37485662816914,15,9,46.31814361761123,-0.199830556142087,-0.17144205018004974,-0.602115144058817,0
35.70927669662056,1,8,12.09598411420037,0.7741547577058463,-0.2652700653358303,0.3555486004358021,0
431.1910487088067,13,7,20.467585297090864,0.34215406394860565,-0.714957498248787,-0.4442997589602242,0
48.739270861663144,15,4,8.232119756057335,0.4589368067618631,-1.491151247404545,-0.06271024174539881,0
73.40669748042775,8,5,2.8203347353806607,-0.7183144225578125,-0.13089991462065964,-0.9478379379581919,0
23.109880761541266,4,5,21.15267624624229,-1.3825384392335016,1.7097644714561289,0.8995363198291986,0
175.6766478784027,3,3,24.161634849808735,0.2892732110858191,0.6020184725575028,0.8276784075571622,0
54.92478167197781,0,6,4.412266489167423,0.3329724670816286,-0.9024181459309779,2.0760029021786175,0
107.73639597305166,16,4,17.296418630972884,0.7466923436470014,0.33672748409788605,1.4419128992311314,0
111.66702989304618,15,6,38.55797686017337,-1.5543216915063427,-1.567995223160249,-0.11000002986258146,0
179.96315922317947,20,3,5.634048021572021,0.6695087690063383,-0.7715333788917058,0.84447107977298,0
92.5583051955769,12,6,7.686795450024598,-0.8779797444763586,0.4293703838779519,0.21833925483834085,0
64.5687730986679,16,5,40.289296670578196,0.896111317587086,-1.078738072388513,-0.4744509235179056,0
34.40190214023285,22,8,32.56840840021715,-1.5778489055364946,-0.6552815340694342,-0.6821000443823176,0
1.789755818757909,10,1,17.32502652348234,0.31949659766133315,0.6706498539513626,-0.9451603553528692,0
7.482419344988921,13,7,10.418997667881671,-2.2850778624327512,-0.4210672883510079,-1.9425263325652118,0
175.2773078336564,22,1,36.80549771924176,1.0083239030507163,0.9696931579984922,0.31939319806997285,0
1.9591353016424253,19,8,8.165882665357852,1.286104027802098,-0.8099409435768208,0.8811618890881742,0
81.22001930825343,13,2,23.4633893976142,-1.714465064585784,-0.913538945615327,1.1257604230382845,0
28.22456092702232,23,7,10.569507130250884,0.0030267927654607303,-0.17987488766926413,1.6987551649177173,0
15.269753515303648,4,9,11.68962375244348,0.8946862185300575,-1.5575303231962994,0.9430363392998878,0
39.19332895732509,16,8,40.64690995848579,-0.637592371107627,0.3431954846423206,0.3868722752618258,0
5.716072600682582,3,6,45.79853371722629,-0.29310429532581356,-0.7908825990890151,-0.6028996447227494,0
392.3054584454033,14,4,51.89696907616734,0.4542735002473081,-0.9152131834103981,0.6359599367007266,0
85.54511195065473,12,4,50.42022145163318,-2.981931912843475,-0.4028684444680588,-0.09266929363719373,0
202.91066414514114,22,3,6.686474936511546,0.2086925835435391,0.5632419398949251,0.2161437445537346,0
88.87073739360551,10,2,2.4830070422449673,-0.7201520495874821,0.4949876096223414,-0.42462429705508103,0
34.228587447467326,5,6,39.919043970994316,-0.6624178425095217,0.9798200671698705,0.7321194066338913,0
25.412289199042565,19,9,29.429466024672127,-0.20658369782800381,0.28566514310508834,0.05858158133794685,0
24.119425063781613,7,3,21.448522758603424,0.4976481953162279,-1.0572428126002522,0.5098615991989659,0
60.649835803685576,3,9,5.209672952208494,-1.625963763662908,-0.4917339568146927,1.2498492953011642,0
64.3553133266359,15,1,5.115532639856052,0.43531404018005215,-0.036778250675837176,-0.6049669705962281,0
6.812391991116494,4,4,10.181136143321542,1.371821704447613,-0.5697116506539142,-0.10588978617739407,0
63.001361935376366,1,4,8.882769720659436,0.47287573357629464,-0.7606826864812379,-1.5780539573238095,0
35.05203509891443,15,7,60.763332154508454,0.9843282827270146,-0.11550631084366922,-0.06042138185406091,0
33.538511873359184,7,6,44.63836775402488,-0.9197649488420314,0.7977093017275929,-0.073964682421733,0
6.61894401444396,21,3,21.210157010205037,-0.2183040808561178,-0.7802275826650147,0.5284922163978163,0
107.02542207789324,9,2,14.978438317784342,0.08113172128985101,-0.2628139166595011,1.3175494831804473,0
475.4563259472565,3,25,142.89708556622844,2.883140493114406,-0.840981368725976,2.4405217849394263,1
177.95527261632228,16,6,7.5377840839965184,-0.586079406422383,-0.47140274718301745,0.2784949997335691,0
6.154341241103708,20,2,9.676575231305902,1.2304772850182955,0.7596720867223489,0.15313895436017538,0
44.30257289502145,3,1,82.19825274688228,-0.08723364216043743,-0.7740413503658045,-0.836485210803942,0
48.16487775480371,22,6,45.85739425288408,-0.11336989531944563,2.0584437972256118,1.476663084881009,0
4.200381654961875,5,9,2.1948536885932186,-0.3789228935364888,-2.06984822335211,-0.3880510989449608,0
82.62586120755657,11,8,18.387713222558794,-0.9392077453702788,0.9334043045215495,0.16950648297285942,0
43.25702581944121,20,4,23.62304457974527,-0.2672132693699203,-0.7340066033680668,1.8713464884725002,0
188.56245669882037,17,6,1.0822221867819335,-1.720783757644129,-0.6703215157568472,-1.606073112278437,0
96.63039727879104,10,8,3.19299369973933,-0.7812822942292265,1.551722477935951,0.21456243269177885,0
182.55923957287737,6,6,19.07166853581782,-0.08154412039476207,-1.3314162649239205,1.426309918184771,0
126.59079121580943,9,2,3.448753541673087,-0.42743798163386104,0.8474104927245781,-0.33817865790166524,0
217.9946008209731,0,23,71.20276964925665,2.4426905392168132,-4.632239907439908,4.783903870300946,1
87.82151081339778,11,7,72.45213620312374,0.4665609682473153,-0.18923302850729032,0.6801578107997036,0
26.099250622575006,8,8,5.922692920566195,1.3379130925763902,0.1223432174864152,1.258653765393653,0
30.73257506358948,1,8,3.1346059586012047,-0.185403975968533,-1.4808999631326862,0.3679857931711586,0
31.67266754426851,20,4,14.898001153142763,0.10669044211287822,-0.6422872151546583,1.566755612510779,0
46.36485937990457,7,4,30.09166330840926,-1.795193027971755,1.2665040143096213,-0.19816179878244025,0
56.36848569246147,12,2,9.029871518053495,1.4934484517388973,0.25922688104039643,-1.0496034477254583,0
13.598273011004762,12,2,36.20612899513495,0.9018810014613629,1.185385844182931,-0.3346748419809598,0
5.756108858530387,1,1,32.183573749953986,0.8806094692797957,0.5892936201246757,0.2298802631591812,0
24.696119813361243,17,2,57.094764192088334,0.7875619609108373,1.2421001150408553,-0.24399499959201187,0
38.210808939573425,18,6,3.110173717877731,-1.065420525284532,-0.8353021555832577,-0.07983514496753616,0
7.068506389340545,23,1,26.73095318732006,1.372503335513084,1.527739056666093,0.4575284987178938,0
39.84327185934632,3,25,181.65109217922986,3.192412199800873,-0.41915966047395625,3.4788488494238665,1
25.62431015430196,7,4,16.970088672407094,0.17277775251935149,0.051707848191756965,0.16219184797296898,0
111.34479102618796,13,6,5.555677057564599,1.4995023691641998,0.09646602463233933,0.9347624847636001,0
280.8590648437077,1,24,23.912436018976152,2.813450832366196,0.4865101070941593,0.9362801150577162,1
74.32769351854796,1,6,13.0024552388695,1.058040234902942,-0.23556081095405124,0.7686919640837413,0
29.25881183047956,21,6,69.45481096907133,-0.12120206737492922,0.8875753659133873,-0.0943028214537911,0
162.16159401526724,11,2,11.937845621963747,-0.8111601201425885,1.200665440810028,0.1832658688229953,0
63.74325186506517,11,3,14.159754050033388,0.21688406465425034,-0.9827515368990842,-1.9950689094186973,0
104.9396419354249,6,3,15.53565075392956,0.18633436762006436,0.48221381234235366,0.6073502030725716,0
77.97495452930627,23,1,5.739013918187927,0.35403562721038834,-0.20188601233188566,-0.050397681952971035,0
5.143722402170124,7,7,33.89539683329233,-0.25154294717554654,-0.2255552926704215,1.0356325040931416,0
9.554987398487537,5,9,11.731086091494813,0.3376342694147298,-0.896925392044678,0.38672695435059606,0
131.1610126685958,22,3,9.659761254919104,0.47952750866877025,-1.3216395709857278,0.8678038704590612,0
76.36245724141742,22,5,53.701227595365694,0.06773522396749894,1.0346043541956937,-0.5724790161580272,0
1.9438289184684052,18,5,31.090428462329367,-0.050270436272097756,1.1778925474848232,0.9488608834688956,0
23.117742844909586,21,2,12.278953129883392,-2.146139288355692,1.3003256102431284,0.3263125834580604,0
2.151242817945351,2,6,24.350686503269607,1.5064182251203082,-1.332164587396085,2.7177939156477264,0
0.5521379537195814,12,3,15.336641636467007,-0.07237193737235113,0.6602132090507503,-0.04037091226657172,0
104.99028504585124,21,7,8.264478356627887,0.3142250306759863,1.0475454345859831,-0.606946163047959,0
71.92408229428933,18,5,63.69361884583438,0.6950759827043788,-0.5022220995748643,-0.9819432347845504,0
128.24235590754878,16,9,7.568820214640581,1.205706399727643,0.9728631577547874,1.447676910395202,0
158.90354105695022,7,3,0.8205797200360381,0.5504769378407566,0.9206859718886631,1.0928613077274592,0
233.45858405874307,15,2,7.4281693509690125,-0.4154488402655234,-1.0218415153658962,-0.2555113050304805,0
7.196791271704424,20,7,17.259497788667282,-1.0871049874692014,-1.437252307248432,-0.7240933529791065,0
24.652811828706493,18,5,1.6426267425421388,-0.9710732291494764,-0.05852957237653213,-1.244947867701808,0
108.11145225508977,7,1,10.02563869446586,2.5125788340651387,-1.4940844723019466,0.08987715784191591,0
108.46785245268646,2,3,8.350792273663586,0.7624354671991704,-1.4718295585051326,0.5593569336514121,0
34.19345071561722,15,7,25.26672104434649,-0.7437800796421032,0.700021126658976,2.0145938297676977,0
79.73973654411932,23,3,9.48537137206839,0.9287444765775053,0.12304469303266057,0.8445531506633774,0
7.137075012040251,10,5,7.583474748062111,0.9599450497226414,1.1820987446652833,0.0041457421031714705,0
9.412472390245801,16,3,8.086204077547857,1.4478293321709832,1.4109514811386785,-1.7405255388284921,0
112.27467506560328,15,2,48.80494850321193,-0.3009114908046337,-0.34937115940758356,0.9829956535096692,0
16.519638108691126,13,6,12.491792362428791,-0.15535211945907704,-0.5466702217392996,0.7464989663822066,0
176.96639199544197,19,2,3.2631076578145657,-0.6086517041739332,0.17257494779578342,-0.8964454086404662,0
73.03540430207626,15,4,23.13368073347207,-1.24837537457389,0.8873515337711706,-0.21360549043868696,0
15.573909960631225,8,7,3.3639058532470374,0.8415398862906592,0.8534011285587061,-0.33367220474715964,0
162.36020305361836,0,3,16.275752885275082,-0.32034551382875776,-0.7076385707842838,-0.2115669898215995,0
13.567703353168415,2,1,2.620175015351439,-2.3696139957477165,1.0324682831334389,2.2676191933543253,0
12.076359849841669,8,2,8.539630306530556,0.5619709076391031,-0.3367053208792872,1.0966478969507703,0
119.45556061099425,6,7,3.33706378873437,-0.7017761465071254,1.9736028113899755,-0.054628709395760665,0
43.27073548729135,12,7,1.0678769572017295,0.41841291441493306,0.2809920106994006,0.12717622859571248,0
138.31845711853754,12,4,117.37168895066037,-0.8607473232014942,0.6547352525324437,-0.9520883048990839,0
197.08079077070732,20,3,1.7822693250799806,0.3300688373684543,0.09839972977206941,-1.128442891113002,0
139.8117901020251,0,1,33.64607322447641,0.1274285460388784,-2.7163095971529234,0.5477808759771227,0
179.61649819044166,2,2,30.35611227772967,-0.3810961427315063,0.5369168255212156,-0.740541016846093,0
50.93533702176615,22,6,66.60859744441657,-0.80725360562276,0.9912833333759788,0.9220988765927899,0
2.062172351734133,7,3,19.189243487896533,-0.6082920459712207,1.7629683942031154,0.14316057317878822,0
38.96841429768175,1,6,6.868582922707306,1.084604361456635,2.0913690562169824,0.20065428320695072,0
78.19864671911728,3,2,33.514053885412935,-2.0859207078678135,-0.024074983581426894,0.9309616185400249,0
6.0556659246601985,0,4,22.264166084427323,1.9998140670142204,-0.21805304972958034,1.327308958186537,0
58.56098576204278,18,5,79.1799110370932,-1.0862365001841126,-1.0279142178251992,-0.34366068943853795,0
29.720868549817855,6,1,24.27704835962292,-1.0525866736804532,-0.8115317484700793,-1.6737668670685755,0
138.8864795102169,17,4,15.309111169559008,-0.2672705771963545,0.5093004191681524,0.2595974280715852,0
27.772897268132528,12,5,6.06594114580211,1.0919364813701427,2.1410536394691353,-2.3692617710023476,0
14.895482486699143,9,7,21.079998829625364,-0.42139142007942604,2.1290266402472953,1.4350686271026083,0
63.45373463031436,21,5,4.8028591105971765,0.594886504399759,-0.08474971504070397,-0.7411507565393373,0
71.94647309512146,10,6,5.814844044498618,-1.2552322034577534,1.0379371147955903,-0.6825331336919811,0
20.548605442892107,13,7,2.63425336306478,-0.28924121187421803,0.5242443707542194,0.032767446305325826,0
14.74061889515193,21,9,0.7165854563933325,-2.1255808998582615,-0.7383870457648645,0.44544256030477053,0
27.96921753523021,9,8,16.07119773914917,-1.3453163810344513,1.1672561626565265,-0.5843836364697196,0
225.98368289268183,4,6,4.124976211799886,-0.054851098845519794,0.10485134072063199,-0.9130504315394745,0
153.1398923893712,9,6,19.307520086467026,0.4032625026706798,-1.635553731726089,0.3961612257280407,0
148.81527099198473,15,3,57.96812842800256,0.10440103085195497,-0.024806707527733136,-1.8039926061165616,0
6.289268275933586,20,4,1.6983027496649117,-1.0805427683977045,0.31724778206828974,0.40399178682375236,0
15.78782518897183,9,3,43.33327964981211,-0.012671946014730082,-0.8422319343186884,-0.49448587918875847,0
192.15232139189143,11,5,10.66219758984835,0.9714708022217614,1.1250469196720991,-1.9919835374098678,0
42.00148028431152,9,7,6.951817021070259,-0.27168034466935215,0.42643805145590913,2.4182796191625444,0
6.081047060430977,10,2,6.377218453378612,-0.5506926685003014,0.9125079578791583,0.7158731143522731,0
70.46688518591532,23,4,12.633723579327818,1.598643142842041,-0.4938631608920884,-0.703861828112521,0
47.878027833616976,12,8,18.39727139855008,0.020248266364320252,-0.6233466034598226,0.6520420732636613,0
27.06618741694841,23,2,21.20104098455457,-0.094925308981892,2.095987290468793,-0.442839534980301,0
58.94736741566392,9,4,31.663668787194528,0.28423066024335236,0.10599019762181079,0.5965258796625756,0
68.8124722113268,10,7,36.99136656895042,-1.0181186069690769,0.06006437021033598,-0.8117536357369666,0
12.151851825650308,23,6,4.76923716914456,-0.919767159901352,-0.8370835692935386,-1.2358111842515695,0
35.07993878483366,12,8,25.79139993623781,0.3636046654915618,1.2950289832142339,0.4853728747412901,0
171.34613318677583,12,3,6.832295561418487,-0.2912919371848014,-2.324854679084149,0.939224204568622,0
20.891180641481434,13,3,64.39379190879161,0.9370564675946099,0.25465338300004053,-0.683984894290505,0
44.56461541988915,18,8,8.035445611306159,-0.0028085080704942068,-1.593673125089101,1.260992080769911,0
14.664090810806156,4,6,1.515683454008021,0.16588307656824403,-0.5788869148564438,1.2305601282923093,0
24.012417456047544,3,6,21.628912882177424,-0.7511679310897738,0.5235404696957444,-0.15260983243853962,0
181.5124211544706,15,9,44.07120757008521,-1.5638304845956987,2.0379212436682472,0.7402324472164921,0
51.05331077246076,5,3,6.670416689201076,0.16302091323277582,0.7687401243645217,0.8276419584257526,0
163.5744144081949,17,7,42.62109900940415,-0.9125686376583437,0.8652218950725125,-0.8596573414754466,0
41.96039292031547,1,5,24.456558425812002,0.3453871808907797,0.2848595834014934,-0.7370599488277203,0
34.845441740903226,13,2,32.840944679576936,-0.7218017124223504,-1.9030910398930785,1.0540727023535705,0
100.81442406971428,22,4,1.804318654246121,-0.6612936987993531,-0.4732447616281216,0.4684400100675467,0
90.02674388018292,1,3,16.297799654359313,0.6112868107395165,-1.0357094241512432,0.71804048348532,0
77.90156827159608,6,3,0.34482601635903887,-1.4330452211028035,1.417632754555721,-0.4147560708438251,0
115.3803602986109,9,1,52.54197899009276,-0.6716878645784115,-1.4084973919780737,-1.0981730841565653,0
10.930986818312569,15,6,6.167253570741925,0.5566301587831347,-0.9232731163163072,0.2965211051357782,0
227.05017169863993,9,4,3.5249011654451765,-0.10878113335578235,-0.40624144817099367,-0.4423857643916322,0
130.18276137995508,14,6,6.273217117138187,1.0145070289194755,0.22698501593021117,0.8829196469857801,0
88.19034973077513,9,8,25.359680869907262,-1.0236227391320218,-0.7374162779146215,-0.757787398755062,0
184.41837591234355,18,1,56.80914353522385,-1.086452099048579,-0.3997796126154091,0.2842394271839206,0
50.593245691181885,14,3,16.64818363289971,-2.67762826396075,0.3572779137634053,-1.1628655179803165,0
203.9548303415524,9,5,70.1742289710637,0.2640305006035483,0.4842211590190325,-0.43037203913990413,0
25.093968950283507,18,1,9.1476705583165,-0.5712070644351728,-0.8105375611126893,1.1532107399521414,0
62.23283541557937,10,2,12.937722864224554,-1.2459101487503248,0.5835759154856965,0.4784980847585973,0
60.34390837027701,5,9,126.89335464325625,0.1277203737393797,0.5952518721699062,-0.4085095988697258,0
22.170502622777455,10,7,23.91168387787637,0.5302746130755317,-1.677392605072287,0.16010319115498794,0
88.45635122081744,3,2,182.79143317380095,0.22032237098567373,0.2075438743563971,-1.511754518841536,0
114.36141975230922,9,4,26.095059053153044,3.371820814416769,-0.41337133020403327,0.7420844584165968,0
142.47426695696242,6,8,14.99129525992287,-0.24060441680382488,1.1594420025359928,2.3073042649236517,0
71.54870108591953,22,7,10.01947030574803,0.9299709937279163,-0.02511304733308925,-0.4948387551141239,0
10.732793713593159,16,2,4.746237260056164,2.38807837450993,0.6737179386112802,1.0870404023040405,0
284.7199119385273,1,3,3.4347760921135606,-0.8100909335105829,0.12076771087451768,-0.2616361972827798,0
73.68887262536882,15,8,3.732602731231074,-2.089217950327953,0.38428078932819676,0.1915710340832907,0
19.781458949394448,4,8,17.01411460008011,-1.991442724427748,-0.7164869165513815,-0.7851064181031717,0
22.081516948023946,23,3,22.04004814101854,0.564181006861278,0.8032255605245203,0.11580696700171592,0
32.578688327090795,21,9,3.782764407043219,-0.740266424139329,0.16437425781744772,0.8628270095209097,0
73.0163722075116,23,7,5.562511353786221,0.10980053831436694,-2.0235898851195646,-0.8727348201092778,0
1.1072719087141185,19,4,24.618694057159253,-1.4103695772416978,-1.1616988262954124,-0.8399727300240473,0
12.307511598888041,15,1,9.897074264273568,0.1561105317151694,0.23067188264719166,-1.2592057301232924,0
147.67305659469076,9,4,2.677506667446861,-1.0954699550553566,0.3327304910905369,-1.1587327671480465,0
45.15241800781468,20,4,42.84648099918009,-1.5262946497036378,1.0915612730156588,-0.06080392558677299,0
5.165325625865176,10,6,9.959773466425125,-0.2132984329468329,0.6538451627452485,-0.18466969021634144,0
62.174390854419954,12,5,40.52129898406578,0.7058427210252162,-0.03516762622597241,-0.4363385951566897,0
2.123676417173569,20,1,34.320365845795216,-1.7991719538158402,0.8038300468109024,0.4264144538441172,0
181.66011594847322,6,6,77.39260571986394,0.0385067342796963,1.4006060613377602,-0.22200198810580926,0
94.58267900351859,22,4,21.191374063606986,0.5123694239458502,-1.3921047962571145,0.34173042228825556,0
22.584547951611277,18,9,15.082520003796047,0.942329223645982,-0.2636809457963251,0.24927466055706565,0
38.65882955273425,1,3,1.9517713023635372,2.229066272389667,-1.0469706353001325,0.11534626832953464,0
22.661093388629354,16,9,5.3816585567839095,-1.4561978480538071,-0.24486838393386814,1.3509947102690507,0
51.43512116540194,6,4,9.94811880179171,0.08336933929744557,-1.952303991929248,1.7210577530299063,0
176.58587810774137,12,6,9.360221767023933,0.8194574951724374,0.11796605823144148,0.044240631080804435,0
21.868689356571764,4,5,2.8631975278808226,-0.10816798818635462,-0.8628812189496059,-1.753739861637834,0
56.88706199918524,16,4,22.152727367439308,2.1746639881141374,-1.3461170295170128,-0.5666766130475246,0
7.1509711704359304,9,9,5.347715967999469,-0.7306362384426736,-0.1482675222853841,0.2143039399555994,0
23.83955152372942,0,11,229.42464010242927,-1.7625847894309459,-1.2417561910612551,2.4347599355856326,1
13.159305610107271,3,5,32.62151599915279,-0.19815757864213043,-0.1121019627410117,0.5991927002237311,0
253.74693756478285,21,6,34.16914493704417,1.03955935180465,-0.3022300368019311,0.6375633495936465,0
50.441019556112714,4,2,11.866046776916683,-0.39660536361715565,-0.6275180959136745,-0.4354169245523943,0
31.821124930372125,15,7,12.754869024983755,-0.22499792831121918,2.1316401916067003,-0.8332945171041004,0
87.5033513990521,15,7,7.930116028982414,0.9779517822663238,0.7401481335829027,0.04125040338349127,0
137.49387890052935,13,4,3.957784179241484,0.8197274852317957,0.6507221140974712,0.15551694593384535,0
6.724060114205603,8,4,18.758988843589837,1.328766707877994,1.5864436805713005,0.4799454801969306,0
58.74585440373042,22,4,31.835461602339436,-0.8574295153597971,-0.5108932192376867,-0.03018384942035489,0
74.74319620313318,0,5,10.069789051777047,-1.3651067747050223,-0.5909244433901144,-0.9422978389506194,0
43.34869164087138,16,2,9.095035877108044,0.6953860316736591,-0.20011924219106264,0.04783826840767946,0
54.271574186811094,16,4,27.33553074960597,0.6935954081299573,0.48895152407280074,0.7578883912557627,0
10.090660274956672,4,1,77.34581878574375,0.10016725988550873,-1.0832392612057151,1.481589558969838,0
75.26664061753918,1,5,22.944061334432526,-0.29631200652147316,-0.6819939776972203,-0.2750496325061743,0
97.1269581504684,7,7,19.18073321600683,-1.3448553756667057,-0.5481227695866003,-2.749824872916261,0
29.14324401511857,17,6,42.27018539602838,-0.0024611965659689064,-0.20481283756708576,0.3263180277425046,0
170.91668992704444,2,2,20.468552115345403,1.2484471347587451,0.7057306076839162,-0.06210512372590923,0
170.7561721806556,19,4,10.166325305925492,-0.47615875290526694,1.9999508143787392,0.9463050543976973,0
46.64786727454431,0,5,24.786459905160424,-0.698171328474495,0.3804892279058148,0.46499675591688405,0
171.83380451300678,6,2,19.265203487647888,3.141109286996759,0.41116698834522314,-0.18583875912218278,0
70.93864435699507,7,5,41.89857819006921,1.6707075029894791,0.5963440007937413,2.1381695503522,0
101.60951517831731,19,1,11.055096786917924,0.8114970214782921,-0.8734681896641371,-1.0809276606107858,0
184.07359496070615,23,2,6.778303541551093,-0.39452150841011985,0.5970156789382746,-1.315498039829754,0
230.6524437080131,4,5,40.60232073958134,-0.7462121846533528,-1.294056879485373,-0.48584630149567976,0
25.928632566811352,13,5,3.053761763025279,0.5498018627706688,-0.39429589003569016,0.7688580060979814,0
55.1636086978747,3,5,4.620788211380484,0.024617056292358296,-1.2270024640445456,-0.5382409866594253,0
32.662491237146696,7,4,16.91362830300039,1.2102455144177815,-1.0426621063076242,-2.8580055598514438,0
273.207353844007,13,5,17.462791394959964,1.7824287181230196,-1.2103747537347431,3.268702984042093,0
131.04707798972183,7,1,16.119276251447058,0.28188005830670254,-1.31557209027479,0.4930665219367264,0
9.982333133920642,11,8,25.70066477384483,-0.06276335861350743,-0.5663535146982874,-0.14946862316988369,0
32.47262398695907,3,1,3.545498915946021,-0.653521249978164,-0.5691150272481904,1.349727779994714,0
134.96589722317077,12,1,57.1750467670021,-0.7210440066195074,-1.2456962229503832,0.8838193391292329,0
66.60843101669263,8,3,6.137566350207361,-2.1782751123740387,-0.11057468334688901,0.9071221807927522,0
174.37624648804416,15,3,15.261798363468671,-0.11732621471262757,-0.7655756545525233,-2.197137152659899,0
314.45057066237246,15,6,17.370462394439215,0.8958822805372862,1.2197268006472364,1.705564307575362,0
111.10051168043398,23,8,18.35920588163684,0.5705346354668055,0.233519956678334,-2.1443817488295673,0
102.5409442452643,6,5,16.77912976048211,0.27452422978450874,0.07835053233308249,-0.05027764937550174,0
91.06661189011577,21,1,80.98459497537405,-0.6473530745126671,0.3871224186212545,-0.17377304692066126,0
11.461604551832211,17,2,26.60743030300642,0.21585169560215436,0.27754418226575334,1.0956163217035402,0
59.28644726272735,8,9,22.778879713854813,-1.0958046527034282,0.5195246566679673,0.44003296660045754,0
2.325673734368568,0,7,41.12285069728152,0.08735406861591012,0.43947042659365493,-0.06341086833398336,0
9.379510807902188,6,2,6.816502253193811,-0.5401585730122045,1.3107666677687773,0.2591994033677289,0
309.4593933275913,4,5,9.780311850520205,0.08620235571155054,-1.1577047415472934,1.8360004245777277,0
59.47298800901621,20,6,23.599094636963972,-0.17612660343708286,1.247410912638388,1.9846201408029078,0
153.3909613743535,20,7,56.90320555646845,0.43055432963824136,-0.3104500064590432,-0.28475446761569134,0
19.54322613508315,9,1,28.70093706376263,1.9309089871870693,1.6353793334426037,1.41556796701674,0
1.1588689097631475,23,5,2.8330866302789954,1.43878298974325,-0.05122244180493512,0.6748611673183552,0
5.394207025528841,2,6,48.56214972798216,-1.0700935155433684,-0.543821282301384,-0.8563909184426653,0
119.2022846672734,7,1,23.305757356899157,-0.2900746547314983,0.5603238843283771,-0.14027175827337232,0
142.04856569134384,0,5,3.1751531187417354,1.2780697116583917,0.7271195957641049,0.3580072013498461,0
88.93895868019514,18,7,34.59331058786888,0.3331649059478465,1.1364664285894523,0.4725925799207679,0
62.74002404939071,7,5,3.7521522890345493,-0.6169791429369322,-2.4100217428996786,-0.31152901637738206,0
31.673785774103887,1,1,5.049257826953019,0.2474722724529218,2.1132065792874553,0.7560649460565658,0
40.60053007961565,7,5,24.881376241715216,0.3866711352880274,0.21551518081632362,-0.18438034891888244,0
68.85279430116553,8,6,23.3096652565838,-0.9729154353663806,0.785752450926438,1.1220937606591224,0
40.05212519166871,8,4,8.048298372507313,0.436604378573489,-0.641116748908992,-1.3429568471873368,0
9.897022360795436,2,7,18.695438857654576,-1.0386397105930532,-0.9475664279766811,0.5806844937063096,0
50.788490970391535,23,7,7.572856677481694,-1.6826419140052986,-1.8132479647557274,-0.5622131436519847,0
24.273018508510656,1,8,6.079780905586024,1.34467483919824,1.4996091879804756,-0.06773368941316762,0
30.858834093160663,9,7,12.807832807797988,0.7280751695052642,1.7190655029103648,-0.11032661506401152,0
106.26348630115203,17,8,23.493044790739145,-0.5581718614424039,0.1973714424410285,0.0807626173421847,0
70.93692904029099,8,8,2.9968124351512753,1.8502586187723646,1.4981982183620732,1.3654465059350713,0
99.5874785388227,21,4,16.040832394559516,-0.10241492109734197,0.15535357693896257,0.2087591133672905,0
126.95541143330802,1,2,3.467190435487094,0.016210471663786113,1.4026670959554037,-0.8595040145240147,0
40.01134345504571,2,7,41.95703653123789,0.34226705324285367,0.2182426448606589,-1.084955208520124,0
2.088596138949855,16,3,0.46353147493310315,1.6961768885567978,-1.3965568374023314,0.7014749312202911,0
252.9082855818979,23,4,0.028688538912594767,-0.6638714665762409,1.228539790356901,0.21435066180958479,0
36.673304576561605,20,8,18.290425077490013,0.06381172888377443,0.18277150129369146,0.5089444107005475,0
65.75859903091043,2,9,10.736323757222536,0.00541544988533119,2.63932125111147,0.9849331459709236,0
108.65745489878684,3,1,23.901221988918454,0.616449697472372,-0.5608047878285446,-0.2346862150977653,0
82.60445068509671,17,1,24.401162094159975,-1.047717379022238,-0.032618385728137134,-0.9167382524416169,0
17.714762388081695,22,8,0.7131995831169466,-0.43758619219532746,-0.678085546979032,1.2632481984137438,0
66.61723711547181,0,6,2.0971692454629007,-0.8061076734223602,0.7396700330628224,-1.664914141142095,0
234.18088935553203,4,9,19.494314043849855,-1.4767344361881212,1.0803472317258855,0.5744868070799836,0
98.50000493636722,1,6,10.241476303576931,1.2680687931238084,1.338652625117742,1.1620355098602617,0
124.32591971788781,22,8,37.323813062474976,1.4206670341536325,1.2375007025379259,-0.9219354935678817,0
210.5801205139365,9,4,42.78715425846098,-0.1559030830304772,-0.40763095622907325,-0.7149540063835553,0
65.09895936481823,9,8,10.261496501094445,0.2776949004347434,-0.31070639872851974,0.5243628037468203,0
70.32495458301347,8,4,0.7997142913246527,0.16176412024061126,-0.22166490629229632,0.7351223420823988,0
39.66261320521642,5,4,22.95072593596952,-0.5906397346719888,-1.3472004948540728,-0.5233195940524819,0
104.44532618842265,8,3,13.005851794286016,0.8868035811164898,-0.7595179511218539,2.017067565526015,0
44.300529540688586,5,7,35.70701347070972,-2.002740135114591,0.1797388047357225,-1.989194978713914,0
127.76678034638742,8,6,40.990050221743715,-0.04375913054476578,0.5282743909955926,0.4383235853740242,0
150.16910488260746,11,2,51.27921516710377,1.1108746048730815,0.4665178525219784,-0.6563787121010121,0
214.5378819178991,16,7,3.9910427856708965,-0.1730638331681045,-0.03137349368479736,1.3888801068800196,0
104.3854244818022,17,1,11.038191942906243,-1.090984495236458,0.9475571620625642,0.8015773533646297,0
18.77534465992192,10,4,6.491938769278125,0.9020582467927044,-1.5036196075062607,-1.703631389491719,0
11.063707545047093,3,1,4.628280959941306,-0.4197372913572774,-0.5203210033582333,-0.5665453559127587,0
121.61234328985279,11,5,1.6152758050916283,0.05613090661314557,-1.0336602305913585,0.7274468285271547,0
24.232647418615223,12,4,6.662732799411625,-0.2499406625459149,-1.6451741008740206,0.3044363426915894,0
89.88812357154447,16,3,34.95738820370375,-0.15191009726067323,-0.0944901965756098,0.2339307508117245,0
168.71291483522867,14,5,8.556548155217472,1.5392502682606957,-0.400255631286832,-0.6450071364645936,0
14.013189996343522,20,6,42.84582544717306,0.08595166062806185,-1.3414151729236634,1.8600417808592529,0
122.50925188666669,8,7,1.926546711451636,1.5269913952575875,-0.021252577947982607,-0.5364677499351872,0
70.50779022458326,11,3,7.094850918367223,-0.13869683010301334,0.5240948603857766,-0.02017170948505388,0
86.87954135164364,18,7,65.26981711091476,0.9267266314616388,1.0889560194627805,0.7578339180985992,0
126.05815492541939,9,9,29.295305510129882,1.2866918497836153,0.43418042036586124,-1.587366019697656,0
103.35372539910963,16,8,2.014212547434797,-0.9881626311093673,0.21146352239021807,-0.22591200887759133,0
0.9783155487175446,11,5,14.971636172062762,0.22150435521042253,-1.769355770803304,-0.02005314066842102,0
1.367433604677376,10,9,12.873648623329323,0.0264897512785753,1.08635900452229,0.31255494596498107,0
77.50652855482275,17,4,18.340342048770978,1.1674277708648262,1.3829359273066784,0.11500563083439581,0
3.270686300879918,19,3,16.511396540524068,0.7982644946309067,-0.4969299307022664,-0.6420881901908675,0
45.09417525484739,17,8,38.020481227325014,0.07697542695295774,-1.2346007825052756,1.0668786006038269,0
41.77854096492011,15,4,14.75405677811683,1.0751108245887713,0.8655456335324518,-1.6780462213018954,0
2.0417622921914176,4,5,31.84705626012413,-1.0018270177711681,-0.4465892581424016,0.09377416661612285,0
114.45358993012161,10,4,2.3922832072736586,1.0904489007910048,-0.9356604591685375,0.2029835782926597,0
17.90397399133089,23,5,4.9716642645572575,1.5915008293986488,-0.4270081213053452,0.4990966172893292,0
296.2159885277975,12,9,11.750939429420168,-0.6770127186374348,0.7851313157450716,-0.5422088994136636,0
127.38180311453115,23,7,15.82565266512514,-1.2531139200488015,-1.039638736075713,0.5204460259402768,0
248.88820237295053,18,8,2.936777814290368,0.20166584357132158,-2.582912311429463,0.9386212277630962,0
45.35944244762543,3,2,14.440893108934512,0.1500187063599037,-1.817863063746693,0.540099654355632,0
50.2351740803606,7,1,19.070756577124072,1.0859261096862478,-0.8366075703107866,-0.20609314824726022,0
62.90823090819284,21,2,11.307497092244954,-0.2409202851327593,-0.21933465166753244,-0.29852537560903575,0
433.5286023590145,12,7,6.272580550477436,1.353148841467331,0.6987023932035675,-1.6127118547649015,0
158.07573913597562,16,7,32.14830717770782,-0.1516513506796982,0.6900087582370844,1.0862769202812468,0
13.639676150381788,1,23,37.06731330212033,1.999783783942549,-1.33515057795909,3.8378648116751655,1
30.472923583656826,12,3,7.786832409802643,-1.66855795436055,1.5342450529222726,1.5442448398525714,0
32.95268638899459,10,1,37.86312434899576,-1.0179366290638778,1.391591608092707,0.5521804505663915,0
80.29578655476291,2,6,0.7886583997810476,0.6478782317197667,-0.22247264232967556,-0.07840896943450273,0
40.62224758837425,17,2,5.767204337083475,0.7200342615011702,2.018314904305884,1.1988522582482994,0
26.64609397301691,2,7,18.35973954145961,1.6818195317507838,-0.40519631645049814,1.0446849485976795,0
75.39718087636099,0,8,8.217006746962266,-0.7145476755486985,1.3657102608873568,-0.18058921081625148,0
94.65057904292591,20,4,5.818000492084999,-1.2860797542485478,-0.17887997161012129,0.46445388610480637,0
92.34636669190525,1,5,22.141157282142835,-0.6077387518574343,-0.24006651773454463,-0.15975502736700475,0
72.35484912802177,0,1,21.19356430314643,-1.2170264136665399,0.5075297970465288,2.1040409249052674,0
251.01062287682595,11,9,7.238162139853719,-0.3030963299981644,1.5366684155243187,-3.003656919124604,0
30.022895878727137,9,8,8.408994218843539,-1.0178629415132463,1.0683674652917106,-0.9448599336904923,0
80.88710366238836,13,8,14.840156251191017,1.235086322270831,1.5738820193963414,-0.2080065130031525,0
85.54059076136822,10,9,28.261323393349986,0.7482191151802536,1.208153576798093,-0.29410063356570076,0
88.2301422723676,17,9,7.513111489605837,-0.7784709136737361,-1.22584443986832,-1.1500156009490614,0
54.28040874983634,17,3,38.081138268047475,0.794658277519189,-0.4667440027197725,0.8020473088600951,0
746.0943152471142,0,19,145.09916921857018,1.6109862990586492,-4.300456356484477,1.7839986333066984,1
264.5298788009944,15,3,12.581757143024689,-0.43549668709222433,-0.7686915517853631,-0.10934135414362624,0
28.81635808597903,5,3,4.217529452836179,2.2952112002296117,-0.0820136416776171,-1.4001403870741531,0
134.4417848807049,0,9,30.762436512413167,-0.3899717083218377,-0.3974625473826902,-0.7630708038096142,0
25.019443871966587,17,1,81.50867753441338,-1.0886348058496282,0.8691568961944912,-0.7138912734837553,0
72.0061084008051,0,4,10.004173513379325,-0.6693720916452528,-1.3061354616053111,-0.9414626814164534,0
16.39191561365592,4,2,1.6912187176592517,1.7398795546634496,-1.245622297709307,-0.11710496384094332,0
42.46062508043022,5,4,21.273281100863628,-0.7146162589024936,0.9527075752575865,0.7652427875460576,0
10.987169606815947,17,8,60.651079676636634,-0.16925877220638444,0.47448867151532054,-0.2700979213098503,0
103.76632417317465,12,4,45.69905400841857,0.5671939728032305,-0.40436628546340864,0.8989981487345141,0
16.033690531331185,9,7,8.361962770691635,-0.6499210911969255,0.9769855983723307,-0.6664521514332091,0
86.37603280268102,16,5,14.867313164516522,-0.6266017101339038,-0.3636989907826565,-0.02355451107246191,0
35.07105313325392,22,5,16.513654529636465,-0.8809998133308876,-0.16101935225648373,-0.9872260997942012,0
202.82859669626131,11,7,57.82195946417549,0.5391944816425036,1.4291177138469162,-0.476475023505905,0
276.59292238028434,21,5,18.034722516574426,1.161350929804876,1.1124450576758635,0.5525094639244927,0
111.77763133008513,5,2,10.114508075937419,-0.12706830365275823,0.570025450047024,-1.0069592764625137,0
297.92822475472747,19,2,19.95485973454415,-0.4742071914242323,-0.029680424290999863,0.7284391969458369,0
10.62272497217811,1,8,6.181614256465123,-1.0237595721667363,-0.46434037232899683,0.2521227737809965,0
76.03232156730982,13,9,5.59249410943133,0.7655020108780308,-0.699998739753832,-1.1749645691495405,0
33.98403409704851,11,3,5.75916506981528,0.676941013127569,0.10058882740866514,2.7399724793980185,0
342.7092460442031,23,4,47.85254577639264,0.6663429842415457,1.0470750617689664,0.36644303213691104,0
44.479752134696696,6,1,72.10022531355578,0.6383958175994964,-0.5379124754967275,-0.0357597345486123,0
112.53345766584444,3,5,2.3590390629058238,1.3978144789055236,1.669900546636963,-0.9826933811656181,0
280.04883635395197,9,8,101.30983294026572,-0.7550148856114552,-0.44573100991337417,-0.18883430478192273,0
24.201841993529314,18,1,5.1404011738218625,-0.531949975672492,-0.830631543665161,-0.14066426793907078,0
37.1118546378072,11,5,12.12133875475008,-0.6777255042453437,-0.14470952760797803,0.5290568788979271,0
19.831170357761838,21,5,3.6319830214828035,0.3280957083751954,-0.4901098254296866,-0.5876757465948027,0
98.76727995517484,20,6,27.162165438719956,-0.1151226745585513,0.8557941120866089,-1.4212314631983305,0
91.27966565897923,9,1,38.422293183328016,2.0355509517844705,0.649137988045609,-0.8308978302982771,0
144.3779606197605,11,4,16.179770927683997,-1.8185063196736564,-1.305488912123599,0.28802597256950235,0
40.407855480222345,20,9,30.788112060331272,-0.05715057866706893,1.112866277661617,2.019065765866012,0
69.8145383275971,5,9,23.00334175292385,0.7504243928372328,0.5689450184829352,-1.0422834456184744,0
67.01910980545175,16,8,63.86774188149846,0.4416713768225088,1.0112921047079566,-1.8872627031495923,0
469.7482767968746,12,8,2.272299216279892,0.16641897275349343,-1.1728362976213909,-0.6533252536599982,0
121.84613136202246,8,5,0.9926157699237691,1.9257349101260617,0.455202183635917,-0.16041248199491462,0
117.20026781824131,5,9,25.80742364107358,0.8556514808450733,-0.11690964900850807,-0.6239975519362333,0
196.65676486170412,19,6,31.311279788906056,-0.7233050491606203,-0.795663868128181,0.963405946948549,0
26.317528734927254,18,7,5.211733200965815,-1.3434446078680005,0.6597539480314554,-0.8826043110162297,0
87.53709112127751,12,5,8.719603648482886,-1.0872833501943513,0.08276868126473787,0.501538408120652,0
13.815534036902319,13,7,17.549177428403468,0.19336141561926623,-1.8406372046872632,1.4900037103049435,0
275.5262496423369,3,2,0.24020267490135475,0.137856462269788,0.16850245705138828,-1.1489295910028097,0
97.62742112958385,10,8,25.230375618176666,2.2337624750976253,-0.018912381534962018,-1.4915951955360007,0
12.249482724866812,11,5,37.760271318805295,-0.5257336444365239,0.40312955556346564,-1.8086444634639394,0
116.97576882713801,23,8,11.798123104311111,-1.8770652208907432,-0.7822335176443129,-0.19546436631655667,0
35.73221340518464,21,8,9.271038412057965,0.7010012677189865,0.2133283013554517,-0.9326833648750156,0
56.65562442476776,21,9,18.948675046127327,-0.5325939868728403,0.11001871504254115,-0.8895737471443433,0
6.980200121921673,22,8,8.216045443569854,0.9687656021478318,2.1511382572350852,0.18662274308793278,0
202.80138237647418,17,4,3.250834166670379,1.0377318993405618,0.4856671754656795,-0.7017875766374849,0
243.29484088884112,4,4,3.300238406228207,-0.6448363475484499,-0.6911568698666488,0.28888592894614096,0
94.9831845691578,2,7,17.562993965356043,0.9498402722349897,-0.2893750054618857,-0.11757206203962213,0
37.104287260503554,3,3,9.284026511649158,-0.2171487993537415,0.5594768854349338,-0.24268186762970578,0
28.63443680632374,13,4,12.69832808864448,-0.7306554963942405,0.897430105438885,1.814604722582225,0
53.772332715198054,9,2,5.495199998208848,1.7496936133772965,0.6250137104947227,-0.7716433013223539,0
317.88008825561917,9,8,3.385564132893166,0.16159531873172508,-2.16436799517827,0.0223525121729969,0
268.25411115325534,12,3,23.57495073159926,-0.2826149364130685,-0.21352225849033069,-0.21576442509979982,0
38.49353246634606,22,3,20.718565010567044,0.8924758382252787,0.6480277108639168,0.03140389676382825,0
68.17686366757302,9,9,15.75678534669785,0.5946797671436573,-0.16944599862147847,-0.2331352362668913,0
4.914899362299725,0,1,28.077703880213363,-0.055821612555706605,-0.32308075826512445,0.11721406244555928,0
349.52035828447123,17,7,7.20130035433014,1.444688717762666,-0.11059590936324452,1.8659627409068775,0
213.61103395194613,16,9,5.599688131305492,0.9537520655858005,1.2613854580828725,1.5592611117267683,0
37.903350278747475,1,9,5.830249323127222,0.7008100190929322,1.243951402122621,0.9617140193044851,0
67.03366657239548,12,7,18.65478062011194,-0.7921516233273236,-2.2526171657600007,-0.12105875229055159,0
11.285250376212835,19,9,9.843286605334296,-1.2049577638173723,-0.19798436940665895,0.5770940278389296,0
214.75497952437598,23,4,11.904258244541094,0.9762997032651786,-0.884822741341307,-0.44384535840399475,0
51.39049133172749,15,3,16.97616553148646,-0.37301238048167396,0.35339350539334363,1.6438172505699824,0
294.1263403700337,12,9,10.444550199679314,-1.5524674501436255,-0.3762020745182967,-1.7800537596745878,0
20.31848243553688,6,4,10.469248664643438,0.10031352136342774,0.8863938975951133,-0.35550945546919843,0
137.7182248692053,7,3,2.2556502494359534,-1.8572090102808716,0.0474531160806478,0.7167367532549571,0
72.52346248804128,21,7,7.138067298953019,0.5635093291886106,0.2714839654138948,-2.4243695872953546,0
33.47251230162104,6,4,7.087577976516685,-0.5449862566274507,0.41842668747489553,-0.183677423665557,0
9.896305983732974,18,2,0.28864197991965007,-1.3125350107252374,0.773300922721351,-1.4098155550116007,0
86.73760880472318,17,1,72.77354033761391,1.027653127360028,-0.5307474670488157,-0.5587843731607328,0
18.536195260164007,22,7,21.066824451955807,-0.5038476625577832,0.0946454064304064,0.12751308426249963,0
30.19105204891172,14,1,28.091556906231926,-0.1341509627431582,0.7757478424264387,-0.441965463321697,0
14.715193193852635,17,7,10.046124447659054,1.0889533071434003,1.6254538417722724,0.621078243485364,0
20.522835527925377,10,6,0.023286838220326955,1.1600055013328892,0.16326348561792034,-0.48461115869305943,0
158.51414275799698,20,8,41.47667820947617,0.6449006262081723,1.0678033498221822,0.12234079340256018,0
258.77394838870305,14,4,4.545142141512474,-0.3567710635379099,-1.976890318718707,-0.5288428662747057,0
66.05620637473048,15,3,31.270771625986818,0.49661970491569296,-0.012124547427128325,0.962521880629353,0
17.898949736356013,6,1,16.014437729921383,-2.1712972988683354,-0.5262914700545837,-0.41625529420396434,0
97.70013710547909,20,8,47.55494276180406,1.2188208522739332,-0.2593271451329937,-0.5611409157726026,0
323.0913732812736,16,5,8.81248811135808,-0.3674772022016527,-1.1595373871854193,0.09831448794540641,0
51.838626571065625,18,9,42.13047061828202,-0.9612585424295467,1.0000454154122906,-0.006933677536312592,0
30.13001735802394,7,3,21.89505746513197,-0.7576978897437591,-0.7768422203008932,-1.0908585891002216,0
18.014381845361836,22,8,0.5510015692286331,-1.2468838730389638,1.1279723092917966,-1.0876892602979233,0
240.63596320831917,0,2,80.82415392767197,-0.14160203672353766,1.4340753978705116,0.11389183219701661,0
180.56771680472048,9,7,10.02875631882712,0.4016769289034601,-0.5932783511539199,-0.3879626700462189,0
83.41063411262013,10,9,2.1907049006528636,0.45864713091761583,-1.7459165570503765,0.8320978674523802,0
201.91403809224335,7,2,37.947714402899834,-0.6203704202686086,0.27905544746081284,-0.8605235272783778,0
65.80186567461223,1,7,10.312265966563668,0.603429387683258,0.2021896413332179,-0.3898516872579983,0
25.34053403429614,17,9,5.431467599253593,0.10173335480746218,0.4883798113603926,-1.9000537684647782,0
5.041826204813073,22,2,33.39266686645776,1.6458229332184187,-0.1807683540087459,-0.30417691740811215,0
80.27953524164248,22,8,20.064405502354493,-1.1507874773081435,-0.13688711395629213,0.3068462392868528,0
31.87890676403118,7,5,4.803184859245412,0.24415446142787509,-0.9966871102853352,-1.3113295622637138,0
90.16743219569287,8,4,14.954414111805027,0.4228251387263031,-2.0835268321290727,0.9852247871240526,0
93.69590067746063,10,2,13.445302669392165,0.9160750980968998,-1.791851100444405,-0.5840714241793802,0
34.662913914896855,3,18,224.22053626463057,2.2326681193718776,-2.1081556986009873,-0.09063930387529684,1
80.05997638681009,6,9,20.416479693893127,-0.1563536894319518,-1.3034748656799746,0.6524371939720194,0
61.9649888456739,14,6,7.667166456636365,-0.11718523125540499,-1.31010521658561,-0.6361286756883873,0
169.14222303179858,18,6,8.700299094574357,-0.01697250891448162,1.290660523985618,0.05109432065722488,0
49.879447821685034,11,7,25.267102790118724,0.6988260716115383,0.7876701534354056,-2.6538813863611903,0
32.62610524410475,9,4,6.131239514730641,-0.8187644914454223,0.4559227989870482,-0.1973141342837301,0
6.466383725946026,6,1,0.783735782382141,-0.48762981801427163,0.6136883584474262,0.18857206678463265,0
40.55789940132489,6,4,4.615206015373636,1.1861823494719967,-0.6351928325584729,-1.619420663693596,0
86.76940067293458,23,2,16.523588315703005,-2.1013154489940895,-2.093286303987702,-0.06942196871741711,0
4.138567976278382,12,1,4.824619930775628,1.527066691224689,-0.8862711508822537,0.2054641976698058,0
46.44855452360524,1,6,18.013071579122045,-1.4054227726535937,2.167789086325649,-1.7971296736100821,0
5.123958839092564,22,5,6.886669603394925,0.22861099270515756,1.3427582352803111,-1.792592394758271,0
21.826329604767544,14,6,12.53340784000568,-2.38127812529829,-0.1398350364938078,-0.6550587116149752,0
306.63767681228194,8,7,13.69026648776363,-0.6375916002291822,-0.9196895442206983,-0.6020211168875875,0
17.517540560576876,18,6,19.659181836646653,-0.08572700786977829,-1.0767478641198145,-0.9355107421250098,0
263.247686382632,1,6,51.16058702233998,-0.1911800123163486,-0.7612757575813451,0.9280511273921713,0
67.88979626145507,20,9,40.513935423511455,2.098915479468282,-0.4740545980340651,-0.6236409595530638,0
78.22336552522994,5,9,27.264511078425983,-0.19080560634254315,0.983168091569685,-0.6162908675886373,0
249.73780385127796,11,3,22.160347756293632,-0.9326360186605906,0.6373224977105155,-0.057608431338531205,0
87.1381798397865,2,9,3.405837121536423,0.5677019405685867,0.5847721243364211,2.719718285311593,0
133.68218968557397,22,9,4.633132683000105,1.6683056636583353,-0.5681582339386645,0.750199721250246,0
53.408011243859946,11,3,16.046064584986233,1.0598000328136483,1.5593654324775112,2.6759007295282147,0
110.89090041727992,19,3,36.15863066605299,-2.03184459638136,-0.2373484782054539,0.42611445217655175,0
6.90886910712317,18,3,3.801057075664665,0.07515122620801946,2.9903288340508754,-1.426411957494176,0
18.351472826318464,2,1,16.88420624101946,0.17282950090304672,0.4248560773823195,1.022615021618736,0
56.16792098011664,22,5,63.28047812871067,-1.2453804926851977,-1.6248509602245904,2.2112631562259435,0
3.3265161533833942,9,3,0.1130139001891706,-1.7548567593857756,-0.8769569578307223,0.2752345114041167,0
37.18206594443912,7,5,24.93802876862801,-1.1886150819954584,-0.013719375245264606,1.5790231419068592,0
1.2411698771531978,10,8,8.85328257393507,0.6595048293558887,0.47934279253732354,-0.5718355638041095,0
351.5251113213203,16,6,28.836063233562186,-2.1593665294002897,-0.04145535081200126,2.2950441847534226,0
207.48668459802045,13,4,7.48614743715009,0.3924259647993461,0.7160123205149966,0.9719698325667296,0
55.27527561279488,17,5,20.379346912127204,-0.17722746137125261,-0.8358835590428486,-1.455476722528272,0
34.16430091883633,12,8,18.02496104166761,0.8105701489953504,-0.5137569508891858,1.9304043028738804,0
37.64252970242914,6,4,45.21801087548952,1.1964131893104615,1.1280755783665979,0.34871529316577776,0
13.045975748486306,9,6,2.36659665260882,0.6102171488779777,-1.00811053583389,-0.5464183535230286,0
9.80909254348855,4,9,0.858909996886187,0.98187403575368,0.007691710120581054,1.1643572721932578,0
11.815064865752563,0,8,42.49388770071399,-0.3714339586299144,-2.085032581544015,1.9448889007161272,0
113.0937398253213,20,2,23.522887641459143,0.8069798661103341,1.0737884756291727,1.2842019401099118,0
142.99515631221146,18,2,2.510974400938965,0.01319719863403305,-0.9968356126300728,-1.5591181779764465,0
322.3921039639104,2,20,887.7881413834589,3.3390395154732184,-3.151107377815981,3.1855791442326673,1
21.39293501724445,12,6,11.929018536943094,-0.3179309590996428,0.1457879151877806,-2.2215437638570283,0
126.4721813739335,16,1,56.74914899489575,-0.12572520854900385,1.5530262767892917,0.026005369565687282,0
79.82339677527412,23,7,4.438992931552572,0.25169779786596336,1.015168619331557,-0.42507343056338837,0
131.63460280996793,20,3,86.84854671674543,-0.1239957766522099,1.0736414873768128,-0.06208559301800224,0
5.59987725181866,17,5,23.898566344186733,-1.5636359951548031,-1.2491879025228683,-0.8312983040857612,0
241.9687725945944,21,3,31.156648807823327,-0.02863038246092316,-1.091255861140903,-0.14986906934280758,0
62.26046674392804,1,6,14.907368429340018,0.3626406255014241,0.16353370610282156,-0.5647326948841602,0
22.84155411869446,2,3,1.266200091333228,-1.6290008878591067,0.7909004765368016,-1.2083957379351433,0
0.018165119626677884,1,6,38.26147781803968,0.40136750592223985,0.9301928163744395,0.7472368523849786,0
44.617510628476886,1,4,34.293725141270734,0.1989909121521338,0.683850338252479,0.27479580760747496,0
95.29930758830773,22,3,8.576226906228873,0.02869336013724675,0.8146908272812151,-1.1301395312511517,0
77.91647779135849,3,3,9.352835729616004,0.6093147923247488,-0.5890902582650294,0.11558375817537021,0
290.09526893765417,11,6,12.389508802391113,0.5749651951682917,-1.447901309608269,-0.2861529633383543,0
94.98265207819792,22,8,26.157523722668607,-1.9772134310725922,0.5497500952228328,0.10016248454755024,0
278.73626998145573,12,8,18.5969242742741,-0.07904850473212054,-0.6478662392025014,-0.005613640550853737,0
87.84012941968521,12,4,29.10624340145447,2.5384934590617316,0.2809088264360596,0.5071256272618256,0
0.44168095498478177,9,3,50.98344465272518,0.0984145255615101,-0.6467982071656553,1.7688865497108308,0
49.1669573896558,21,9,1.5954231669074712,1.0297695973542185,-0.6098367206722215,2.3277193202008872,0
66.9644084741242,11,5,5.201375091627839,0.1668841909051182,1.1526731827924694,-1.1170508676991204,0
31.363965302738745,21,1,0.33024980691292083,-0.36432438102060405,0.6850316560029786,-0.7694583640351952,0
13.61342186804343,23,7,11.089336019654013,-0.4034274397658899,-0.068282497855559,0.4001810652142796,0
116.14642080386176,14,3,4.694056248658575,-0.35862666504265517,-0.9661352087785053,-0.1352973195104599,0
103.16195776880684,0,9,20.55192184615364,1.1917115359729493,-0.72470259353035,-1.697408142142011,0
77.47191736485436,14,3,20.85453327567976,-0.6460308328228046,-1.7566462344073102,1.5097382776144372,0
35.52547295013228,3,1,18.863925746912134,0.7234916739393975,-0.5799901019570649,-0.17486811737731575,0
215.92146892376945,9,9,9.42834387442808,1.6162660701891032,0.6174648205071471,-0.13773462569812825,0
7.493091091280556,2,2,4.848382069664458,1.6694406687671797,1.5517724977430878,0.25459947359080143,0
387.8610612288188,13,5,5.603995456782243,0.37533814708887697,-1.7718585405608491,-0.9719762378851002,0
230.67710298563316,10,3,14.310010008185188,0.039499214334403426,0.2733834335705564,2.1415476768812045,0
65.94882564823044,3,9,30.781554836335836,1.5620868520754272,0.052161672512594515,0.5144844374150292,0
98.57962567274487,10,3,1.0818549092208791,0.22225905339815927,-0.6549497038036312,0.5457578527826018,0
114.50599042404596,21,5,48.62379458377489,-1.1696431961339824,0.6526277560328521,-0.6732776261270673,0
130.2375152592445,19,1,8.362184799797102,-0.9615329015292843,2.060791066432528,-0.10023871298572017,0
49.692884791968204,18,9,15.495794543388492,-1.155404670784313,1.2603018858761157,-0.4366114800222194,0
6.484355910982598,21,9,9.478539456618195,1.1892602561779086,0.21613275269806298,-0.01076959974060031,0
26.39704937689992,2,3,9.012026698734092,0.6667394348309131,0.5134440253513622,-0.07294940761833418,0
20.35059789621803,17,5,11.348093407518531,0.5281387916266884,0.20781339088578027,-0.2580586417750955,0
62.00799215729376,17,2,6.364836309111139,-1.372338406803959,0.6610691395782936,-0.23523574320166166,0
833.9548123054724,2,25,366.9657653090632,6.462393803278722,-4.005817681560464,3.385005412553729,1
37.57788379458441,22,3,11.606731374621548,0.2349902001773578,-0.5678310204456329,-0.33329263049858454,0
47.45145968668407,17,7,15.848128806938249,-0.6070080997113586,-2.1556108612584017,0.22891695205247414,0
40.3346144819829,6,5,1.454896659088004,0.2508617593723513,-0.08717456660362717,0.23135539851191653,0
20.57457023015312,3,9,17.239326305726088,1.7987312686273198,0.7600230548759622,0.27304711586403274,0
7.934275144712053,8,3,37.71625189785089,0.6272063427946521,-0.19111632185232713,-0.09458864795286913,0
94.91590557672971,9,1,16.01416874350776,-1.1414418675406839,0.2507778667291226,0.8118841626111446,0
100.69466078824364,8,7,8.704404105748454,-0.7353098131850854,-0.7039938123726025,2.583133115332564,0
13.569989636987703,13,3,2.5657596484428193,-0.3609618267276576,-0.2322700687387603,1.9138952685845403,0
52.78313534947041,1,9,5.2601612240798215,-0.4048560899214812,-0.8960027018755283,-0.148026037908401,0
105.56071173594164,7,8,83.23025450855906,-1.283965983431107,0.31737250970439906,-1.1020957013135373,0
51.13542862085946,5,3,32.386129439892265,0.6147957070118424,-0.31147311729089733,0.4292494745510674,0
18.17444423267091,6,2,8.045068586053766,0.7493042260710482,-0.08564528364546055,-0.5579330519253668,0
86.7241602706421,17,3,27.632926471777974,-0.3598022147317826,-0.9838021000024513,-0.6399395688632753,0
421.75455813893325,1,7,3.042004252795085,-0.6366942068536282,0.5600868526043014,-0.22670396794487044,0
152.08045748332853,15,8,26.06564829137401,0.4940334307362432,-0.24463353168329247,-1.688400582335439,0
56.71043435959752,19,2,14.55584343459255,1.0029985169091375,0.5592503860233546,-1.8962770213980866,0
158.65125149474454,9,2,6.942020856542005,-0.2851346153344387,-0.45197363861273987,1.6188125330497412,0
9.916641645512183,0,4,34.714753770757085,-0.08352836599105272,-1.6442072780347547,-1.5680904087402459,0
86.75631131179485,10,3,10.601207843653365,-0.3696436503451275,0.8537770504947337,0.9681403530226117,0
8.734679770113928,20,4,2.422714979355404,0.8506585278915793,0.16129899073622636,-0.20637693500690923,0
182.66518854493043,22,5,59.033056744780936,1.361302191190988,0.9723932094247382,1.1207090477256125,0
49.026731718596395,4,7,50.60888247490553,1.6985361077277807,-0.9505438117742508,-0.9636724162860003,0
63.27441020846428,4,4,16.538211654437813,-0.3832032348378386,0.8205348289174467,-0.34169135805265394,0
142.7672237609779,18,2,25.341683297200817,1.901123805040806,0.5854204410071139,1.0247526116601051,0
220.95373180103752,20,2,32.796147527546474,0.000755091077845826,1.4071663054830381,-1.5580513904418336,0
298.4222067628676,14,8,14.938358010759787,-0.3090340257045948,1.0057046927019526,-0.14976719110428657,0
75.35082410585589,1,2,3.728555835402175,0.8337584734166956,0.08698715123967682,1.5353753083127406,0
66.07740296281789,12,4,10.294205075566706,1.5286713849534401,0.6797543514529658,-0.35060186386494663,0
33.626081295284635,5,4,10.549637719013313,0.7646303613197197,-0.9801387150125465,-0.36452186677397913,0
33.357510452175994,8,6,2.6182553264172754,-0.7100744989482588,1.4408305988248775,-0.5113142463714898,0
19.660931787966053,17,3,0.3530080685659279,1.1963233278857164,-0.5854944631564881,0.714274828521244,0
140.59157441024655,13,5,77.43345975748602,-0.2845648103676135,-0.6220717244065977,-1.119332900719426,0
145.77520371758857,10,2,7.8606116232956955,0.6107380590145758,-0.8672256084078549,1.1434861588597023,0
11.991140600171581,2,4,4.789004396657024,0.33565504959746034,-0.37853029063237753,0.9821193254403839,0
45.261538137498476,10,8,11.619726664960865,2.1123666480421734,1.2092172185351224,-0.7533461510244603,0
22.732195566491722,15,9,31.89855457975184,0.028339484886882267,-1.8735495229124317,0.8210504002028359,0
113.27769789793388,19,8,54.433788194988395,0.5199379551695549,0.7666180826691519,1.1745082550108545,0
3.9657052632121492,20,7,11.517109705014805,-0.05178975623802191,0.03635705147828729,-0.5364637973823974,0
16.42887869421513,10,3,5.813983332464994,-0.30937288875219576,-0.1309506563756522,0.9847949948230315,0
16.032101961322546,13,8,86.08216241853751,-0.08524145584167903,1.2156286924490805,0.9020871144779922,0
3.277331989033989,2,4,17.739981700141513,0.5902652548027322,1.38511200158328,-0.6388097530058368,0
162.1608501223202,15,7,37.909499963618345,1.4190041962511606,-0.9549434797562487,-0.5848412913552528,0
12.331414536817736,10,1,60.80364911333,-1.8445500712714027,-0.8416077486243104,0.5406627054692663,0
339.5229586092208,15,6,6.958182542125831,-2.286984825531792,-0.1426569521407293,-1.2272390407044889,0
4.258206723697819,10,4,0.41934312624297954,0.31238894145166435,0.41835446348931826,0.5108823451910045,0
204.86411588929062,2,5,33.13458153914328,0.07273948504007854,0.35260638401249195,0.3977621893031108,0
116.03992588097123,3,8,15.858839081364904,-1.6221655692081127,2.5871286193337255,-0.9761131067551954,0
165.04445027960278,0,22,408.26265640649507,2.8405977471213277,0.5830088112680887,1.2323387172556444,1
23.585813677618347,4,4,1.3164530920150481,-0.9177380816455876,-0.033688977945861814,-1.9797332456741166,0
253.20747235174053,0,3,7.619091446575804,-0.4805577103119896,1.4881294691223168,-1.06304904445144,0
105.66189460545084,19,8,0.877703518552285,-1.139030712196612,0.019319377725707687,0.20530743654002992,0
34.24820915400894,16,9,20.04417296786503,0.8095472995755639,-2.0336714393622013,-0.6373705382056801,0
28.01508522429003,23,4,10.576716628841885,1.000988796090134,1.5980732460404525,1.9629612795599765,0
123.44640854489896,6,7,29.11064779203877,0.4352083629870141,1.6223090328925918,-0.9206179339705403,0
157.70759775038667,11,6,8.101502564792233,-1.3732562163628121,0.7210654984291114,0.44454033131596155,0
184.97924110489436,7,6,5.6143714997772785,0.8463721472327861,-0.0956481543071051,-1.5088535448203688,0
58.38623202807022,22,2,8.89993333319461,-1.5349662629420144,1.121839172114631,1.0444006216759216,0
481.5803734131364,1,29,317.30618365825313,3.403265874680292,-0.11263006039222367,-0.1680675055919183,1
2.041296076351286,2,1,23.641787728628657,-0.43996535413558185,0.03457928152928495,-0.22092957737959093,0
32.54655023504803,15,5,8.944030930479181,1.1167918089079953,-0.03570996752438936,-1.480651559226533,0
129.7960487540517,15,2,22.087884551648855,-0.42641228003462306,0.7702992620345553,-0.3523655109267723,0
7.818091237995258,1,9,13.67246129251049,1.3142815790871527,0.22763992339733216,-1.081367411571055,0
71.79904612704598,15,4,21.67766623502181,-0.9623728460817554,-1.7955488116015894,1.6319295666003666,0
52.4897102422822,20,8,9.399821224785134,-0.6154791704055079,0.2495930973585801,0.5567986027252951,0
5.649817611701026,11,5,54.29005542661437,-0.24263756545234957,-0.22957535665699427,-1.265123014377462,0
18.487376507607728,3,7,4.862761527753151,-0.23375342001212782,1.339710303961876,-0.5014508801655875,0
41.06119158815662,8,3,16.04084139780609,0.5499857090987931,0.5142062630085911,0.1596717357053167,0
60.63271525004168,7,4,27.15620941577605,0.11162122584345785,-1.1912208460105278,-1.823054117598208,0
115.63375970679282,11,4,33.618912146681645,0.3025404840546674,-0.4700056048942561,0.9156118748641612,0
26.74660331192174,19,7,16.50409303329992,1.1993745850804078,1.0503704657746404,-0.6236051116288274,0
165.5131251225912,12,5,8.522554615997194,1.714164113902413,0.38199517290346824,-1.270454883105296,0
27.99756875040392,4,3,5.76429265448705,0.6123248741988896,0.5543251963793577,0.4361244524119554,0
31.406420118835385,1,11,54.61489709266032,1.4694517334274657,-0.46593841103085865,0.7494240822069034,1
27.08872851342608,4,1,9.787776167771066,-0.3031305597482499,-0.4791492110423328,-0.29355404211058006,0
130.54990102292172,12,7,5.749804754686991,-0.6945215377981757,0.2906680062219036,-1.670797123856262,0
200.15760249311023,0,9,14.76751686463052,0.2964616412996486,-0.35431389674725483,-0.7417277435486292,0
149.03460886516712,12,3,13.833592145402456,-0.4296939864553369,-0.6138450708709576,0.5588926623816693,0
29.02029835683817,17,1,24.14420442071799,-1.7952375744032916,-1.6991113260498243,-0.24825609482567443,0
25.265273141542224,14,3,31.2182228721036,0.8218481214131507,2.1119503190473883,0.7437096899285512,0
156.44009425156656,14,4,1.9093885564805715,-1.4364477357692695,-0.2160752887859381,0.10025602550988753,0
58.524110877491935,6,8,23.829727934715716,1.0475193932124705,-0.3360002820950699,0.5321712962942319,0
268.22771529663703,7,6,1.5854898933987225,-1.4483559282207301,-0.12725178155073533,-0.8464034661161137,0
43.21963829276285,20,7,8.02291990693643,0.43143241971489876,-0.3262956648259406,0.20495906776101053,0
107.16312723391707,10,6,0.6538210368791314,-1.0071111013464231,-0.623271266450153,-0.6554021719405634,0
22.3760162929937,7,5,6.762771853971837,0.7784619931528632,0.8525072911680339,0.003210196184334222,0
16.65255123554068,16,7,43.819841448811935,1.2416511069935434,-0.8688369685592233,2.7382528630380043,0
317.0121770514377,22,6,6.596138260099962,-1.3662093806010653,-0.8589648884051093,-0.09830012001621964,0
11.729004098262292,11,8,16.775542492740026,-0.3332489823210778,-0.4795076545800121,-0.09196481226004885,0
20.792431296333955,16,1,4.896654296916568,0.30375231014738935,-0.594064369306493,-0.6550793518875188,0
12.660968883620882,21,8,70.08934198929921,0.0888078018636086,0.8005968630394585,1.5676046927814942,0
76.5405207257669,22,2,20.85877704592148,-0.6699061723383579,1.271350257158812,-0.3326948103352061,0
130.54043229652612,21,5,13.625458897995838,0.3556218548604471,-0.4873129116340207,-0.40513177238423,0
182.1422519941638,10,2,70.41143223808207,-1.2201375481098562,-0.8974442870385776,-0.986373064066874,0
43.40877074770545,1,6,17.898323203151556,-0.8171986390126216,0.8747699901289241,0.5829305073415867,0
29.6275818778544,2,12,359.26412667556644,6.238032491995261,-1.9966965657351279,1.8531472461133731,1
123.03993885823343,23,9,31.211197834166732,-0.5908627985300903,-0.8020590013187487,0.43241877964259134,0
324.13215678590564,2,29,120.78528207822501,1.2558624510650487,-1.98874558951118,3.223883428748831,1
10.14858711114632,10,6,35.441098155366504,-0.3425200711339619,-1.6747436323381808,-1.5225975902136495,0
39.98039318446371,20,6,18.492200047114785,-1.341640976542342,0.3060907902152767,-1.2471848628040576,0
85.02360755385143,9,5,17.769770902789773,-1.3815827158233382,-0.82774262070128,-0.6555469472736717,0
29.371502972902288,0,5,4.726674111029003,0.039950481928374755,0.9328122369264712,0.35505657592047163,0
47.83548988625783,0,9,37.28008476377923,0.557519072253115,-0.3653035709041884,0.41568540582184743,0
2.567659738882569,8,9,28.333105222127255,0.39552593591535146,-0.02376018688308722,-0.3438857497474371,0
347.5473119389727,23,28,100.87690908899889,0.29778759157239687,-1.0464446171225426,3.8872746623775436,1
36.68182394114432,15,5,21.984247540936153,-0.7336798843005278,-0.5667788738139158,0.06537507946564834,0
309.6380734944285,0,9,1.727257595297937,-0.02714119699010209,0.3646309539637984,0.7816820600010134,0
58.53735460981448,10,1,13.028085227674783,-0.7405044273200713,0.624016105433433,-0.10114859958313997,0
5.5680885217130225,16,9,29.821124897747158,-1.141402351462523,-0.47087357347236247,-0.007677117988232243,0
39.67927880187006,2,5,10.380975812704019,-2.0246345541297863,-1.0382329179597716,0.7317687115619406,0
34.838949801810124,14,5,5.312304311589717,1.7576034920447288,-1.0022536426165276,-0.35668248718606416,0
66.88850592179206,5,1,0.7140209023175796,0.05829931764939003,0.0005341612428217648,-1.4955927705021093,0
204.5303799286022,22,2,4.519971649279465,1.8472394348709886,-0.5535070778687843,1.2656042189066923,0
33.89137953328116,17,5,6.149489869740272,-0.9713187038461012,-0.5645913928917426,-0.4503482585523456,0
301.0893728281871,7,3,11.034764434426576,1.0296524108395197,-0.2890056580549018,0.4871218771837653,0
2.0598219192090985,8,7,22.027362959161167,-1.393147351548206,-0.6915279952766902,0.8106499209058893,0
28.484374102288164,18,7,10.278352601682613,-0.3288710199507031,0.6195362087859823,0.554121909248907,0
23.00997354369615,15,7,1.5752295574050101,0.9799906627978336,-0.11224964920949873,0.9341426449232189,0
30.491698514457365,5,9,14.07427178914128,0.28298680964560047,-1.8285505732695448,-0.9471265356292116,0
24.731902113242086,21,3,39.91611932746928,-0.03823194693493947,0.6926533766221925,-0.22775290226105924,0
76.79975562994494,22,9,10.724424044337788,1.4458166910392294,0.38261434983886744,0.011102900719175237,0
15.598487924691504,8,1,50.997196648815624,1.277535787825389,-0.3939713183513738,0.6396273271013776,0
121.87112536149321,14,7,15.911434658664616,-0.755703115165228,1.1595605501069055,1.693142802697365,0
227.86532454805433,10,4,0.3482338613192516,1.2588571112906777,0.4383096155919301,1.2760172243393801,0
43.39839595705246,8,5,8.031627498432746,0.6602744346735528,-0.03204181116891707,-1.1824597638760823,0
18.971887511308886,0,6,67.36595592992165,1.3515520508614631,-0.2142463775591721,0.48607743130029085,0
2.0920703975050117,8,8,9.238487238858582,0.3809367255561713,0.42352784606205707,0.7736874990827372,0
196.07608388022666,11,2,2.7168702940846408,-0.06072590543883411,-1.0836980470369917,0.0008237561021145682,0
43.45405973027052,18,6,76.47394509582526,0.39906518729440016,-0.6503868298938237,0.7019576542943752,0
77.11491352177505,5,2,0.6837490021598303,0.3458761369362815,-1.4207855584822322,1.4782209111534883,0
67.84802696519361,19,7,11.703496964960092,-2.0737825384000668,-0.42687388084165506,0.7665622651225212,0
81.94840916288994,12,2,17.114520178756653,-0.24353186709220243,-1.3495096753533995,-0.23571816499334883,0
85.17716072960985,14,2,64.22272660048348,1.2925329656927895,-1.0148376261890482,0.7894023853862724,0
49.63569917351086,4,8,9.048605441421001,-1.5319613136395236,1.8948450455526915,-0.1657218225722711,0
105.9862219962321,0,9,61.410568064402625,-0.34917530188945395,-2.244537834782893,-0.03354018601005927,0
71.22138178315824,3,1,20.41328147318469,1.4752028384037121,1.0466552721109552,0.9226867466943494,0
88.42111641240177,17,2,25.076113222941462,0.6366981369267375,0.011222763673291555,0.13450902121929603,0
16.437363629160565,13,4,25.311385037892578,0.7926494697480059,0.28129377640890785,-1.1827353505960214,0
6.820699637573462,9,9,39.38387596472522,0.11509595403425692,0.9960723391189651,-1.5146346691590156,0
50.23362365289924,6,2,5.900924406722801,0.5390770974662611,0.7218895169854379,0.10576906792525817,0
598.6483039363825,2,22,411.3332243477939,0.9290162760741385,-1.3110044269932621,0.6881772137764233,1
53.01300517348915,11,3,43.15549653139147,0.24498771517251056,0.8133615797272129,-0.30022481428417425,0
12.073646931381132,9,5,39.653443736025395,0.5981536164630673,0.7132333141794197,-0.9119455888551005,0
94.90136086059843,14,6,48.35435479873688,0.2734562657964454,-1.742299067056425,-0.343238367579283,0
18.89005205178328,23,2,41.55087068575338,-1.2561766378888817,-0.036624907057959524,0.17861133409015026,0
34.863810858695935,13,7,6.197458133690632,-0.0743743464843054,-0.8334585902880411,-1.3063629375502728,0
57.45961262402276,16,5,47.352373806760056,-1.3338509184472171,-1.1021454723067114,0.0064441893522961995,0
110.02139429662442,23,22,279.2813223714336,1.3818447539732015,-3.0322897387165133,0.30611245276820886,1
69.81995438800666,23,5,7.390003870865341,2.3820918792357744,-0.9013630370494848,0.40271020153139686,0
123.21221077944742,23,7,57.77421281613803,0.09734038435132224,-1.341895479708069,-0.7763267731016916,0
146.10674528885133,8,1,24.571745791704792,-0.3853068217803346,0.9818667388866518,1.6437233793383912,0
240.31968046887448,11,5,25.11243473100547,1.8808137102758167,0.24905273034068937,-0.17265743528811267,0
75.93395844417854,16,1,3.8568603199289173,-1.161801899886193,0.6205410697207789,-1.5278570044973367,0
11.20631406882761,4,5,3.313613332498999,-0.32869876060627884,1.2158972608743683,-1.0534338269585504,0
0.11799273843080464,17,8,26.845398627406443,0.3513986355672933,-0.19657521421233862,0.6287170278110208,0
105.4612696787041,13,1,36.90419378387962,-2.034113427279829,-1.4720798935095638,-0.6327516402877534,0
75.23936567860746,15,6,10.81546476433626,0.7672016748681318,-0.8684005744184597,2.119924447507279,0
104.13840811611513,7,4,33.091122029465005,2.2271128895015346,0.09024197899169716,-2.3982401948107435,0
21.696767334972957,18,1,5.495703274837794,0.8837420117783648,-0.5019170973830267,-0.15252902147948139,0
81.86892419690822,12,2,4.698790355614759,0.58890947059568,-0.21094664263030768,0.342921448344338,0
67.66253769611356,8,1,73.51681301250444,0.30435676298479125,2.1620931951019133,-0.5834116029436438,0
3.4052895533083483,3,9,15.634932980612653,-0.36640096442191,0.3128046999883243,-0.7853587448524341,0
171.96492704562584,10,7,5.652228530964807,-0.7036343690547946,0.7752540581295645,-1.6556182523034875,0
149.08003934816242,13,2,34.389929329880935,-0.1324491871898536,-0.3229438827446037,0.17118990534930573,0
18.739487912028927,0,5,36.5287081848617,1.4696499219791819,0.5846025053928089,0.30855115640403896,0
85.94132555079008,23,5,24.358375361766576,0.4718467863636074,0.49059785679575,-0.3813835072230362,0
102.82725807915187,8,1,7.196039703639398,0.619044514270962,0.2948378808137682,-0.7317984109574543,0
56.00041477714643,11,5,10.713730086232193,0.495595714897693,-1.1700211217671594,0.6282037480060738,0
35.87863331651958,17,2,4.989699659845271,-0.7374851100948367,-0.2232849648923942,-0.5647764652818433,0
69.39695736705154,19,1,33.161895973672515,-0.4344646897916499,-0.08561913092212121,-1.1278428999403671,0
181.9277879285802,16,5,17.148630488705535,1.1553350469854267,-1.4108508912541708,-0.47425015975833246,0
86.54377763303394,6,6,29.008666200669975,-0.21891535118023187,2.522414144304171,-0.11971095882379258,0
0.12530649984333986,16,4,66.58289016863736,-1.580520846189742,0.999470201598114,0.4540877083637377,0
3.6053008928004044,14,1,1.9940459043401157,-0.3695664118728934,-0.7906312243877452,-1.3992631628716519,0
114.99309726878231,20,4,21.596988066248475,-0.49752678162622843,0.29794047116560884,1.3099869995451503,0
53.582218900813,23,8,9.154986738239717,-1.0822257491068004,0.7757722215290748,0.5044396374726711,0
93.51687799207937,12,1,3.2577105517979073,-0.7125818292946473,1.2831097173120483,-0.6861355878567095,0
12.330637781394021,14,3,13.152059405905094,-0.05167765770199687,0.22972351148421424,-0.7634558464189211,0
14.103537174672919,13,7,18.26760017536397,1.5519916308872417,-0.9967293108524478,-0.17527421289348555,0
32.671036045682726,3,3,7.966833358716515,0.9444875818473635,1.3557424322471545,-0.6255586967033695,0
44.42169290533566,18,6,5.967469225409813,0.7667828489965668,-1.97492237755158,-0.7462879481178378,0
14.497751794015493,6,8,6.602135181775443,-1.0424022693460844,0.540272757161126,1.1114900125540779,0
19.471596959866453,4,5,10.96444365429592,0.10037097272494933,-0.6171670339377235,1.427044300004192,0
145.68928298800867,13,8,19.813278529217445,1.2601125467527872,-1.6051115611141564,0.2099078659173481,0
18.367106252866666,3,7,2.756355598748936,-0.23575030304825115,1.0285119083349092,0.3292944696397996,0
34.31899707475213,23,5,2.3819691402557277,0.5390867458801801,1.1528671143604343,-0.40349442389295337,0
6.8096687755881256,0,4,32.27158717210411,2.1075931367856735,0.4670555654758051,0.041811816093175955,0
84.24850604284012,0,2,4.141334223331792,0.6881548579784978,1.795775776609906,1.6584753181874854,0
13.413180221654384,6,8,29.067736619207967,-0.9609660383210771,0.2133181236711791,0.7888125890608801,0
17.692502679037194,0,28,432.2232454506786,3.2382011369954142,-1.2381823327167942,-1.9869448906798626,1
164.09260829602482,20,5,21.15812417978137,1.4409789709239444,1.1088441105151678,-0.3770062739297902,0
260.5518156677545,17,9,16.823001128928006,-0.1229024543814012,0.6956723272871127,0.1305004416877896,0
40.774890633162784,15,2,11.316300681736209,1.9696848423874471,0.05920684075976358,-1.5562005229150833,0
93.9230873713179,20,5,11.561043664860122,-1.0382979918702353,0.3163965010759788,-0.3421639802639463,0
145.72658468878922,23,8,7.292159874825027,-0.5145985429315793,-0.26764483437065756,1.421293127047413,0
11.39108047397291,2,4,13.701034132205914,1.4881630943468922,-1.1547648498399654,0.3925039095204748,0
101.94704324782603,16,1,51.65358775359526,-1.1052216056368365,-2.3474739524394406,0.3447642745766886,0
149.93185023848605,20,5,6.501836410246051,0.7841441732480867,-0.6611891326560946,0.4520381710539758,0
27.168048368960605,18,9,10.840614904940562,-0.6052101814642414,0.6908394509286927,0.3930994217390383,0
19.8883276002936,11,1,12.379199601947,-0.8949377622103658,-0.2535817137015804,1.989083703564488,0
117.01859270681067,0,23,66.03746752671485,1.0945068080621385,-3.6127373534248317,1.459547721859968,1
4.576905643856547,16,8,3.438115452439971,0.4675485724730876,1.2649708940342936,-0.9445918831333852,0
83.87360399088769,22,4,16.255355409754273,-1.5925993936440688,-0.4863125380955763,-0.8250709181350288,0
4.699762145986997,11,4,18.004258117467224,2.4611470037764063,1.662518064316624,-0.6906584945615986,0
21.663562300543994,9,4,9.611616834729414,-1.986480866976763,1.4387374024804738,1.3338918829804765,0
21.280677272009022,10,1,0.025151716469675834,0.23571781191251473,-0.10692903510570556,-0.4849955008061935,0
41.18752954241196,5,3,52.29566594595901,0.2682366952504248,-0.27753337617499496,-0.4937140530495051,0
82.1374621284864,7,4,14.156517966462491,-0.04419573495543687,0.9846581430735551,-0.31724545232818596,0
21.193149344523533,1,8,0.7389492604592384,0.6206150157275261,-0.055808203435770164,-1.6809413014657812,0
91.53130808162813,23,7,13.05070564545247,0.36668887565497527,-0.20651587377426625,-0.4266092971841069,0
65.61459392304884,17,5,0.012793308056669816,0.5910478649010007,-0.18409543708741957,0.9915573028820545,0
27.1078794187695,0,8,42.89900162071646,-0.9189390961638423,-1.0693321848474227,1.0012032897533438,0
35.762303351647496,6,7,17.878605314952637,1.1243535401516433,0.6479772502357861,0.16632883114523225,0
100.1653978297621,3,2,0.022585198020037618,0.007038140077805655,0.14044152734360515,-1.4226850449609063,0
16.3977900867191,16,2,6.239815851785197,-0.3744506329652646,0.5893165148959065,0.4156392498189951,0
65.50758764461658,11,1,59.875721141065014,-0.5608402182935573,-0.6976166871551978,-0.322130651610724,0
20.424102011270584,10,6,36.20552425159331,-0.3786977576542616,-2.040341434338791,0.9023917398610459,0
61.97657105106083,4,4,7.41488527567371,0.4061527126544425,0.5722954753701536,0.2735017723065574,0
54.967401033663165,2,1,11.802847096744493,-0.7795302802124575,-0.7796162312419074,-0.2570639026261328,0
185.7774187377505,23,10,34.89485881973949,-0.22548073810235758,-4.137256061293083,2.0493925501354235,1
219.3095933505407,23,24,500.2524323583278,4.168705116550725,-4.206129302457158,5.399342429629578,1
163.63044266309777,0,3,1.398327110182027,0.8613490221249572,-0.08269551889062636,0.9775525704746321,0
49.903893597329514,23,9,38.84322288367927,0.6760116307671696,-1.1956119999140098,-0.21859930749642167,0
28.224969177468754,1,5,27.773733408811214,-0.4385517831533628,1.2490966498740104,0.047606256240413335,0
6.6200549878237975,20,1,6.267217544077183,0.08198821866333222,-0.8915885335239647,0.05006045244439916,0
52.94383076474936,5,6,8.99606717503242,0.8900289869564233,-1.4022652329113103,1.1678403530272468,0
266.11335617349727,12,8,49.62588925015126,0.09895859416381907,0.24377097228960842,0.39105996752121525,0
5.291726647383927,9,5,13.655101064033337,0.015998770129692495,1.63682960114411,-1.3651416855098641,0
19.63802469042744,17,1,53.53006564736479,-0.4023828466777919,-1.2158104482506813,-0.6181353707468401,0
28.909176475288785,20,3,12.28085541356699,-0.11576283572598063,-3.382214362791926,-1.4596802799194522,0
79.00263261024924,6,7,7.768954842659359,-0.8664557968771736,-0.21077580124689055,0.501317120140041,0
31.8977457620764,13,8,9.57182139989883,-1.0407420243948495,0.7113996495187503,-0.1677534675450452,0
62.27985016158531,17,9,18.451777348816346,-0.07586581998480449,0.058982721557375516,-2.06911446999538,0
15.246801869332604,5,4,70.24110260517008,1.3465444632771044,0.5255087207345113,1.3576694810261836,0
53.53164992889344,7,3,9.784817123034042,0.8316584236651956,0.8161578938597728,0.6452937448101407,0
164.99695103187588,12,9,9.639700974623391,-0.6532276005817509,1.9178264913026555,1.7824067512975943,0
1.1721181012535027,19,9,70.81276422334436,-0.6653027224294583,0.2565387089057657,0.4991469945315488,0
99.50662253477455,0,6,30.741350405741834,0.11655528628372504,-0.14020651869153955,-1.4243000854697987,0
46.494517743006426,17,4,15.666615902368848,1.0801210038058053,-0.18192726352968525,1.5499568535296324,0
31.394335275455028,20,8,0.3591657159086656,-0.5446119515833184,0.4693898328861845,-2.3085778893287237,0
8.559752114875947,7,8,3.8276223792544366,0.252142595731107,1.2641151255657403,-0.9156611681804827,0
121.20758274611634,16,4,19.51939455475825,-0.5582032032695964,1.2438037035031742,0.10627146054430035,0
37.38417499801108,9,9,37.968069523538176,-0.300612136575309,0.8672701456500196,0.11694295334288463,0
127.26641301774367,2,6,19.312782260209207,-0.7346094688148814,-0.4900330155063487,-1.7037106873894208,0
29.6303441243488,1,7,31.291265872203226,0.06590781921052703,0.08462032291165647,-1.4946596589373575,0
30.747241721562748,21,9,6.457734902284608,0.9284336905510534,-0.20894577288771948,-0.023722055350202297,0
60.669855762665065,2,2,80.26863163941567,-0.2212630917677055,-0.07875954483900961,0.756343998481743,0
60.56157100106581,12,3,2.944004692801277,1.2738860268209375,-0.7160889188851425,-0.2946577019602317,0
70.66880832532838,23,2,21.02818073454715,1.338625770532687,1.0382834953855895,0.13025478314455968,0
49.24525772458778,10,8,29.198653681675523,-1.177417467431318,1.2271543248707077,-0.15126481168443726,0
51.36740708925239,4,1,21.706772569479426,0.12558478076483373,1.255365868994324,-0.5100471277399287,0
44.14996031382569,18,6,46.942099210017794,0.8326164167814746,0.2974803436271655,-1.056974122767847,0
13.425431208983877,15,6,109.75992047854602,-0.3095734261672591,0.863775260991741,-0.2913585385004972,0
69.48916188980581,18,7,39.6706366899802,-0.4384916879174412,0.8055593944086293,-0.2766278434167211,0
41.57926780930736,15,1,8.539920758588869,-0.6500907021134565,0.43066079660084683,0.39773150391154777,0
23.94924659962554,2,2,30.909750740280106,-0.47231737602350155,0.6596748476916655,-1.3444605931950409,0
284.9696384521264,0,18,134.83468120594242,3.4439991892586224,-1.748903217341698,3.1598993221454013,1
82.18485548541639,19,4,9.742852442041105,-0.48632619933076493,1.7618738370749654,-0.6561836309267947,0
45.47394854600551,17,8,43.44005793279852,1.4632864308439144,-0.5548596896602429,-1.1283671800105513,0
80.43249797739213,12,7,7.347485130201468,0.49009500254394595,-0.8598879527362696,1.3714287917785561,0
138.24925289155854,8,3,29.23956316905738,-1.6433578208313862,1.0965723328808468,0.7423400129554855,0
88.5039075573589,11,4,22.081670209270776,0.9761876378871974,-0.06383664662928157,-1.5753140318512655,0
63.97519257519363,4,2,4.386546179899854,-0.2161590237797252,1.4444440501871374,-0.5603462148226406,0
42.5663483322084,20,7,27.72512180838074,1.190016569595271,0.005225181154422229,2.3738025039426955,0
88.26091800568551,1,4,3.4888692280435416,1.0963049120912878,0.659626568163297,-0.7898195303110573,0
58.55640972678604,8,9,2.077704885188107,-0.03176842560327862,1.1035976353933776,0.4527765668765553,0
318.3260943073346,23,9,12.142680456409913,0.6866526570439871,-0.5873476202728749,-1.3405224891715453,0
130.1604024925373,19,8,26.106365262317695,0.8360003915561117,0.3466129835717763,1.1896832278916043,0
26.384227210739937,7,1,28.268524333554485,-0.5361510758651203,-0.5526389789676691,-0.7391390789159228,0
173.85220764049325,0,8,24.58833080662242,0.8313713376953483,-1.603449275893863,-1.175869764117079,0
131.35838306945058,14,5,19.666520104473076,1.1773511017291651,-0.9611157780690142,-0.3043915960228757,0
25.98987359161041,0,8,41.09519405984443,-0.5425853073235959,0.9866337700762552,-0.22390313855089997,0
26.486677347170357,4,4,0.36978439298710175,0.9741756689918069,0.1980267728553988,-1.8966714097705868,0
562.8183215971889,0,27,386.7332529627061,2.9324206088396796,2.1857138481709244,4.899938770718052,1
4.212493518030001,6,1,47.84879297789849,-1.1627216669056828,-0.8612810888073529,1.166183926584999,0
97.37275415482073,3,15,167.90856486568504,2.2325409094301403,-0.7929807276871972,-0.7221426806917739,1
38.803098196425424,8,7,0.6987073274119056,-1.8788743834942407,0.997444159673896,0.8103222842034951,0
2.1975886307552077,22,2,11.858492267065978,-1.978016471043429,-0.35676464619065984,-0.9681354736199527,0
97.29924893605506,5,4,16.572437197062783,0.41007379831563745,-1.0529074124690432,-1.526587324142757,0
15.932226031028002,5,3,6.709955690346275,-1.2026771589350778,1.6436313553467472,-0.34601879087502047,0
8.86828406476369,3,4,13.148703677268658,-0.39647381341454435,1.4808835912960665,0.079513717370764,0
15.15000211704466,6,1,2.5845702794701286,-0.4028050545302251,0.509663968579376,1.52900101316403,0
1.6274703523621143,21,6,38.55056853238238,-1.2905627733999347,-1.456782703749107,-1.9832552151797183,0
80.05890303451247,13,9,36.258627746429624,0.33829902570981984,-0.21478815266405837,1.2725931142158258,0
680.0518129993789,0,19,372.99714503242217,2.275272088205303,-4.672841854008169,1.5307301065910353,1
7.6840587685322586,7,5,10.575591659661487,0.4160798614452137,-0.04435454409257157,-0.3577621213141469,0
129.8194061799035,2,7,51.771307069235604,0.5992814474733466,2.2492244722009183,-0.3453102840919359,0
13.137679297997343,21,5,12.902284035427465,1.926658443012136,-1.3898148498568734,0.5836424050874451,0
80.04029981854171,6,5,46.027620477755995,-0.13846429063113597,-0.11112525305893863,1.4191331442715687,0
10.454070971127141,18,4,15.850192826780008,-0.20811227647538125,1.1763588881620157,-0.38970806008485775,0
58.56464438412749,19,1,11.991108516277983,-0.33406592304495847,1.6009036925001596,1.052662734280497,0
41.90585890325358,16,8,38.33734867851026,-0.01428106081285749,0.6096272729395391,0.7114294515289639,0
108.04454770488833,0,9,20.162668170094374,0.7320360283332826,0.5223241342339628,-0.8580541932846821,0
13.58780511767658,14,4,72.87067762932813,1.2966500954550495,0.14170631463072925,-0.8953364721285365,0
28.231597179617026,14,6,29.471794490965266,0.9508858770725709,0.0537161743392335,-0.75992924174966,0
25.297087282605276,22,1,9.803470203830212,-0.3325020095185175,0.2456451702067416,0.6157942009896958,0
39.95181477733339,15,2,3.90600636852923,-0.65899576099334,0.42932341745426345,0.7827033690192442,0
11.735329009226184,13,5,17.1196316387999,-1.7512466238157283,-4.478522288805477,1.4648179225453974,0
216.38044835234524,2,9,0.8223002940601765,-0.5001672442797757,0.4801822967083555,1.0434398376963747,0
97.78746244831873,16,5,6.997625736511617,-0.021371760265953832,0.7454022696032162,0.9330339293907385,0
269.6504273968938,14,7,7.24526421290426,-1.6533649023951265,-0.1531944814939467,-0.10783072971011973,0
82.0671295230421,8,7,10.392510611475629,1.3885468410997577,0.21562392072086545,-0.3862113602614486,0
12.993743193633293,5,7,4.136412460699301,-0.7815126834635994,-0.6154142476097608,-1.219247922721422,0
59.14812395110089,0,5,15.37687469096495,0.23634670297566238,-1.3732883224676549,-1.0984184760624418,0
127.88523811582203,21,9,21.87439125406122,1.1753124300906506,0.28043211006144775,-0.7290446827072657,0
79.87824001804347,14,8,0.544298474406405,0.2844453383312143,0.739862658374476,0.5462978395766366,0
22.67649384731964,18,4,35.46649256605578,-1.6314969558471268,-0.12520685332694992,0.19476408000377884,0
31.049709483724456,15,9,15.762489219721678,-1.1870644006210531,-1.2084208326121881,-1.0698125446282272,0
65.90107880934356,2,2,84.61163247237549,0.6953888675191684,-0.14427040764898694,0.6337551467484629,0
246.20499302304185,22,3,23.04474829317965,-1.4533444648100107,-0.4156871583781639,-0.7898686555310777,0
57.47763375472283,6,2,38.19498665651643,1.1746971322803266,-0.9826430454000722,1.157037430572129,0
53.242637937852734,15,7,24.921096808612173,0.7248240013318908,-0.9840270467258534,0.04671696206240706,0
14.80378752524647,23,9,5.400425349204141,-0.4293690780884229,-0.3579478169357602,-1.1467165934839445,0
39.47578637532975,16,6,43.548984299800644,1.202798452892992,0.6763130463163348,2.3303153723658663,0
133.22928333294664,5,7,44.93973810929393,-1.018747800614178,-0.41324530346938976,0.6341484237709442,0
72.03190511036479,18,3,51.30130028524219,-2.326498368576001,0.1586398998733166,0.8069614785221204,0
111.67457482525235,3,2,46.75257970493543,1.0867426225094818,0.3576356031257744,-1.2292350188387022,0
25.576807565699553,15,4,25.220148500012268,-0.0423974082996932,1.2148846241258517,-0.6948380961074188,0
17.240132800654195,9,5,2.797231133448145,1.055501912232549,-1.3808682116916553,0.8799039317010598,0
129.97464159723387,18,8,23.84366543152933,1.744031505653213,0.732365306804307,-0.6142230939204154,0
52.30470790240101,14,7,46.057616841413385,-0.2647996823328623,-0.9278065628530685,-1.481486309696075,0
122.521069991519,4,7,11.3823706458099,-0.2486248745654407,-0.025808888618631173,0.25495694029768345,0
16.778293997066843,16,6,0.48662633897143914,-0.3210783254151562,0.616071119126433,-0.9129421021514724,0
143.0997019354334,17,9,8.808322063234424,-1.3167905589182725,-0.3847567197594384,-0.6718271297493682,0
228.7903329881635,1,2,54.28464488060762,1.1550716739105562,0.7621196977088863,-0.8971698546436441,0
22.15016363503225,7,7,19.64628388502827,0.0118726847109879,0.9518087853436357,-0.9503156931028082,0
86.62792141028027,20,8,62.988952283030564,0.8664630202173134,-0.07001443880691198,-0.4748551312230755,0
24.333544160447033,23,1,8.180252130241412,-0.20946711485718833,0.13378376530760255,-1.3398860320030481,0
12.716161253426012,19,9,20.840169549700033,-1.110337928636503,-0.170899940208941,1.1787012816766396,0
98.43495204819634,23,7,20.357819858433945,-0.6979340707639271,1.1155728648186096,-1.3559102302500399,0
6.398129979165766,5,9,55.89170611858214,0.2454865578188467,0.7191562134664506,-0.25439498851776154,0
43.24518192267118,23,3,6.554397776889655,0.15839100767051378,-2.0192665890031045,-0.6651067691301011,0
60.01146002795123,15,9,7.211633511152595,1.5764529088341543,-0.6762578567086229,-1.2556346288630187,0
59.13699527470985,11,8,8.164873170696186,0.4240313681330403,-0.9273959009205326,0.20822375590912465,0
3.5245200041937825,14,1,13.526266187952334,1.0696084937016175,3.326780537643981,-2.195510576011717,0
41.749649981899694,4,9,7.730530785699493,-0.25348895535359495,-0.7338024048432279,1.5502877824181112,0
169.08009791494317,11,5,42.26930161176004,-1.5020314097298904,-0.1561228144469625,-0.8573454679420445,0
66.51749043917336,5,1,13.757276168733377,-1.191372370372549,-0.5328197030414654,1.0100733049353605,0
8.65223981322197,4,4,0.5802327094962376,1.0920637927503045,0.49285762471584593,-0.9160749597536756,0
27.219757191888934,12,5,26.721530304604745,2.0457206451589927,0.6305561335028799,-0.712785971426358,0
14.60430606438531,22,2,5.106541372121175,0.8398514591261005,-0.042604201619999,1.821589738555941,0
137.74463708328025,16,4,31.239900286769206,-1.3916956136314147,0.05176758962500029,-0.03976403306893961,0
158.44852346691607,19,3,0.8437114320786083,-0.08708100516831502,1.651895460480749,-0.8484909348351146,0
43.2218656734937,16,2,10.09091250208552,1.0432235616043375,-1.0531621329053038,0.2601693287622867,0
28.86965936474794,0,1,43.234360542259076,0.006995946522723209,1.2659979063757936,0.24594675759758122,0
24.113989673165218,15,3,2.1074854340834035,0.4952862938893609,-0.8195806064139468,-0.7144815890513468,0
317.56330498594497,6,9,15.121999463084133,-0.9582872030111943,-0.9593708745449997,-0.5763294238067298,0
21.6318110275721,9,3,6.615970369142382,-0.7813359785056306,-0.2696785442185508,0.35962779420008556,0
26.917532593644697,5,5,1.2757107231590372,-1.3716170890432091,-1.0785708580318725,1.1632328662635059,0
40.73752887757698,14,4,7.234924423032591,0.2478033480143214,0.8770463644871782,0.4508040519163367,0
33.72239919356603,10,4,39.33947044670718,0.6416899726358426,-1.9726579590127606,1.4115965643032078,0
119.52020748786978,9,6,5.711169384464738,0.8268120403069148,0.9926885081259664,-0.4790734441871695,0
